date,close,open,high,low,volume,s
2012-09-09,175,514.0,175.0,163,50,ok
2012-09-10,192,175.0,192.0,178,254,ok
2012-09-11,211,192.0,211.0,195,376,ok
2012-09-12,232,211.0,232.0,215,1131,ok
2012-09-13,255,232.0,255.0,236,27430,ok
2012-09-16,260,255.0,260.0,243,9406,ok
2012-09-17,270,260.0,270.0,253,6296,ok
2012-09-18,275,270.0,277.0,260,8686,ok
2012-09-19,270,275.0,271.0,261,4336,ok
2012-09-20,260,270.0,267.0,260,11416,ok
2012-09-23,247,260.0,255.0,245,5384,ok
2012-09-24,248,247.0,250.0,245,9768,ok
2012-09-25,248,248.0,249.0,244,4830,ok
2012-09-26,247,248.0,249.0,244,7227,ok
2012-09-27,245,247.0,249.0,240,4600,ok
2012-09-30,244,245.0,247.0,238,7236,ok
2012-10-01,243,244.0,245.0,240,5064,ok
2012-10-02,248,243.0,248.0,242,2854,ok
2012-10-03,248,248.0,251.0,244,3424,ok
2012-10-04,250,248.0,250.0,244,3162,ok
2012-10-07,252,250.0,255.0,248,6485,ok
2012-10-08,252,252.0,253.0,245,7223,ok
2012-10-09,256,252.0,256.0,250,3945,ok
2012-10-10,253,256.0,256.0,251,1964,ok
2012-10-11,251,253.0,252.0,250,3846,ok
2012-10-14,254,251.0,254.0,251,1029,ok
2012-10-15,252,254.0,254.0,249,1589,ok
2012-10-17,260,252.0,260.0,247,2975,ok
2012-10-18,266,260.0,266.0,260,3263,ok
2012-10-30,270,266.0,275.0,263,2478,ok
2012-10-31,278,270.0,285.0,275,4291,ok
2012-11-01,287,278.0,287.0,269,2017,ok
2012-11-04,296,287.0,301.0,275,16234,ok
2012-11-05,297,296.0,307.0,283,12136,ok
2012-11-06,304,297.0,304.0,288,4876,ok
2012-11-07,310,304.0,310.0,300,8988,ok
2012-11-08,308,310.0,330.0,306,9282,ok
2012-11-11,293,308.0,324.0,289,9640,ok
2012-11-12,313,293.0,315.0,293,3044,ok
2012-11-18,318,313.0,326.0,310,2200,ok
2012-11-20,333,318.0,335.0,316,7312,ok
2012-11-21,343,333.0,344.0,321,10747,ok
2012-11-22,342,343.0,344.0,330,9816,ok
2012-11-25,352,342.0,370.0,343,13675,ok
2012-11-26,359,352.0,359.0,334,130815,ok
2012-11-27,366,359.0,369.0,345,15772,ok
2012-11-28,380,366.0,385.0,368,17520,ok
2012-11-29,380,380.0,395.0,373,12950,ok
2012-12-02,370,380.0,380.0,366,9600,ok
2012-12-03,364,370.0,370.0,355,5403,ok
2012-12-04,380,364.0,382.0,368,11242,ok
2012-12-05,400,380.0,400.0,379,14715,ok
2012-12-06,404,400.0,404.0,385,29266,ok
2012-12-09,387,404.0,398.0,383,12055,ok
2012-12-10,389,387.0,393.0,384,9827,ok
2012-12-11,390,389.0,392.0,388,12681,ok
2012-12-13,395,390.0,397.0,393,8951,ok
2012-12-16,429,395.0,430.0,396,27653,ok
2012-12-17,438,429.0,447.0,430,36008,ok
2012-12-18,436,438.0,436.0,415,13364,ok
2012-12-19,438,436.0,440.0,431,6949,ok
2012-12-20,425,438.0,438.0,425,8162,ok
2012-12-23,424,425.0,433.0,420,13684,ok
2012-12-24,439,424.0,443.0,424,15165,ok
2012-12-26,449,439.0,450.0,420,55877,ok
2012-12-27,433,449.0,445.0,430,38430,ok
2012-12-31,426,433.0,426.0,411,5621,ok
2013-01-01,411,426.0,418.0,410,1508,ok
2013-01-02,411,411.0,418.0,396,6761,ok
2013-01-03,415,411.0,420.0,412,8071,ok
2013-01-06,410,415.0,414.0,405,6373,ok
2013-01-07,404,410.0,407.0,402,4396,ok
2013-01-08,402,404.0,407.0,397,2702,ok
2013-01-09,399,402.0,401.0,397,2169,ok
2013-01-10,410,399.0,410.0,395,5251,ok
2013-01-13,400,410.0,404.0,394,7622,ok
2013-01-15,426,400.0,427.0,397,7416,ok
2013-01-16,413,426.0,425.0,410,3443,ok
2013-01-17,406,413.0,419.0,400,6009,ok
2013-01-20,396,406.0,400.0,382,8069,ok
2013-01-21,402,396.0,411.0,392,6102,ok
2013-01-22,407,402.0,414.0,401,17050,ok
2013-01-23,406,407.0,413.0,400,19911,ok
2013-01-24,400,406.0,405.0,400,8814,ok
2013-01-27,408,400.0,420.0,404,15069,ok
2013-01-28,410,408.0,410.0,402,8533,ok
2013-01-30,405,410.0,407.0,400,10470,ok
2013-01-31,405,405.0,405.0,400,4602,ok
2013-02-03,414,405.0,418.0,408,7579,ok
2013-02-04,424,414.0,424.0,409,6088,ok
2013-02-05,416,424.0,421.0,413,2858,ok
2013-02-06,417,416.0,417.0,410,2049,ok
2013-02-07,416,417.0,416.0,410,5440,ok
2013-02-10,415,416.0,415.0,409,8687,ok
2013-02-12,438,415.0,438.0,415,19909,ok
2013-02-13,438,438.0,438.0,418,9073,ok
2013-02-14,441,438.0,448.0,430,18055,ok
2013-02-17,484,441.0,485.0,449,1848,ok
2013-02-19,470,484.0,532.0,469,28140,ok
2013-02-20,465,470.0,468.0,444,18130,ok
2013-02-21,468,465.0,485.0,450,13474,ok
2013-02-24,460,468.0,467.0,457,12103,ok
2013-02-25,484,460.0,485.0,466,21953,ok
2013-02-26,486,484.0,493.0,480,16756,ok
2013-02-27,484,486.0,490.0,475,27729,ok
2013-02-28,488,484.0,490.0,479,22055,ok
2013-03-03,499,488.0,500.0,488,16091,ok
2013-03-04,482,499.0,501.0,482,27727,ok
2013-03-05,491,482.0,500.0,490,12422,ok
2013-03-06,499,491.0,501.0,484,12909,ok
2013-03-07,495,499.0,500.0,475,7774,ok
2013-03-11,500,495.0,508.0,496,8775,ok
2013-03-13,517,500.0,517.0,503,11206,ok
2013-03-14,530,517.0,557.0,515,19147,ok
2013-03-17,524,530.0,536.0,512,16582,ok
2013-03-18,526,524.0,534.0,511,16018,ok
2013-03-19,521,526.0,533.0,511,13086,ok
2013-03-20,514,521.0,526.0,510,16270,ok
2013-03-21,506,514.0,514.0,500,13949,ok
2013-03-24,500,506.0,505.0,497,8985,ok
2013-03-25,504,500.0,508.0,492,10422,ok
2013-03-27,499,504.0,501.0,497,5051,ok
2013-03-28,498,499.0,500.0,491,6050,ok
2013-03-31,482,498.0,492.0,480,12315,ok
2013-04-01,502,482.0,502.0,473,16704,ok
2013-04-02,507,502.0,510.0,490,8638,ok
2013-04-03,500,507.0,506.0,497,5659,ok
2013-04-04,497,500.0,501.0,483,4475,ok
2013-04-07,499,497.0,501.0,493,4584,ok
2013-04-08,502,499.0,503.0,496,9152,ok
2013-04-09,516,502.0,516.0,495,9482,ok
2013-04-11,513,516.0,525.0,510,10235,ok
2013-04-15,515,513.0,526.0,515,10538,ok
2013-04-16,520,515.0,520.0,507,4194,ok
2013-04-17,517,520.0,519.0,510,9228,ok
2013-04-18,508,517.0,513.0,506,8169,ok
2013-04-21,495,508.0,518.0,490,15641,ok
2013-04-22,493,495.0,493.0,475,10553,ok
2013-04-23,496,493.0,505.0,493,9788,ok
2013-04-25,488,496.0,504.0,486,2497,ok
2013-04-28,480,488.0,493.0,479,9870,ok
2013-04-29,486,480.0,490.0,479,5471,ok
2013-04-30,481,486.0,483.0,479,6953,ok
2013-05-02,485,481.0,489.0,467,3369,ok
2013-05-05,465,485.0,478.0,436,5675,ok
2013-05-06,435,465.0,456.0,419,9322,ok
2013-05-07,455,435.0,462.0,431,17062,ok
2013-05-08,444,455.0,464.0,443,4781,ok
2013-05-09,446,444.0,452.0,440,2146,ok
2013-05-12,448,446.0,448.0,435,1421,ok
2013-05-13,447,448.0,447.0,425,9340,ok
2013-05-14,432,447.0,442.0,426,36011,ok
2013-08-05,475,432.0,475.0,440,288,ok
2013-08-06,505,475.0,514.0,475,51758,ok
2013-08-07,489,505.0,508.0,486,21531,ok
2013-08-08,475,489.0,490.0,471,9980,ok
2013-08-11,459,475.0,475.0,451,7270,ok
2013-08-12,451,459.0,464.0,450,8484,ok
2013-08-13,449,451.0,455.0,447,7911,ok
2013-08-14,444,449.0,449.0,441,7899,ok
2013-08-15,430,444.0,451.0,425,7007,ok
2013-08-18,441,430.0,447.0,422,23584,ok
2013-08-19,443,441.0,451.0,432,11651,ok
2013-08-20,448,443.0,448.0,437,15091,ok
2013-08-25,435,448.0,445.0,432,3871,ok
2013-08-26,428,435.0,435.0,427,4468,ok
2013-08-27,425,428.0,445.0,421,37090,ok
2013-08-29,429,425.0,435.0,422,5418,ok
2013-09-01,433,429.0,435.0,428,3549,ok
2013-09-02,430,433.0,433.0,423,6230,ok
2013-09-03,431,430.0,434.0,428,5877,ok
2013-09-04,430,431.0,430.0,424,6439,ok
2013-09-05,422,430.0,427.0,421,6760,ok
2013-09-08,423,422.0,427.0,423,4047,ok
2013-09-09,430,423.0,435.0,425,5365,ok
2013-09-10,420,430.0,425.0,420,6261,ok
2013-09-11,420,420.0,429.0,415,6957,ok
2013-09-12,421,420.0,427.0,419,7907,ok
2013-09-15,409,421.0,423.0,405,4223,ok
2013-09-16,407,409.0,410.0,401,5013,ok
2013-09-17,398,407.0,407.0,398,8215,ok
2013-09-19,420,398.0,425.0,396,5539,ok
2013-09-22,404,420.0,412.0,400,6710,ok
2013-09-23,406,404.0,411.0,399,6332,ok
2013-09-24,402,406.0,410.0,400,4881,ok
2013-09-25,401,402.0,407.0,395,5858,ok
2013-09-26,400,401.0,405.0,400,4898,ok
2013-09-29,400,400.0,401.0,395,2314,ok
2013-09-30,397,400.0,400.0,391,4273,ok
2013-10-01,400,397.0,401.0,393,2062,ok
2013-10-02,398,400.0,400.0,392,2553,ok
2013-10-03,399,398.0,399.0,393,2521,ok
2013-10-06,400,399.0,401.0,395,1414,ok
2013-10-07,421,400.0,421.0,392,891,ok
2013-10-08,415,421.0,429.0,413,1250,ok
2013-10-09,427,415.0,427.0,411,1960,ok
2013-10-10,428,427.0,435.0,417,8225,ok
2013-10-17,431,428.0,439.0,423,8357,ok
2013-10-20,446,431.0,449.0,438,9550,ok
2013-10-21,455,446.0,458.0,442,13555,ok
2013-10-22,460,455.0,460.0,452,20608,ok
2013-10-23,461,460.0,463.0,450,9894,ok
2013-10-24,450,461.0,456.0,445,50950,ok
2013-10-27,450,450.0,458.0,446,5304,ok
2013-10-28,447,450.0,451.0,441,11688,ok
2013-10-29,448,447.0,451.0,446,3152,ok
2013-10-30,451,448.0,460.0,441,11836,ok
2013-10-31,457,451.0,473.0,450,28479,ok
2013-11-06,440,457.0,455.0,440,6436,ok
2013-11-07,444,440.0,456.0,435,39373,ok
2013-11-10,430,444.0,451.0,426,40465,ok
2014-04-30,472,430.0,472.0,438,60,ok
2014-05-04,519,472.0,519.0,481,1764,ok
2014-05-05,570,519.0,570.0,529,218,ok
2014-05-06,627,570.0,627.0,581,50,ok
2014-05-07,663,627.0,689.0,639,197509,ok
2014-05-08,645,663.0,665.0,627,104940,ok
2014-05-11,625,645.0,638.0,620,41683,ok
2014-05-12,619,625.0,629.0,610,40640,ok
2014-05-13,616,619.0,625.0,608,17262,ok
2014-05-15,610,616.0,625.0,610,25482,ok
2014-05-18,589,610.0,610.0,589,22032,ok
2014-05-19,601,589.0,605.0,578,30995,ok
2014-05-20,590,601.0,590.0,578,29084,ok
2014-05-21,585,590.0,595.0,581,14410,ok
2014-05-22,587,585.0,594.0,585,20332,ok
2014-05-25,582,587.0,592.0,580,12745,ok
2014-05-26,579,582.0,581.0,572,19047,ok
2014-05-27,570,579.0,580.0,570,15008,ok
2014-05-28,580,570.0,580.0,571,14169,ok
2014-06-01,572,580.0,581.0,565,13389,ok
2014-06-02,580,572.0,580.0,560,16791,ok
2014-06-03,580,580.0,582.0,565,19076,ok
2014-06-04,572,580.0,580.0,570,10534,ok
2014-06-05,570,572.0,573.0,560,9662,ok
2014-06-08,567,570.0,571.0,560,11598,ok
2014-06-09,564,567.0,571.0,562,16273,ok
2014-06-10,574,564.0,584.0,560,22977,ok
2014-06-11,581,574.0,600.0,574,27734,ok
2014-06-12,604,581.0,604.0,580,22052,ok
2014-06-15,600,604.0,610.0,589,35809,ok
2014-06-16,627,600.0,630.0,596,72512,ok
2014-06-17,630,627.0,630.0,600,34640,ok
2014-06-18,610,630.0,619.0,609,39012,ok
2014-06-19,600,610.0,616.0,600,25323,ok
2014-06-23,601,600.0,605.0,590,10971,ok
2014-06-24,592,601.0,602.0,578,7077,ok
2014-06-25,603,592.0,610.0,590,15869,ok
2014-06-26,595,603.0,602.0,595,8354,ok
2014-06-29,603,595.0,604.0,592,11877,ok
2014-06-30,587,603.0,600.0,586,15675,ok
2014-07-01,593,587.0,598.0,587,22138,ok
2014-07-02,600,593.0,600.0,592,20996,ok
2014-07-03,597,600.0,600.0,590,15916,ok
2014-07-06,597,597.0,600.0,591,17273,ok
2014-07-07,602,597.0,610.0,575,23521,ok
2014-07-08,631,602.0,631.0,600,24142,ok
2014-07-09,629,631.0,635.0,617,17086,ok
2014-07-10,650,629.0,650.0,618,59074,ok
2014-07-13,673,650.0,690.0,640,64168,ok
2014-07-14,650,673.0,675.0,641,28981,ok
2014-07-15,670,650.0,676.0,645,36777,ok
2014-07-16,695,670.0,695.0,663,41977,ok
2014-07-17,690,695.0,698.0,677,32711,ok
2014-07-20,746,690.0,746.0,698,51458,ok
2014-07-21,732,746.0,765.0,715,44917,ok
2014-07-22,725,732.0,746.0,709,25032,ok
2014-07-23,753,725.0,753.0,720,25718,ok
2014-07-24,725,753.0,750.0,720,18391,ok
2014-07-27,713,725.0,730.0,703,22868,ok
2014-07-28,704,713.0,707.0,691,13243,ok
2014-07-30,700,704.0,707.0,698,39473,ok
2014-07-31,704,700.0,704.0,691,31721,ok
2014-08-03,724,704.0,745.0,710,52192,ok
2014-08-04,715,724.0,724.0,698,24276,ok
2014-08-05,711,715.0,727.0,705,26129,ok
2014-08-06,700,711.0,718.0,699,21742,ok
2014-08-07,700,700.0,703.0,692,21252,ok
2014-08-12,687,700.0,705.0,681,24040,ok
2014-08-13,702,687.0,702.0,663,16606,ok
2014-08-14,686,702.0,697.0,678,20149,ok
2014-08-18,670,686.0,690.0,666,25605,ok
2014-08-19,684,670.0,695.0,670,19496,ok
2014-08-20,660,684.0,682.0,660,44578,ok
2014-08-21,669,660.0,685.0,637,40323,ok
2014-08-24,665,669.0,677.0,662,18183,ok
2014-08-25,640,665.0,665.0,635,20014,ok
2014-08-26,630,640.0,675.0,620,21490,ok
2014-08-27,670,630.0,674.0,642,22249,ok
2014-08-28,680,670.0,689.0,647,23970,ok
2014-08-31,650,680.0,679.0,647,22921,ok
2014-09-01,669,650.0,669.0,623,16832,ok
2014-09-03,656,669.0,670.0,644,16033,ok
2014-09-04,647,656.0,657.0,610,22469,ok
2014-09-07,643,647.0,688.0,641,105674,ok
2014-09-09,698,643.0,698.0,650,94226,ok
2014-09-10,678,698.0,712.0,661,63006,ok
2014-09-11,679,678.0,679.0,653,34004,ok
2014-09-14,670,679.0,675.0,654,37024,ok
2014-09-15,670,670.0,680.0,667,30300,ok
2014-09-16,672,670.0,679.0,667,30056,ok
2014-09-17,665,672.0,688.0,665,33367,ok
2014-09-18,668,665.0,670.0,664,1446,ok
2014-09-21,639,652.0,660.0,636,43603,ok
2014-09-22,640,639.0,651.0,636,35309,ok
2014-09-23,652,640.0,658.0,641,40712,ok
2014-09-24,660,652.0,668.0,641,70467,ok
2014-09-28,537,545.0,545.0,520,7706,ok
2014-09-29,545,537.0,551.0,525,5979,ok
2014-09-30,545,545.0,560.0,544,2783,ok
2014-10-08,538,545.0,540.0,526,560,ok
2014-10-09,534,538.0,540.0,534,1218,ok
2014-10-12,555,534.0,555.0,532,3501,ok
2014-10-13,555,555.0,555.0,537,6105,ok
2014-10-14,542,555.0,550.0,540,3861,ok
2014-10-15,545,542.0,562.0,533,8277,ok
2014-10-16,535,545.0,555.0,535,7397,ok
2014-10-19,528,535.0,537.0,525,3321,ok
2014-10-20,536,528.0,545.0,528,2474,ok
2014-10-21,537,536.0,542.0,526,7501,ok
2014-10-22,534,537.0,540.0,534,1276,ok
2014-10-26,526,534.0,540.0,524,3968,ok
2014-10-27,533,526.0,535.0,528,6826,ok
2014-10-28,527,533.0,530.0,527,1255,ok
2014-10-30,520,527.0,535.0,520,8011,ok
2014-11-02,513,520.0,525.0,506,12460,ok
2014-11-03,500,513.0,511.0,495,13118,ok
2014-11-04,504,500.0,504.0,485,14816,ok
2014-11-05,510,504.0,510.0,496,5470,ok
2014-11-06,514,510.0,520.0,502,6993,ok
2014-11-09,505,514.0,509.0,491,6393,ok
2014-11-10,523,505.0,523.0,483,2540,ok
2014-11-11,543,523.0,543.0,533,20,ok
2014-11-12,505,543.0,535.0,500,9585,ok
2014-11-13,500,505.0,509.0,495,10138,ok
2014-11-16,500,500.0,504.0,490,11463,ok
2014-11-17,477,500.0,499.0,475,7705,ok
2014-11-18,470,477.0,487.0,445,10648,ok
2014-11-19,495,470.0,495.0,466,2778,ok
2014-11-20,491,495.0,500.0,485,6181,ok
2014-11-23,485,491.0,510.0,483,6266,ok
2014-11-24,494,485.0,494.0,481,3005,ok
2014-11-25,498,494.0,498.0,481,684,ok
2014-11-30,492,498.0,492.0,485,1212,ok
2014-12-01,480,492.0,500.0,480,4166,ok
2014-12-02,470,480.0,479.0,458,9726,ok
2014-12-03,496,470.0,496.0,470,4364,ok
2014-12-04,486,496.0,500.0,480,7063,ok
2014-12-07,484,486.0,487.0,475,11269,ok
2014-12-08,482,484.0,487.0,482,1021,ok
2014-12-09,484,482.0,489.0,482,1943,ok
2014-12-10,486,484.0,497.0,480,5518,ok
2014-12-11,490,486.0,499.0,483,7395,ok
2014-12-14,522,490.0,525.0,499,5620,ok
2014-12-15,515,522.0,530.0,502,16257,ok
2014-12-16,516,515.0,523.0,501,10815,ok
2014-12-17,514,516.0,514.0,504,5514,ok
2014-12-18,502,514.0,514.0,490,6568,ok
2014-12-21,488,502.0,497.0,480,8596,ok
2014-12-22,490,488.0,500.0,487,4161,ok
2014-12-23,491,490.0,493.0,485,1850,ok
2014-12-24,490,491.0,495.0,484,8760,ok
2014-12-28,500,490.0,504.0,495,11708,ok
2014-12-29,496,500.0,510.0,486,3128,ok
2014-12-31,495,496.0,498.0,491,10905,ok
2015-01-01,497,495.0,504.0,495,7761,ok
2015-01-04,502,497.0,508.0,497,7802,ok
2015-01-05,502,502.0,513.0,490,5955,ok
2015-01-06,503,502.0,505.0,487,7248,ok
2015-01-07,501,503.0,505.0,495,20370,ok
2015-01-08,503,501.0,510.0,500,16983,ok
2015-01-11,504,503.0,505.0,496,4963,ok
2015-01-12,500,504.0,508.0,495,21360,ok
2015-01-13,502,500.0,505.0,495,15758,ok
2015-01-14,500,502.0,502.0,498,5095,ok
2015-01-18,500,500.0,510.0,497,9354,ok
2015-01-19,509,500.0,535.0,500,30173,ok
2015-01-20,500,509.0,514.0,490,13284,ok
2015-01-22,493,500.0,500.0,490,7305,ok
2015-01-25,498,493.0,501.0,491,13076,ok
2015-01-26,500,498.0,503.0,495,35514,ok
2015-01-27,496,500.0,502.0,493,13474,ok
2015-01-28,503,496.0,505.0,497,18808,ok
2015-01-29,500,503.0,507.0,490,17228,ok
2015-02-01,498,500.0,501.0,495,23441,ok
2015-02-02,495,498.0,500.0,490,25922,ok
2015-02-03,485,495.0,494.0,480,13774,ok
2015-02-04,494,485.0,494.0,483,15337,ok
2015-02-05,500,494.0,500.0,480,20051,ok
2015-02-08,484,500.0,495.0,481,20002,ok
2015-02-09,491,484.0,491.0,475,28340,ok
2015-02-10,485,491.0,485.0,476,5106,ok
2015-02-11,482,485.0,485.0,472,8931,ok
2015-02-12,486,482.0,488.0,473,8991,ok
2015-02-15,475,486.0,486.0,475,5215,ok
2015-02-16,470,475.0,479.0,468,12363,ok
2015-02-19,473,470.0,479.0,470,7061,ok
2015-02-22,466,473.0,470.0,461,10020,ok
2015-02-23,464,466.0,465.0,453,8959,ok
2015-02-24,460,464.0,465.0,455,14515,ok
2015-02-25,458,460.0,462.0,450,10498,ok
2015-02-26,460,458.0,463.0,455,849,ok
2015-03-01,469,461.0,469.0,460,4817,ok
2015-03-02,480,469.0,480.0,469,9692,ok
2015-03-03,474,480.0,485.0,463,16423,ok
2015-03-04,470,474.0,482.0,468,12949,ok
2015-03-09,474,470.0,480.0,470,8266,ok
2015-03-10,469,474.0,473.0,460,11029,ok
2015-03-11,467,469.0,475.0,463,11719,ok
2015-03-12,465,467.0,470.0,460,8955,ok
2015-03-15,461,465.0,461.0,455,3973,ok
2015-03-16,455,461.0,464.0,452,8293,ok
2015-03-17,458,455.0,469.0,450,3455,ok
2015-03-18,470,458.0,470.0,450,14711,ok
2015-03-19,460,470.0,478.0,460,5779,ok
2015-03-22,463,460.0,470.0,455,7310,ok
2015-03-23,453,463.0,470.0,450,26291,ok
2015-03-24,455,453.0,462.0,448,8192,ok
2015-03-25,448,455.0,459.0,446,5948,ok
2015-03-26,455,448.0,455.0,442,4949,ok
2015-03-29,450,455.0,464.0,440,5476,ok
2015-03-30,449,450.0,450.0,445,17961,ok
2015-03-31,465,449.0,465.0,445,6396,ok
2015-04-01,453,465.0,474.0,445,13786,ok
2015-04-02,450,453.0,455.0,445,21985,ok
2015-04-05,459,450.0,468.0,443,13064,ok
2015-04-06,455,459.0,478.0,441,8379,ok
2015-04-07,446,455.0,455.0,443,14355,ok
2015-04-08,463,446.0,464.0,445,16072,ok
2015-04-09,450,463.0,463.0,445,9758,ok
2015-04-12,448,450.0,453.0,443,19555,ok
2015-04-13,445,448.0,450.0,443,13516,ok
2015-04-15,443,445.0,446.0,436,20277,ok
2015-04-16,443,443.0,444.0,437,24294,ok
2015-04-19,455,443.0,459.0,440,1152,ok
2015-04-20,455,455.0,456.0,450,6277,ok
2015-04-21,460,455.0,469.0,457,1757,ok
2015-04-22,460,460.0,460.0,460,48,ok
2015-04-23,460,464.0,460.0,460,166,ok
2015-05-25,414,460.0,451.0,414,60,ok
2015-05-26,390,414.0,406.0,385,3954,ok
2015-05-27,390,390.0,396.0,383,3718,ok
2015-05-28,402,390.0,404.0,397,2672,ok
2015-05-31,428,402.0,429.0,410,5959,ok
2015-06-01,438,428.0,448.0,431,7308,ok
2015-06-02,442,438.0,442.0,430,2529,ok
2015-06-03,450,442.0,461.0,445,6143,ok
2015-06-04,442,450.0,460.0,442,5385,ok
2015-06-07,450,442.0,451.0,442,2598,ok
2015-06-08,456,450.0,459.0,450,4898,ok
2015-06-09,484,456.0,501.0,465,24642,ok
2015-06-10,484,484.0,490.0,480,5732,ok
2015-06-11,467,484.0,476.0,467,3718,ok
2015-06-15,467,467.0,474.0,464,2729,ok
2015-06-16,455,468.0,479.0,455,5024,ok
2015-06-17,460,455.0,463.0,454,13343,ok
2015-06-18,467,460.0,468.0,452,1027,ok
2015-06-21,446,467.0,465.0,446,8099,ok
2015-06-22,450,446.0,460.0,446,2235,ok
2015-06-23,468,448.0,468.0,447,1289,ok
2015-06-24,445,459.0,459.0,433,76408,ok
2015-06-25,443,450.0,453.0,443,4746,ok
2015-06-28,441,444.0,445.0,440,8797,ok
2015-06-29,448,449.0,455.0,440,10424,ok
2015-06-30,456,443.0,456.0,432,16390,ok
2015-07-01,440,448.0,456.0,438,19903,ok
2015-07-02,436,439.0,441.0,436,6162,ok
2015-07-05,436,435.0,437.0,434,8659,ok
2015-07-06,437,431.0,437.0,431,11773,ok
2015-07-07,438,432.0,440.0,432,9442,ok
2015-07-08,440,445.0,445.0,436,9307,ok
2015-07-09,440,445.0,445.0,438,5808,ok
2015-07-12,435,440.0,440.0,435,8085,ok
2015-07-13,440,443.0,443.0,431,13996,ok
2015-07-14,438,436.0,445.0,436,3340,ok
2015-07-15,440,440.0,442.0,435,24086,ok
2015-07-16,479,440.0,479.0,435,12248,ok
2015-07-22,450,470.0,470.0,449,27593,ok
2015-07-23,474,450.0,474.0,448,15554,ok
2015-07-26,511,474.0,521.0,483,84590,ok
2015-07-27,497,511.0,551.0,490,115157,ok
2015-07-28,480,497.0,500.0,475,20361,ok
2015-07-29,478,480.0,480.0,472,15536,ok
2015-07-30,481,478.0,499.0,475,7578,ok
2015-08-02,485,481.0,487.0,485,2594,ok
2015-08-03,477,485.0,490.0,477,17454,ok
2015-08-04,477,477.0,480.0,477,7876,ok
2015-08-05,484,477.0,485.0,475,10592,ok
2015-08-06,494,484.0,500.0,480,40041,ok
2015-08-09,500,494.0,510.0,488,25772,ok
2015-08-10,500,500.0,510.0,495,50530,ok
2015-08-11,498,500.0,501.0,493,13377,ok
2015-08-12,493,495.0,500.0,490,7047,ok
2015-08-13,500,495.0,509.0,495,23314,ok
2015-08-16,550,510.0,550.0,505,76520,ok
2015-08-17,575,561.0,605.0,549,121183,ok
2015-08-18,560,575.0,579.0,545,56520,ok
2015-08-19,573,571.0,578.0,560,80401,ok
2015-08-20,578,575.0,607.0,574,51661,ok
2015-08-23,565,570.0,575.0,546,43329,ok
2015-08-24,557,561.0,570.0,556,30684,ok
2015-08-25,554,550.0,556.0,530,26700,ok
2015-08-26,552,555.0,557.0,549,24365,ok
2015-08-27,547,552.0,560.0,547,24279,ok
2015-08-31,546,550.0,555.0,540,34590,ok
2015-09-01,538,546.0,547.0,535,17504,ok
2015-09-02,530,535.0,540.0,528,31330,ok
2015-09-03,530,535.0,535.0,525,15593,ok
2015-09-06,523,525.0,535.0,517,24190,ok
2015-09-07,530,525.0,530.0,520,15035,ok
2015-09-08,530,540.0,549.0,523,14316,ok
2015-09-09,529,530.0,535.0,525,21245,ok
2015-09-10,524,525.0,533.0,524,22211,ok
2015-09-13,539,530.0,540.0,525,32700,ok
2015-09-14,542,549.0,559.0,535,21928,ok
2015-09-15,547,550.0,550.0,540,18175,ok
2015-09-16,539,550.0,552.0,539,33496,ok
2015-09-17,538,545.0,547.0,535,15092,ok
2015-09-22,518,548.0,548.0,515,27098,ok
2015-09-23,530,528.0,541.0,525,11639,ok
2015-09-24,525,530.0,530.0,522,11246,ok
2015-09-28,521,515.0,526.0,505,25157,ok
2015-09-29,531,521.0,535.0,521,55903,ok
2015-09-30,542,541.0,570.0,541,92462,ok
2015-10-01,543,541.0,545.0,537,20186,ok
2015-10-04,539,547.0,548.0,536,15373,ok
2015-10-05,530,538.0,538.0,522,17257,ok
2015-10-06,525,540.0,540.0,522,15052,ok
2015-10-07,520,520.0,525.0,516,11160,ok
2015-10-08,525,518.0,528.0,510,28449,ok
2015-10-11,516,520.0,520.0,515,11177,ok
2015-10-14,514,520.0,520.0,512,12291,ok
2015-10-15,520,514.0,520.0,509,4848,ok
2015-10-18,516,513.0,518.0,512,6737,ok
2015-10-19,517,519.0,520.0,512,10258,ok
2015-10-25,510,515.0,520.0,508,5178,ok
2015-10-27,499,505.0,511.0,497,18973,ok
2015-10-28,501,495.0,513.0,490,37683,ok
2015-10-29,408,407.0,415.0,401,4173,ok
2015-11-01,400,401.0,401.0,398,5275,ok
2015-11-02,401,400.0,407.0,395,5206,ok
2015-11-03,391,403.0,403.0,391,11928,ok
2015-11-04,400,391.0,401.0,385,5621,ok
2015-11-05,397,401.0,401.0,394,4566,ok
2015-11-08,396,396.0,398.0,395,6673,ok
2015-11-09,407,403.0,411.0,403,4880,ok
2015-11-10,408,410.0,410.0,404,6107,ok
2015-11-15,404,405.0,407.0,402,6929,ok
2015-11-16,400,401.0,412.0,400,7156,ok
2015-11-18,402,403.0,407.0,401,7773,ok
2015-11-19,391,400.0,401.0,391,11246,ok
2015-11-22,385,395.0,395.0,378,13475,ok
2015-11-23,385,381.0,387.0,370,4690,ok
2015-11-24,383,380.0,386.0,378,8941,ok
2015-11-25,376,380.0,381.0,376,12191,ok
2015-11-26,375,375.0,382.0,374,11537,ok
2015-11-29,375,380.0,380.0,366,11860,ok
2015-11-30,378,382.0,391.0,375,17091,ok
2015-12-01,391,378.0,398.0,383,11224,ok
2015-12-02,390,395.0,395.0,377,12759,ok
2015-12-03,390,384.0,400.0,384,7808,ok
2015-12-04,400,397.0,407.0,392,77660,ok
2015-12-07,401,408.0,408.0,399,28964,ok
2015-12-08,403,404.0,404.0,395,10592,ok
2015-12-09,404,408.0,408.0,400,7656,ok
2015-12-10,400,402.0,403.0,396,9866,ok
2015-12-13,398,405.0,405.0,391,10699,ok
2015-12-14,397,395.0,399.0,392,4945,ok
2015-12-15,395,397.0,399.0,392,6204,ok
2015-12-16,394,399.0,399.0,394,4576,ok
2015-12-17,395,390.0,397.0,390,18401,ok
2015-12-20,394,395.0,396.0,390,3482,ok
2015-12-21,395,394.0,397.0,390,11373,ok
2015-12-22,400,396.0,401.0,396,25609,ok
2015-12-23,396,400.0,397.0,393,6111,ok
2015-12-24,394,396.0,397.0,391,11605,ok
2015-12-25,400,397.0,400.0,393,24445,ok
2015-12-28,395,400.0,398.0,393,6627,ok
2015-12-29,392,395.0,399.0,390,9436,ok
2015-12-31,395,395.0,400.0,395,6457,ok
2016-01-03,395,398.0,400.0,395,7628,ok
2016-01-04,394,395.0,396.0,392,12643,ok
2016-01-05,394,392.0,395.0,390,9427,ok
2016-01-06,397,395.0,397.0,390,16610,ok
2016-01-07,401,398.0,401.0,394,76571,ok
2016-01-10,400,401.0,405.0,400,17631,ok
2016-01-11,402,400.0,403.0,394,19830,ok
2016-01-12,403,400.0,403.0,398,13163,ok
2016-01-13,400,403.0,405.0,399,9228,ok
2016-01-14,411,400.0,417.0,400,18534,ok
2016-01-17,431,419.0,431.0,418,24605,ok
2016-01-18,450,440.0,450.0,436,112261,ok
2016-01-19,466,455.0,474.0,442,95628,ok
2016-01-20,470,465.0,475.0,460,44273,ok
2016-01-21,465,470.0,471.0,465,48593,ok
2016-01-24,463,465.0,465.0,461,15788,ok
2016-01-25,475,469.0,475.0,463,45601,ok
2016-01-26,468,475.0,478.0,468,24391,ok
2016-01-27,474,468.0,474.0,470,32764,ok
2016-01-28,462,480.0,484.0,461,62380,ok
2016-01-31,455,462.0,462.0,452,25632,ok
2016-02-01,475,455.0,475.0,455,63188,ok
2016-02-02,473,472.0,480.0,470,52276,ok
2016-02-03,473,473.0,474.0,466,31770,ok
2016-02-04,476,474.0,480.0,470,39407,ok
2016-02-07,477,476.0,500.0,474,18788,ok
2016-02-08,470,477.0,479.0,470,10744,ok
2016-02-11,461,470.0,470.0,461,9217,ok
2016-02-14,461,460.0,462.0,457,8592,ok
2016-02-15,455,460.0,460.0,450,7191,ok
2016-02-16,459,455.0,459.0,450,41959,ok
2016-02-17,466,459.0,468.0,451,5832,ok
2016-02-18,470,466.0,473.0,465,25511,ok
2016-02-21,473,476.0,484.0,470,20279,ok
2016-02-22,475,471.0,480.0,471,33083,ok
2016-02-23,467,475.0,476.0,465,28763,ok
2016-02-24,462,465.0,465.0,453,3582,ok
2016-02-25,466,461.0,468.0,457,11477,ok
2016-02-28,460,466.0,470.0,458,15124,ok
2016-02-29,460,460.0,460.0,455,9849,ok
2016-03-01,458,451.0,460.0,451,10833,ok
2016-03-02,460,460.0,462.0,458,18100,ok
2016-03-03,460,458.0,460.0,455,19622,ok
2016-03-06,465,459.0,465.0,458,19862,ok
2016-03-10,461,462.0,469.0,458,50211,ok
2016-03-13,460,460.0,462.0,456,40909,ok
2016-03-14,466,460.0,468.0,460,29341,ok
2016-03-15,469,463.0,472.0,462,26905,ok
2016-03-16,473,465.0,475.0,465,35153,ok
2016-03-17,471,470.0,478.0,470,41100,ok
2016-03-20,470,470.0,475.0,468,79825,ok
2016-03-21,474,468.0,479.0,468,36400,ok
2016-03-23,478,474.0,478.0,470,26830,ok
2016-03-24,485,478.0,486.0,478,79965,ok
2016-03-27,500,485.0,500.0,482,63449,ok
2016-03-28,495,500.0,501.0,488,39597,ok
2016-03-29,485,504.0,504.0,476,14603,ok
2016-03-30,482,485.0,485.0,480,21176,ok
2016-03-31,479,482.0,482.0,476,14178,ok
2016-04-03,478,479.0,484.0,472,22732,ok
2016-04-04,487,478.0,488.0,473,34436,ok
2016-04-05,495,483.0,498.0,483,59286,ok
2016-04-06,479,495.0,500.0,479,30701,ok
2016-04-10,475,479.0,478.0,466,77676,ok
2016-04-11,477,475.0,481.0,473,32589,ok
2016-04-12,480,477.0,480.0,470,29886,ok
2016-04-14,480,480.0,485.0,472,17650,ok
2016-04-17,481,485.0,490.0,476,34918,ok
2016-04-18,488,481.0,490.0,480,25463,ok
2016-04-19,492,488.0,498.0,484,43984,ok
2016-04-20,493,492.0,495.0,483,48548,ok
2016-04-21,493,493.0,494.0,490,55065,ok
2016-04-24,495,493.0,495.0,486,36401,ok
2016-04-25,532,495.0,532.0,492,116150,ok
2016-04-26,513,532.0,542.0,508,103585,ok
2016-04-27,509,513.0,515.0,505,32910,ok
2016-04-28,503,509.0,509.0,500,45901,ok
2016-05-02,496,503.0,502.0,496,40834,ok
2016-05-03,495,496.0,502.0,490,49995,ok
2016-05-04,493,495.0,496.0,489,29569,ok
2016-05-05,495,493.0,495.0,487,23790,ok
2016-05-08,494,495.0,495.0,490,56897,ok
2016-05-09,504,493.0,504.0,490,88964,ok
2016-05-10,498,500.0,502.0,496,25304,ok
2016-05-11,502,496.0,502.0,495,32796,ok
2016-05-12,499,502.0,504.0,498,13597,ok
2016-05-15,500,496.0,501.0,496,18115,ok
2016-05-16,495,500.0,499.0,493,23316,ok
2016-05-17,496,495.0,496.0,491,16067,ok
2016-05-18,494,496.0,500.0,491,62604,ok
2016-05-19,498,494.0,503.0,496,40744,ok
2016-05-22,504,498.0,507.0,500,56949,ok
2016-05-23,520,504.0,520.0,500,75441,ok
2016-05-24,522,520.0,540.0,515,65965,ok
2016-05-25,524,522.0,526.0,502,77058,ok
2016-05-26,513,524.0,525.0,504,65578,ok
2016-05-29,506,513.0,518.0,500,21888,ok
2016-05-30,510,506.0,514.0,490,23126,ok
2016-05-31,510,510.0,514.0,505,34229,ok
2016-06-01,505,510.0,511.0,500,28454,ok
2016-06-02,500,505.0,505.0,499,26163,ok
2016-06-05,489,500.0,499.0,487,29696,ok
2016-06-06,495,489.0,498.0,490,16185,ok
2016-06-07,500,503.0,510.0,498,27170,ok
2016-06-08,506,500.0,509.0,492,35136,ok
2016-06-09,500,510.0,510.0,495,72955,ok
2016-06-12,510,500.0,513.0,499,39007,ok
2016-06-13,509,510.0,522.0,506,50679,ok
2016-06-14,507,511.0,512.0,505,28619,ok
2016-06-15,501,497.0,507.0,497,40448,ok
2016-06-16,500,501.0,511.0,500,38060,ok
2016-06-19,495,500.0,503.0,493,39591,ok
2016-06-20,495,495.0,500.0,493,19161,ok
2016-06-21,496,495.0,501.0,494,13246,ok
2016-06-22,501,500.0,525.0,495,72533,ok
2016-06-23,499,501.0,505.0,495,42836,ok
2016-06-26,501,499.0,510.0,498,32046,ok
2016-06-27,520,501.0,521.0,502,58912,ok
2016-06-28,535,520.0,542.0,510,144384,ok
2016-06-29,528,535.0,545.0,527,48466,ok
2016-06-30,522,528.0,527.0,518,44928,ok
2016-07-03,510,522.0,522.0,509,77486,ok
2016-07-04,510,510.0,515.0,508,32485,ok
2016-07-05,513,510.0,520.0,510,25549,ok
2016-07-06,522,515.0,525.0,513,83142,ok
2016-07-10,525,522.0,530.0,520,42439,ok
2016-07-11,521,525.0,535.0,519,36960,ok
2016-07-12,514,521.0,528.0,500,39861,ok
2016-07-13,512,514.0,519.0,508,22672,ok
2016-07-14,516,510.0,524.0,510,35878,ok
2016-07-17,533,515.0,537.0,515,59361,ok
2016-07-18,546,533.0,550.0,530,90982,ok
2016-07-19,560,556.0,565.0,546,104945,ok
2016-07-20,556,564.0,581.0,555,92756,ok
2016-07-21,560,556.0,568.0,550,41417,ok
2016-07-25,572,560.0,575.0,560,72764,ok
2016-07-26,600,572.0,600.0,575,108427,ok
2016-07-27,600,600.0,623.0,590,92463,ok
2016-07-28,590,600.0,615.0,581,96513,ok
2016-07-31,577,590.0,593.0,571,41501,ok
2016-08-01,572,577.0,580.0,563,37990,ok
2016-08-02,559,572.0,571.0,556,39597,ok
2016-08-03,560,559.0,571.0,542,47870,ok
2016-08-04,550,560.0,565.0,543,50724,ok
2016-08-07,546,550.0,559.0,543,51265,ok
2016-08-08,516,546.0,550.0,515,55501,ok
2016-08-09,542,526.0,565.0,526,15077,ok
2016-08-10,542,552.0,566.0,530,75112,ok
2016-08-11,534,543.0,549.0,530,35416,ok
2016-08-14,520,535.0,535.0,514,61045,ok
2016-08-15,512,520.0,525.0,507,37362,ok
2016-08-16,522,507.0,523.0,507,31075,ok
2016-08-17,526,525.0,528.0,520,41954,ok
2016-08-21,520,530.0,530.0,515,12136,ok
2016-08-22,514,522.0,522.0,510,21297,ok
2016-08-23,514,511.0,521.0,510,14679,ok
2016-08-24,520,520.0,524.0,511,33892,ok
2016-08-28,530,525.0,535.0,523,34978,ok
2016-08-29,543,530.0,548.0,528,31095,ok
2016-08-30,555,550.0,562.0,548,61972,ok
2016-08-31,546,557.0,560.0,542,9543,ok
2016-09-01,548,546.0,550.0,540,24428,ok
2016-09-04,552,550.0,557.0,547,46889,ok
2016-09-05,562,558.0,570.0,550,89900,ok
2016-09-06,555,565.0,567.0,547,99222,ok
2016-09-07,550,555.0,555.0,544,53882,ok
2016-09-08,550,551.0,552.0,540,41805,ok
2016-09-11,540,550.0,550.0,535,24982,ok
2016-09-12,539,540.0,546.0,538,12325,ok
2016-09-14,525,540.0,547.0,525,61613,ok
2016-09-18,513,525.0,525.0,507,40923,ok
2016-09-20,509,514.0,517.0,506,30411,ok
2016-09-21,511,507.0,515.0,500,20110,ok
2016-09-22,509,515.0,515.0,506,31715,ok
2016-09-25,509,515.0,515.0,506,31715,ok
2016-09-26,507,496.0,509.0,496,35320,ok
2016-09-27,506,511.0,513.0,501,22299,ok
2016-09-28,506,513.0,513.0,502,11300,ok
2016-09-29,510,507.0,521.0,506,14997,ok
2016-10-02,500,505.0,507.0,496,19895,ok
2016-10-03,504,501.0,504.0,500,9030,ok
2016-10-04,503,504.0,510.0,500,14990,ok
2016-10-05,503,506.0,508.0,502,14697,ok
2016-10-06,505,506.0,508.0,503,19708,ok
2016-10-16,513,496.0,513.0,496,5486,ok
2016-10-17,512,504.0,515.0,504,27775,ok
2016-10-18,515,508.0,515.0,504,24871,ok
2016-10-19,512,515.0,515.0,508,15217,ok
2016-10-20,510,510.0,513.0,508,11554,ok
2016-10-23,509,510.0,510.0,501,18541,ok
2016-10-24,505,509.0,509.0,501,19073,ok
2016-10-25,500,505.0,505.0,496,13314,ok
2016-10-26,494,502.0,502.0,490,9056,ok
2016-10-27,496,500.0,501.0,490,15285,ok
2016-11-03,495,502.0,502.0,492,2084,ok
2016-11-07,495,499.0,499.0,490,20951,ok
2016-11-08,489,495.0,496.0,487,33538,ok
2016-11-09,479,490.0,490.0,470,11756,ok
2016-11-10,476,476.0,487.0,476,15278,ok
2016-11-13,479,475.0,485.0,471,19698,ok
2016-11-14,487,473.0,491.0,473,7082,ok
2016-11-15,485,487.0,488.0,483,11394,ok
2016-11-16,477,490.0,490.0,475,11369,ok
2016-11-17,465,475.0,475.0,462,13402,ok
2016-11-20,460,456.0,470.0,445,24462,ok
2016-11-21,456,460.0,463.0,441,19520,ok
2016-11-22,445,450.0,454.0,435,16849,ok
2016-11-23,439,447.0,448.0,433,32973,ok
2016-11-24,440,447.0,459.0,434,31008,ok
2016-11-27,426,445.0,447.0,420,21805,ok
2016-11-28,445,420.0,447.0,408,33929,ok
2016-11-29,450,445.0,450.0,420,37112,ok
2016-11-30,460,443.0,461.0,441,27343,ok
2016-12-01,450,460.0,465.0,437,25343,ok
2016-12-04,437,452.0,452.0,437,14899,ok
2016-12-05,440,440.0,442.0,432,10795,ok
2016-12-06,443,447.0,455.0,434,9941,ok
2016-12-07,448,445.0,450.0,440,4864,ok
2016-12-08,436,450.0,450.0,429,9020,ok
2016-12-11,439,435.0,439.0,431,5039,ok
2016-12-12,431,432.0,437.0,423,10016,ok
2016-12-14,440,432.0,440.0,428,11470,ok
2016-12-15,441,440.0,443.0,434,9329,ok
2016-12-18,445,440.0,445.0,433,9997,ok
2016-12-19,438,438.0,440.0,431,11781,ok
2016-12-20,440,436.0,440.0,432,9508,ok
2016-12-21,434,435.0,437.0,430,10378,ok
2016-12-22,435,432.0,436.0,429,10614,ok
2016-12-26,423,431.0,432.0,423,9885,ok
2016-12-27,417,415.0,422.0,410,16533,ok
2016-12-28,419,425.0,425.0,411,11912,ok
2016-12-29,422,426.0,433.0,416,16169,ok
2017-01-01,420,422.0,435.0,420,15183,ok
2017-01-02,430,428.0,435.0,422,14365,ok
2017-01-03,425,435.0,435.0,417,4989,ok
2017-01-04,430,425.0,430.0,420,2938,ok
2017-01-05,421,425.0,430.0,421,10165,ok
2017-01-08,419,414.0,425.0,414,12269,ok
2017-01-09,421,421.0,427.0,419,9554,ok
2017-01-10,426,421.0,426.0,418,3910,ok
2017-01-11,428,431.0,431.0,423,6777,ok
2017-01-12,423,425.0,426.0,423,3667,ok
2017-01-15,420,420.0,425.0,420,4489,ok
2017-01-16,420,420.0,428.0,417,7458,ok
2017-01-17,421,420.0,422.0,416,20175,ok
2017-01-18,418,420.0,424.0,418,5733,ok
2017-01-19,419,419.0,421.0,418,10725,ok
2017-01-22,419,422.0,422.0,416,7100,ok
2017-01-23,418,419.0,420.0,417,5912,ok
2017-01-24,410,420.0,420.0,409,7819,ok
2017-01-25,400,403.0,405.0,396,15576,ok
2017-01-26,394,397.0,398.0,387,20931,ok
2017-01-30,380,391.0,391.0,376,28255,ok
2017-01-31,391,387.0,397.0,375,15776,ok
2017-02-01,405,398.0,410.0,387,12309,ok
2017-02-02,404,413.0,421.0,397,12145,ok
2017-02-05,400,404.0,408.0,396,18646,ok
2017-02-06,399,400.0,400.0,394,10104,ok
2017-02-07,395,399.0,399.0,390,19295,ok
2017-02-08,390,396.0,396.0,389,8058,ok
2017-02-09,381,387.0,390.0,381,11944,ok
2017-02-12,371,382.0,382.0,363,14458,ok
2017-02-13,385,370.0,389.0,365,20784,ok
2017-02-14,378,391.0,391.0,373,32503,ok
2017-02-15,386,372.0,394.0,372,12925,ok
2017-02-16,390,393.0,393.0,383,20607,ok
2017-02-19,397,391.0,399.0,384,12601,ok
2017-02-20,397,397.0,407.0,395,19076,ok
2017-02-21,392,402.0,410.0,384,9344,ok
2017-02-22,387,390.0,390.0,380,4285,ok
2017-02-23,385,387.0,387.0,375,18400,ok
2017-02-26,383,382.0,385.0,380,2526,ok
2017-02-28,385,376.0,385.0,376,6466,ok
2017-03-01,388,386.0,390.0,385,2900,ok
2017-03-02,391,390.0,394.0,385,11563,ok
2017-03-05,399,395.0,400.0,390,214762,ok
2017-03-06,409,401.0,414.0,401,229924,ok
2017-03-07,402,409.0,409.0,400,12497,ok
2017-03-09,414,407.0,414.0,404,223287,ok
2017-03-13,414,415.0,417.0,411,179520,ok
2017-03-14,405,416.0,417.0,405,13443,ok
2017-03-15,415,407.0,415.0,403,10794,ok
2017-03-16,412,415.0,416.0,410,11784,ok
2017-03-19,416,412.0,420.0,408,46588,ok
2017-03-20,371,359.0,374.0,355,17732,ok
2017-03-21,385,372.0,385.0,368,11288,ok
2017-03-22,380,392.0,398.0,380,23148,ok
2017-03-23,385,383.0,390.0,376,13344,ok
2017-03-26,395,392.0,398.0,386,23795,ok
2017-03-28,407,395.0,410.0,390,78272,ok
2017-03-29,410,407.0,423.0,400,39185,ok
2017-03-30,399,410.0,404.0,395,19989,ok
2017-04-02,425,406.0,425.0,403,23819,ok
2017-04-03,415,433.0,461.0,408,41146,ok
2017-04-04,419,415.0,422.0,408,26678,ok
2017-04-06,410,419.0,420.0,406,14562,ok
2017-04-09,403,403.0,410.0,403,20471,ok
2017-04-10,408,410.0,410.0,399,14367,ok
2017-04-11,426,412.0,428.0,407,79992,ok
2017-04-12,435,425.0,450.0,425,100653,ok
2017-04-13,428,427.0,434.0,420,22533,ok
2017-04-16,411,420.0,422.0,410,17954,ok
2017-04-18,405,405.0,410.0,395,72728,ok
2017-04-19,419,405.0,419.0,400,39532,ok
2017-04-20,410,427.0,435.0,407,29963,ok
2017-04-23,418,418.0,445.0,415,37054,ok
2017-04-24,414,418.0,421.0,412,92021,ok
2017-04-25,410,413.0,414.0,406,25320,ok
2017-04-26,421,418.0,421.0,411,80852,ok
2017-04-27,420,425.0,425.0,415,25693,ok
2017-04-30,414,421.0,421.0,410,17273,ok
2017-05-02,412,406.0,417.0,404,20835,ok
2017-05-03,410,405.0,414.0,405,25407,ok
2017-05-04,408,407.0,410.0,402,44761,ok
2017-05-07,403,408.0,408.0,400,15722,ok
2017-05-08,401,400.0,406.0,400,10579,ok
2017-05-09,405,401.0,408.0,401,11691,ok
2017-05-11,407,408.0,414.0,404,11773,ok
2017-05-15,413,410.0,415.0,410,15216,ok
2017-05-16,409,411.0,415.0,406,10088,ok
2017-05-17,406,410.0,410.0,403,7608,ok
2017-05-18,404,404.0,408.0,399,40375,ok
2017-05-21,400,405.0,410.0,399,7074,ok
2017-05-22,400,404.0,404.0,390,14066,ok
2017-05-23,404,402.0,405.0,390,47781,ok
2017-05-24,395,404.0,410.0,395,11104,ok
2017-05-28,389,400.0,400.0,389,13121,ok
2017-05-30,389,390.0,397.0,380,54053,ok
2017-05-31,388,389.0,395.0,378,24636,ok
2017-06-01,385,392.0,398.0,381,63070,ok
2017-06-04,382,390.0,391.0,378,14450,ok
2017-06-05,388,381.0,395.0,381,14172,ok
2017-06-06,397,395.0,405.0,388,27313,ok
2017-06-07,393,406.0,411.0,388,18953,ok
2017-06-08,393,390.0,393.0,385,7267,ok
2017-06-11,384,390.0,390.0,378,15742,ok
2017-06-12,383,380.0,387.0,380,5281,ok
2017-06-13,379,385.0,386.0,379,16268,ok
2017-06-14,380,380.0,382.0,375,13276,ok
2017-06-15,384,382.0,385.0,378,16977,ok
2017-06-18,384,384.0,386.0,382,1961,ok
2017-06-19,380,377.0,382.0,375,2734,ok
2017-06-20,380,375.0,381.0,374,5604,ok
2017-06-21,380,375.0,385.0,375,11254,ok
2017-06-22,376,377.0,385.0,375,42545,ok
2017-06-25,381,382.0,382.0,376,8534,ok
2017-06-27,378,380.0,382.0,377,14329,ok
2017-06-28,381,375.0,385.0,371,7208,ok
2017-07-02,373,377.0,383.0,373,15227,ok
2017-07-03,378,375.0,380.0,373,17681,ok
2017-07-04,375,381.0,381.0,373,10764,ok
2017-07-05,382,373.0,382.0,373,11461,ok
2017-07-06,387,385.0,390.0,385,10874,ok
2017-07-09,384,388.0,400.0,380,34618,ok
2017-07-10,386,385.0,388.0,379,5591,ok
2017-07-11,385,385.0,389.0,382,7540,ok
2017-07-12,390,380.0,392.0,380,9254,ok
2017-07-13,388,390.0,392.0,383,7137,ok
2017-07-16,378,394.0,394.0,383,11253,ok
2017-07-17,395,388.0,398.0,388,41946,ok
2017-07-18,404,402.0,405.0,398,29352,ok
2017-07-19,404,404.0,408.0,400,24459,ok
2017-07-20,404,401.0,405.0,400,17511,ok
2017-07-23,400,401.0,404.0,399,12718,ok
2017-07-24,391,400.0,400.0,391,17510,ok
2017-07-25,390,392.0,402.0,386,46768,ok
2017-07-26,398,393.0,408.0,393,23003,ok
2017-07-27,400,399.0,404.0,396,14679,ok
2017-07-30,402,400.0,407.0,399,22865,ok
2017-07-31,410,400.0,410.0,400,28280,ok
2017-08-01,407,402.0,410.0,402,16804,ok
2017-08-02,404,405.0,409.0,400,46034,ok
2017-08-03,402,404.0,406.0,402,4146,ok
2017-08-06,400,404.0,405.0,396,14837,ok
2017-08-07,398,408.0,408.0,397,13065,ok
2017-08-09,399,400.0,403.0,397,18232,ok
2017-08-10,398,399.0,401.0,393,21635,ok
2017-08-13,393,400.0,400.0,390,29444,ok
2017-08-15,387,391.0,391.0,385,55629,ok
2017-08-16,388,385.0,390.0,385,29498,ok
2017-08-17,387,386.0,389.0,386,23358,ok
2017-08-20,385,390.0,391.0,384,22798,ok
2017-08-21,383,385.0,385.0,381,8368,ok
2017-08-22,385,382.0,388.0,382,12297,ok
2017-08-23,386,383.0,388.0,383,10756,ok
2017-08-24,387,386.0,389.0,385,14901,ok
2017-08-27,385,387.0,388.0,384,13233,ok
2017-08-28,384,390.0,390.0,383,11618,ok
2017-08-30,380,385.0,388.0,380,17709,ok
2017-08-31,378,380.0,380.0,375,18475,ok
2017-09-04,373,378.0,382.0,370,18881,ok
2017-09-06,376,371.0,382.0,371,11757,ok
2017-09-07,374,378.0,379.0,370,19743,ok
2017-09-10,371,375.0,375.0,370,14320,ok
2017-09-11,372,371.0,373.0,368,21343,ok
2017-09-12,369,372.0,372.0,365,29850,ok
2017-09-13,362,366.0,370.0,360,35695,ok
2017-09-14,375,358.0,377.0,358,22204,ok
2017-09-17,387,384.0,388.0,371,26939,ok
2017-09-18,383,387.0,389.0,378,11944,ok
2017-09-20,383,390.0,390.0,375,11304,ok
2017-09-24,377,383.0,383.0,376,11022,ok
2017-09-25,379,376.0,381.0,376,4935,ok
2017-09-26,381,384.0,389.0,379,8700,ok
2017-10-03,376,382.0,382.0,375,1484,ok
2017-10-04,373,376.0,380.0,373,10597,ok
2017-10-08,375,370.0,375.0,366,11219,ok
2017-10-09,375,380.0,385.0,370,7920,ok
2017-10-10,375,374.0,379.0,371,8484,ok
2017-10-11,375,375.0,378.0,374,14881,ok
2017-10-12,375,375.0,381.0,373,6316,ok
2017-10-15,379,368.0,380.0,368,15071,ok
2017-10-16,395,380.0,395.0,380,24710,ok
2017-10-17,386,395.0,395.0,383,13494,ok
2017-10-18,387,386.0,390.0,381,8640,ok
2017-10-22,392,387.0,399.0,387,13174,ok
2017-10-23,391,392.0,392.0,388,11767,ok
2017-10-24,389,391.0,394.0,387,67146,ok
2017-10-25,345,354.0,349.0,340,23858,ok
2017-10-29,340,346.0,346.0,338,8023,ok
2017-10-30,336,345.0,345.0,336,7189,ok
2017-10-31,330,338.0,338.0,330,18935,ok
2017-11-01,330,333.0,333.0,327,11955,ok
2017-11-02,330,329.0,332.0,327,12852,ok
2017-11-05,325,325.0,328.0,323,11802,ok
2017-11-06,324,325.0,328.0,322,6614,ok
2017-11-07,321,330.0,330.0,320,25305,ok
2017-11-08,316,319.0,320.0,314,6594,ok
2017-11-09,314,315.0,316.0,310,16367,ok
2017-11-12,317,314.0,320.0,313,11164,ok
2017-11-13,319,323.0,325.0,314,10616,ok
2017-11-14,326,320.0,329.0,320,16468,ok
2017-11-15,322,328.0,328.0,321,8892,ok
2017-11-16,320,320.0,325.0,314,10321,ok
2017-11-19,315,320.0,324.0,314,11375,ok
2017-11-20,316,309.0,320.0,309,3287,ok
2017-11-21,318,316.0,319.0,316,3877,ok
2017-11-22,319,314.0,320.0,314,6449,ok
2017-11-23,320,319.0,325.0,320,3751,ok
2017-11-26,327,320.0,327.0,314,26758,ok
2017-11-27,325,326.0,330.0,322,10505,ok
2017-11-28,327,325.0,327.0,322,7439,ok
2017-11-29,328,326.0,331.0,326,14710,ok
2017-11-30,324,322.0,325.0,319,8659,ok
2017-12-04,328,329.0,331.0,326,21221,ok
2017-12-05,331,328.0,334.0,326,5453,ok
2017-12-06,333,331.0,334.0,330,10910,ok
2017-12-10,331,328.0,338.0,328,19387,ok
2017-12-11,333,330.0,333.0,328,11706,ok
2017-12-12,332,328.0,333.0,327,181332,ok
2017-12-13,334,332.0,334.0,325,163899,ok
2017-12-14,329,334.0,334.0,328,101947,ok
2017-12-17,320,328.0,330.0,325,123952,ok
2017-12-18,327,327.0,330.0,325,9378,ok
2017-12-19,326,330.0,332.0,322,9438,ok
2017-12-20,322,321.0,327.0,320,8706,ok
2017-12-21,321,322.0,323.0,317,35391,ok
2017-12-24,321,320.0,323.0,320,10667,ok
2017-12-26,316,322.0,322.0,315,9705,ok
2017-12-27,317,317.0,317.0,310,15469,ok
2017-12-28,320,314.0,320.0,310,11328,ok
2017-12-31,313,316.0,320.0,311,16951,ok
2018-01-01,321,315.0,321.0,312,10959,ok
2018-01-02,316,320.0,323.0,316,10538,ok
2018-01-03,313,316.0,320.0,312,7763,ok
2018-01-04,316,313.0,317.0,312,6352,ok
2018-01-07,317,317.0,318.0,315,11142,ok
2018-01-08,316,318.0,318.0,313,16439,ok
2018-01-09,319,316.0,320.0,315,8550,ok
2018-01-10,316,324.0,324.0,316,4381,ok
2018-01-14,315,317.0,317.0,314,15107,ok
2018-01-16,314,316.0,316.0,311,5443,ok
2018-01-17,312,314.0,314.0,311,9227,ok
2018-01-21,312,314.0,315.0,310,8214,ok
2018-01-22,313,311.0,313.0,308,8543,ok
2018-01-23,313,313.0,319.0,311,5468,ok
2018-01-24,317,314.0,317.0,310,7917,ok
2018-01-25,314,317.0,317.0,312,3861,ok
2018-01-28,320,320.0,326.0,318,14486,ok
2018-01-29,318,320.0,320.0,317,9113,ok
2018-01-31,318,318.0,322.0,318,16148,ok
2018-02-01,321,320.0,322.0,318,14073,ok
2018-02-04,325,320.0,328.0,320,13219,ok
2018-02-05,321,326.0,328.0,321,7821,ok
2018-02-06,321,322.0,324.0,320,6442,ok
2018-02-07,320,321.0,321.0,318,4999,ok
2018-02-08,324,325.0,325.0,321,7514,ok
2018-02-11,322,324.0,325.0,320,4287,ok
2018-02-12,322,322.0,323.0,320,14955,ok
2018-02-14,323,321.0,324.0,320,12708,ok
2018-02-15,331,326.0,335.0,323,16541,ok
2018-02-18,331,331.0,337.0,326,41861,ok
2018-02-20,326,331.0,333.0,324,35568,ok
2018-02-21,323,320.0,324.0,320,22219,ok
2018-02-22,321,317.0,324.0,316,21728,ok
2018-02-25,319,320.0,323.0,319,17378,ok
2018-02-26,320,321.0,321.0,317,19980,ok
2018-02-27,322,319.0,325.0,318,50577,ok
2018-02-28,319,320.0,321.0,317,32340,ok
2018-03-04,311,313.0,318.0,306,42240,ok
2018-03-06,312,310.0,313.0,305,15348,ok
2018-03-07,315,312.0,317.0,311,15937,ok
2018-03-11,305,315.0,312.0,305,17730,ok
2018-03-12,310,305.0,316.0,304,16358,ok
2018-03-13,312,310.0,313.0,310,3639,ok
2018-03-14,312,313.0,313.0,309,9353,ok
2018-03-15,315,310.0,315.0,310,9814,ok
2018-03-18,313,318.0,318.0,312,11419,ok
2018-03-19,312,315.0,315.0,311,12756,ok
2018-03-20,311,313.0,313.0,309,18194,ok
2018-03-21,304,308.0,310.0,302,23576,ok
2018-03-22,305,301.0,307.0,300,39788,ok
2018-03-26,294,300.0,304.0,293,26133,ok
2018-03-27,303,294.0,305.0,285,17995,ok
2018-03-28,300,306.0,312.0,295,18946,ok
2018-03-29,304,300.0,305.0,300,24595,ok
2018-04-01,299,303.0,303.0,293,17951,ok
2018-04-02,300,295.0,300.0,295,6300,ok
2018-04-03,300,299.0,301.0,295,22483,ok
2018-04-04,306,300.0,306.0,300,32476,ok
2018-04-05,308,312.0,312.0,302,43893,ok
2018-04-08,316,313.0,323.0,308,57494,ok
2018-04-09,311,320.0,320.0,311,27498,ok
2018-04-10,310,313.0,315.0,307,10553,ok
2018-04-11,310,310.0,311.0,307,15697,ok
2018-04-12,311,311.0,315.0,309,11123,ok
2018-04-15,309,311.0,317.0,306,8128,ok
2018-04-16,309,314.0,314.0,309,10002,ok
2018-04-17,314,309.0,316.0,309,28055,ok
2018-04-18,319,317.0,330.0,314,67775,ok
2018-04-19,328,316.0,329.0,316,69015,ok
2018-04-22,338,328.0,340.0,328,60206,ok
2018-04-23,326,335.0,344.0,325,53010,ok
2018-04-24,325,326.0,330.0,321,20005,ok
2018-04-25,321,321.0,324.0,319,66710,ok
2018-04-26,319,325.0,327.0,318,28633,ok
2018-04-29,317,315.0,320.0,315,14957,ok
2018-05-02,320,317.0,320.0,315,8317,ok
2018-05-03,320,317.0,321.0,317,31502,ok
2018-05-06,315,317.0,319.0,314,11432,ok
2018-05-07,314,314.0,316.0,312,12044,ok
2018-05-08,317,314.0,318.0,313,11969,ok
2018-05-09,317,317.0,321.0,312,4214,ok
2018-05-10,315,317.0,321.0,314,19477,ok
2018-05-14,315,310.0,316.0,310,8337,ok
2018-05-15,313,320.0,320.0,310,6113,ok
2018-05-16,312,312.0,313.0,310,25182,ok
2018-05-17,311,312.0,314.0,311,23164,ok
2018-05-20,311,315.0,317.0,310,7961,ok
2018-05-21,309,310.0,312.0,309,9475,ok
2018-05-22,310,310.0,312.0,310,6424,ok
2018-05-23,308,307.0,310.0,306,6727,ok
2018-05-24,303,308.0,309.0,303,25104,ok
2018-05-27,302,303.0,305.0,300,153022,ok
2018-05-28,311,302.0,311.0,300,48292,ok
2018-05-29,306,310.0,310.0,305,19753,ok
2018-05-30,308,306.0,314.0,306,6429,ok
2018-05-31,303,310.0,310.0,303,12517,ok
2018-06-03,300,304.0,308.0,298,26812,ok
2018-06-04,300,301.0,304.0,300,10887,ok
2018-06-06,300,306.0,307.0,300,3325,ok
2018-06-07,300,299.0,304.0,296,19322,ok
2018-06-10,293,300.0,300.0,292,18772,ok
2018-06-11,297,292.0,300.0,290,20637,ok
2018-06-12,300,302.0,302.0,293,26745,ok
2018-06-13,295,298.0,298.0,294,3797,ok
2018-06-14,297,294.0,300.0,294,8129,ok
2018-06-17,294,298.0,298.0,294,6440,ok
2018-06-18,296,294.0,296.0,290,7305,ok
2018-06-19,290,298.0,298.0,286,12431,ok
2018-06-20,291,291.0,293.0,289,1963,ok
2018-06-21,290,292.0,294.0,288,4480,ok
2018-06-24,289,293.0,294.0,288,5871,ok
2018-06-25,290,290.0,290.0,287,4993,ok
2018-06-26,286,288.0,290.0,285,14436,ok
2018-06-27,288,283.0,288.0,282,7890,ok
2018-06-28,289,286.0,289.0,285,7302,ok
2018-07-01,281,293.0,293.0,280,14524,ok
2018-07-01,286,290.0,290.0,286,2329,ok
2018-07-02,284,280.0,284.0,275,63170,ok
2018-07-02,293,287.0,294.0,287,37623,ok
2018-07-03,282,281.0,288.0,280,2693,ok
2018-07-04,284,283.0,285.0,280,9276,ok
2018-07-05,290,284.0,290.0,280,12677,ok
2018-07-08,289,289.0,294.0,289,15280,ok
2018-07-09,285,290.0,290.0,285,4597,ok
2018-07-10,295,288.0,299.0,288,16726,ok
2018-07-11,288,295.0,296.0,288,13780,ok
2018-07-12,284,286.0,289.0,281,24565,ok
2018-07-15,289,285.0,290.0,283,3469,ok
2018-07-16,290,286.0,293.0,286,30735,ok
2018-07-17,291,290.0,293.0,289,10504,ok
2018-07-18,290,289.0,292.0,289,5339,ok
2018-07-19,290,290.0,293.0,287,5000,ok
2018-07-22,285,291.0,291.0,285,4826,ok
2018-07-23,287,285.0,287.0,284,19973,ok
2018-07-24,287,292.0,292.0,287,8501,ok
2018-07-25,286,289.0,290.0,285,2159,ok
2018-07-26,287,290.0,290.0,284,11903,ok
2018-07-29,288,287.0,288.0,284,5401,ok
2018-07-30,286,285.0,290.0,284,5764,ok
2018-07-31,285,290.0,295.0,284,13292,ok
2018-08-01,286,290.0,290.0,286,2329,ok
2018-08-02,293,287.0,294.0,287,37623,ok
2018-08-05,295,293.0,296.0,292,8898,ok
2018-08-06,295,299.0,299.0,293,9287,ok
2018-08-07,294,300.0,300.0,294,12539,ok
2018-08-08,295,294.0,295.0,293,9677,ok
2018-08-09,290,296.0,299.0,290,15897,ok
2018-08-12,286,290.0,293.0,286,18636,ok
2018-08-13,291,291.0,294.0,288,9845,ok
2018-08-14,295,296.0,296.0,288,14185,ok
2018-08-15,300,300.0,303.0,292,41825,ok
2018-08-16,300,303.0,303.0,295,19896,ok
2018-08-19,295,304.0,304.0,295,27052,ok
2018-08-20,300,295.0,300.0,291,22500,ok
2018-08-21,294,296.0,299.0,290,39965,ok
2018-08-22,294,290.0,294.0,290,16354,ok
2018-08-23,294,290.0,295.0,290,18802,ok
2018-08-26,294,290.0,299.0,290,11066,ok
2018-08-28,295,294.0,299.0,292,6173,ok
2018-08-29,293,290.0,297.0,292,11161,ok
2018-08-30,296,292.0,299.0,291,3421,ok
2018-09-02,300,300.0,303.0,296,18043,ok
2018-09-03,305,301.0,307.0,301,27171,ok
2018-09-04,305,309.0,309.0,300,21409,ok
2018-09-05,309,310.0,320.0,305,44022,ok
2018-09-06,309,315.0,320.0,308,40065,ok
2018-09-09,306,307.0,310.0,306,39758,ok
2018-09-10,305,312.0,312.0,301,68132,ok
2018-09-11,308,311.0,311.0,302,15578,ok
2018-09-12,316,311.0,316.0,307,118794,ok
2018-09-13,318,320.0,321.0,317,56529,ok
2018-09-16,325,324.0,331.0,320,66770,ok
2018-09-17,321,330.0,330.0,317,26225,ok
2018-09-18,317,322.0,322.0,317,18324,ok
2018-09-20,316,323.0,323.0,315,14965,ok
2018-09-23,322,316.0,325.0,314,201838,ok
2018-09-25,326,324.0,332.0,323,54246,ok
2018-09-26,324,328.0,329.0,322,36674,ok
2018-09-27,322,320.0,325.0,320,18347,ok
2018-09-30,320,321.0,322.0,318,202822,ok
2018-10-01,316,320.0,320.0,315,14798,ok
2018-10-02,316,317.0,320.0,315,115797,ok
2018-10-03,314,316.0,319.0,312,36170,ok
2018-10-04,314,319.0,319.0,312,23101,ok
2018-10-07,310,312.0,313.0,310,29811,ok
2018-10-08,315,311.0,315.0,310,16000,ok
2018-10-09,316,313.0,318.0,313,21631,ok
2018-10-10,312,312.0,314.0,311,11171,ok
2018-10-11,316,310.0,316.0,310,8159,ok
2018-10-14,318,316.0,319.0,316,2332,ok
2018-10-15,318,318.0,319.0,315,14713,ok
2018-10-21,318,317.0,319.0,317,4941,ok
2018-10-22,318,317.0,318.0,316,1937,ok
2018-10-23,317,318.0,318.0,314,6845,ok
2018-10-24,320,317.0,320.0,315,13431,ok
2018-10-25,319,317.0,320.0,316,9252,ok
2018-10-28,314,320.0,320.0,310,75372,ok
2018-10-29,311,311.0,312.0,309,8899,ok
2018-10-30,312,310.0,313.0,310,18460,ok
2018-10-31,312,310.0,313.0,310,6845,ok
2018-11-01,312,315.0,315.0,310,29070,ok
2018-11-04,311,315.0,315.0,310,6404,ok
2018-11-05,318,308.0,321.0,308,16784,ok
2018-11-14,317,315.0,318.0,314,4658,ok
2018-11-15,314,317.0,318.0,314,13666,ok
2018-11-18,315,314.0,317.0,313,10341,ok
2018-11-19,316,315.0,316.0,311,8638,ok
2018-11-20,313,316.0,316.0,313,5005,ok
2018-11-21,313,313.0,313.0,309,56591,ok
2018-11-22,311,313.0,315.0,311,5479,ok
2018-11-25,310,311.0,312.0,310,3361,ok
2018-11-26,314,310.0,314.0,308,45636,ok
2018-11-27,311,313.82,315.0,310,7127,ok
2018-11-28,308,311.0,312.0,306,25997,ok
2018-11-29,307,308.0,309.0,307,9111,ok
2018-12-02,302,307.0,307.0,300,63621,ok
2018-12-03,307,302.0,309.0,302,19941,ok
2018-12-04,316,307.0,320.0,304,108401,ok
2018-12-06,314,312.0,316.0,308,57215,ok
2018-12-09,317,314.0,318.0,314,16030,ok
2018-12-10,317,317.0,319.0,315,119217,ok
2018-12-11,315,317.0,318.0,315,17474,ok
2018-12-12,317,315.0,317.0,314,3521,ok
2018-12-13,318,317.0,319.0,316,18842,ok
2018-12-16,320,318.0,322.0,317,22252,ok
2018-12-17,318,320.0,323.0,317,29110,ok
2018-12-18,316,320.0,326.0,316,58163,ok
2018-12-19,316,316.0,319.0,313,21890,ok
2018-12-20,318,316.0,321.0,316,46980,ok
2018-12-23,323,318.0,330.0,318,58274,ok
2018-12-24,320,323.0,325.0,319,63519,ok
2018-12-25,321,320.0,323.0,320,29469,ok
2018-12-26,328,321.0,331.0,320,70717,ok
2018-12-27,324,328.0,336.0,324,161819,ok
2018-12-30,281,279.31,284.0,279,45201,ok
2018-12-31,275,281.0,286.0,275,27384,ok
2019-01-01,272,275.0,278.0,272,6979,ok
2019-01-02,270,272.0,273.0,270,14853,ok
2019-01-03,268,270.0,275.0,268,7625,ok
2019-01-06,269,268.0,270.0,266,6574,ok
2019-01-07,269,269.0,270.0,268,3881,ok
2019-01-08,269,269.0,279.0,269,9291,ok
2019-01-09,269,269.0,271.0,269,9532,ok
2019-01-10,269,269.0,272.0,269,8535,ok
2019-01-13,270,269.0,273.0,268,8261,ok
2019-01-14,270,270.0,271.0,269,4417,ok
2019-01-15,269,270.0,272.0,269,6634,ok
2019-01-16,267,269.0,270.0,264,7759,ok
2019-01-17,268,267.0,269.0,266,4500,ok
2019-01-20,266,268.0,268.0,264,1000,ok
2019-01-21,261,266.0,267.0,259,17771,ok
2019-01-22,263,261.0,266.0,259,6171,ok
2019-01-23,265,263.0,265.0,263,3202,ok
2019-01-24,263,265.0,266.0,261,13792,ok
2019-01-27,261,263.0,263.0,260,15771,ok
2019-01-28,262,261.0,264.0,260,8553,ok
2019-01-29,262,262.0,263.0,260,8936,ok
2019-01-30,268,262.0,268.0,260,13549,ok
2019-01-31,270,268.0,274.0,268,14459,ok
2019-02-03,265,266.0,278.0,265,21859,ok
2019-02-04,264,268.0,268.0,263,6545,ok
2019-02-05,266,264.0,270.0,262,9849,ok
2019-02-06,265,263.0,266.0,263,9548,ok
2019-02-07,264,268.0,270.0,262,4405,ok
2019-02-10,262,268.0,268.0,261,10520,ok
2019-02-11,261,260.0,265.0,260,5589,ok
2019-02-12,263,265.0,265.0,261,5061,ok
2019-02-13,262,266.0,266.0,260,4404,ok
2019-02-14,259,265.0,265.0,258,8517,ok
2019-02-17,261,260.0,261.0,259,2409,ok
2019-02-18,260,259.0,261.0,256,6817,ok
2019-02-19,262,258.0,262.0,257,7100,ok
2019-02-20,259,260.0,264.0,259,6426,ok
2019-02-21,260,262.0,262.0,256,3452,ok
2019-02-24,257,265.0,265.0,257,7532,ok
2019-02-25,260,257.0,260.0,255,6543,ok
2019-02-26,257,263.0,263.0,257,5250,ok
2019-02-27,260,257.0,261.0,257,9381,ok
2019-03-03,258,262.0,262.0,257,9983,ok
2019-03-05,260,256.0,261.0,256,8168,ok
2019-03-06,261,259.0,261.0,259,7998,ok
2019-03-07,264,261.0,265.0,260,6764,ok
2019-03-09,264,264.0,264.0,261,2053,ok
2019-03-10,264,264.0,264.0,261,2053,ok
2019-03-11,265,264.0,265.0,260,8348,ok
2019-03-12,270,267.0,271.0,264,40085,ok
2019-03-13,267,274.0,274.0,267,31583,ok
2019-03-14,267,266.0,270.0,266,6169,ok
2019-03-17,270,270.0,270.0,267,9719,ok
2019-03-18,268,270.0,270.0,267,6596,ok
2019-03-19,264,266.0,266.0,263,4975,ok
2019-03-21,262,262.0,263.0,260,6910,ok
2019-03-24,260,263.0,263.0,259,22338,ok
2019-03-25,262,260.0,262.0,259,10239,ok
2019-03-26,261,262.0,264.0,260,8077,ok
2019-03-27,262,261.0,263.0,260,4716,ok
2019-03-28,261,259.0,262.0,259,22818,ok
2019-03-31,261,261.0,263.0,260,6901,ok
2019-04-01,264,261.0,269.0,261,8317,ok
2019-04-02,268,266.0,269.0,264,12895,ok
2019-04-03,267,267.0,271.0,264,21473,ok
2019-04-04,272,265.0,274.0,265,36987,ok
2019-04-07,278,275.0,279.0,266,26194,ok
2019-04-08,276,278.0,284.0,275,54696,ok
2019-04-09,271,278.0,278.0,271,39643,ok
2019-04-10,272,273.0,276.0,271,24412,ok
2019-04-11,271,272.0,273.0,271,20410,ok
2019-04-15,271,272.0,273.0,271,5575,ok
2019-04-16,282,272.0,282.0,272,33102,ok
2019-04-17,286,282.0,290.0,280,60675,ok
2019-04-18,294,291.0,300.0,287,72939,ok
2019-04-21,302,295.0,302.0,291,52760,ok
2019-04-22,297,307.0,308.0,292,79205,ok
2019-04-23,302,297.0,302.0,295,53672,ok
2019-04-24,320,297.0,324.0,297,227460,ok
2019-04-25,322,321.0,329.0,319,90375,ok
2019-04-28,315,327.0,327.0,313,66194,ok
2019-04-29,313,315.0,319.0,310,37817,ok
2019-04-30,313,315.0,321.0,311,49707,ok
2019-05-02,313,313.0,316.0,308,24251,ok
2019-05-05,310,310.0,315.0,310,43924,ok
2019-05-06,313,310.0,314.0,308,30421,ok
2019-05-07,312,313.0,317.0,312,20887,ok
2019-05-08,314,312.0,315.0,312,15311,ok
2019-05-09,310,314.0,314.0,309,33941,ok
2019-05-12,312,310.0,312.0,307,69577,ok
2019-05-13,310,310.0,314.0,310,21558,ok
2019-05-14,312,310.0,314.0,309,17184,ok
2019-05-15,314,312.0,318.0,312,43584,ok
2019-05-16,311,317.0,319.0,310,30283,ok
2019-05-19,310,310.0,312.0,309,24590,ok
2019-05-20,310,315.0,315.0,309,12290,ok
2019-05-21,309,308.0,311.0,308,22203,ok
2019-05-22,310,308.0,310.0,308,20296,ok
2019-05-23,304,311.0,311.0,304,38543,ok
2019-05-26,305,310.0,310.0,305,32579,ok
2019-05-27,307,305.0,308.0,303,19596,ok
2019-05-28,306,303.0,310.0,305,12909,ok
2019-05-29,306,310.0,310.0,306,12510,ok
2019-05-30,309,310.0,320.0,309,79389,ok
2019-06-02,307,310.0,311.0,305,12872,ok
2019-06-03,303,307.0,309.0,303,18349,ok
2019-06-04,304,303.0,308.0,303,32054,ok
2019-06-06,302,303.0,304.0,301,20199,ok
2019-06-10,301,303.0,304.0,299,50523,ok
2019-06-11,298,306.0,306.0,298,27791,ok
2019-06-12,300,300.0,301.0,297,14160,ok
2019-06-13,298,298.0,300.0,297,11270,ok
2019-06-16,296,297.0,300.0,295,23759,ok
2019-06-17,296,300.0,300.0,294,19924,ok
2019-06-18,297,298.0,300.0,296,6615,ok
2019-06-19,297,297.0,297.0,295,16688,ok
2019-06-20,300,298.0,305.0,296,28075,ok
2019-06-23,300,300.0,301.0,298,42038,ok
2019-06-24,306,298.0,306.0,298,42428,ok
2019-06-25,306,308.0,308.0,304,24634,ok
2019-06-26,302,305.0,305.0,301,11742,ok
2019-06-27,304,303.0,306.0,302,23269,ok
2019-06-30,299,301.0,303.0,299,28909,ok
2019-07-01,297,298.0,299.0,296,27413,ok
2019-07-02,294,295.0,296.0,292,37017,ok
2019-07-03,297,298.0,298.0,292,50134,ok
2019-07-04,295,305.0,305.0,293,32830,ok
2020-01-20,277,245.0,277.0,245,929,ok
2020-01-21,304,282.0,304.7,282,128791,ok
2020-01-22,305,319.0,331.0,304,1977590,ok
2020-01-23,296,310.0,310.0,294,522413,ok
2020-01-26,289,293.0,295.0,289,201028,ok
2020-01-27,295,289.0,297.0,288,180162,ok
2020-01-28,290,300.0,300.0,289,341189,ok
2020-01-29,288,291.0,292.0,286,118782,ok
2020-01-30,289,290.0,290.0,286,156185,ok
2020-02-02,290,290.0,295.0,289,167316,ok
2020-02-03,289,295.0,295.0,288,173488,ok
2020-02-04,287,303.0,303.0,285,130237,ok
2020-02-05,286,288.0,289.0,285,75127,ok
2020-02-06,283,286.0,287.0,282,86132,ok
2020-02-09,282,284.0,286.0,280,125577,ok
2020-02-10,281,283.0,284.0,280,69987,ok
2020-02-11,281,280.0,284.0,280,98692,ok
2020-02-12,279,286.0,286.0,279,101537,ok
2020-02-13,276,281.0,282.0,276,83237,ok
2020-02-16,278,276.0,280.0,275,61469,ok
2020-02-17,286,279.0,291.0,278,127999,ok
2020-02-18,286,290.0,291.0,284,110095,ok
2020-02-19,284,289.0,289.0,283,94212,ok
2020-02-20,283,284.0,286.0,281,146755,ok
2020-02-23,297,281.0,300.0,281,254005,ok
2020-02-24,292,297.0,302.0,290,306383,ok
2020-02-25,292,306.0,306.0,288,126206,ok
2020-02-26,296,290.0,299.0,290,262409,ok
2020-02-27,306,295.0,309.0,292,385364,ok
2020-03-01,312,306.0,325.0,307,821022,ok
2020-03-02,300,307.0,313.0,296,247421,ok
2020-03-03,300,300.0,307.0,290,321160,ok
2020-03-04,288,300.0,305.0,285,258628,ok
2020-03-05,286,290.0,290.0,285,208951,ok
2020-03-10,270,286.0,286.0,270,167615,ok
2020-03-11,280,275.0,285.0,268,191117,ok
2020-03-12,274,281.0,281.0,273,163351,ok
2020-03-15,266,275.0,275.0,266,166996,ok
2020-03-16,265,271.0,271.0,260,131315,ok
2020-03-17,259,264.0,266.0,258,133400,ok
2020-03-18,254,259.0,259.0,249,161717,ok
2020-03-19,255,249.0,258.0,236,152312,ok
2020-03-22,248,258.0,260.0,248,20871,ok
2020-05-12,241,244.0,244.0,241,871,ok
2020-05-13,234,239.0,239.0,234,282,ok
2020-06-29,228,230.0,230.0,211,66325,ok
2020-06-30,244,224.0,244.0,221,22351,ok
2020-07-01,263,249.0,265.0,249,24105,ok
2020-07-02,238,268.0,268.0,237,54657,ok
2020-07-05,234,238.0,242.0,226,95126,ok
2020-07-06,241,237.0,242.0,235,49878,ok
2020-07-07,245,241.0,250.0,241,68615,ok
2020-07-08,243,248.0,251.0,241,44731,ok
2020-07-09,243,243.0,246.0,240,43252,ok
2020-07-12,239,247.0,247.0,236,185612,ok
2020-07-13,241,240.0,245.0,237,57463,ok
2020-07-14,241,245.0,245.0,238,76311,ok
2020-07-15,239,241.0,244.0,239,70406,ok
2020-07-16,253,243.0,255.0,243,100134,ok
2020-07-19,263,258.0,263.0,258,130,ok
2020-07-20,272,276.0,289.0,268,323732,ok
2020-07-21,271,285.0,285.0,265,98529,ok
2020-07-22,262,272.0,275.0,260,97385,ok
2020-07-23,263,259.0,265.0,258,58403,ok
2020-07-26,267,268.0,270.0,261,74489,ok
2020-07-27,267,269.0,270.0,263,83902,ok
2020-07-28,262,266.0,271.0,262,78945,ok
2020-07-29,259,263.0,264.0,258,79091,ok
2020-07-30,259,264.0,264.0,256,80628,ok
2020-08-02,250,259.0,259.0,250,124306,ok
2020-08-03,251,250.0,257.0,244,76236,ok
2020-08-05,248,255.0,255.0,246,67749,ok
2020-08-06,247,249.0,249.0,243,75238,ok
2020-08-09,250,247.0,250.0,243,61119,ok
2020-08-10,256,245.0,258.0,245,79380,ok
2020-08-11,257,260.0,265.0,256,71461,ok
2020-08-12,256,255.0,259.0,255,42504,ok
2020-08-13,254,258.0,258.0,252,64084,ok
2020-08-16,252,254.0,254.0,246,101086,ok
2020-08-17,253,252.0,254.0,250,156576,ok
2020-08-18,254,254.0,256.0,250,188369,ok
2020-08-19,251,256.0,256.0,249,105861,ok
2020-08-20,251,254.0,254.0,250,41101,ok
2020-08-23,252,254.0,254.0,250,41731,ok
2020-08-24,252,256.0,256.0,247,472810,ok
2020-08-25,253,256.0,256.0,251,110349,ok
2020-08-26,258,255.0,258.0,253,117579,ok
2020-08-27,256,263.0,263.0,255,81338,ok
2020-08-30,254,256.0,257.0,252,84053,ok
2020-08-31,255,256.0,256.0,253,128239,ok
2020-09-02,264,265.0,265.0,258,197596,ok
2020-09-03,265,270.0,274.0,263,185244,ok
2020-09-06,266,278.0,278.0,265,200434,ok
2020-09-07,263,268.0,269.0,260,95833,ok
2020-09-08,260,270.0,270.0,259,63629,ok
2020-09-09,260,260.0,263.0,259,77492,ok
2020-09-10,263,265.0,268.0,260,43558,ok
2020-09-13,263,264.0,267.0,260,77174,ok
2020-09-14,264,263.0,266.0,260,218057,ok
2020-09-15,265,265.0,269.0,263,83711,ok
2020-09-16,263,265.0,265.0,261,54621,ok
2020-09-17,269,274.0,274.0,263,126666,ok
2020-09-20,272,282.0,282.0,269,172128,ok
2020-09-21,274,273.0,276.0,268,167601,ok
2020-09-22,269,274.0,275.0,268,116532,ok
2020-09-23,269,268.0,270.0,265,72433,ok
2020-09-24,269,269.0,270.0,266,61519,ok
2020-09-27,271,280.0,280.0,268,97643,ok
2020-09-28,270,268.0,274.0,268,88230,ok
2020-09-29,268,270.0,270.0,267,51044,ok
2020-09-30,265,270.0,270.0,264,71296,ok
2020-10-01,272,272.0,272.0,265,106995,ok
2020-10-04,279,277.0,285.0,274,193130,ok
2020-10-05,277,281.0,283.0,276,109828,ok
2020-10-06,275,279.0,279.0,275,70165,ok
2020-10-07,276,277.0,277.0,274,147512,ok
2020-10-08,275,276.0,279.0,273,141927,ok
2020-10-11,271,270.0,279.0,270,93944,ok
2020-10-12,272,269.0,274.0,269,107604,ok
2020-10-13,272,277.0,277.0,272,68373,ok
2020-10-14,271,285.0,285.0,271,59518,ok
2020-10-15,272,274.0,275.0,271,80395,ok
2020-10-18,272,275.0,281.0,271,50963,ok
2020-10-19,275,274.0,275.0,272,49944,ok
2020-10-20,276,277.0,278.0,274,42566,ok
2020-10-21,282,280.0,282.0,277,162105,ok
2020-10-22,288,290.0,290.0,284,263183,ok
2020-10-28,301,302.0,302.0,297,690710,ok
2020-10-29,299,305.0,307.0,297,402254,ok
2020-11-01,297,305.0,305.0,294,304607,ok
2020-11-02,291,283.0,297.0,283,233052,ok
2020-11-03,294,278.0,297.0,278,107926,ok
2020-11-04,293,308.0,308.0,291,84418,ok
2020-11-05,292,294.0,295.0,291,140170,ok
2020-11-08,294,294.0,295.0,292,168722,ok
2020-11-09,293,292.0,295.0,292,141559,ok
2020-11-10,293,295.0,295.0,292,115373,ok
2020-11-11,293,294.0,295.0,292,149499,ok
2020-11-12,295,300.0,300.0,293,214419,ok
2020-11-18,300,300.0,301.0,297,261887,ok
2020-11-19,300,314.0,314.0,299,257825,ok
2020-11-22,304,305.0,309.0,301,323417,ok
2020-11-23,308,304.0,310.0,304,254274,ok
2020-11-24,307,309.0,312.0,307,190821,ok
2020-11-25,311,313.0,313.0,308,182242,ok
2020-11-26,318,314.0,320.0,312,319855,ok
2020-11-29,349,320.0,349.0,320,813142,ok
2020-11-30,360,366.0,383.0,355,729305,ok
2020-12-01,349,367.0,369.0,339,379380,ok
2020-12-02,353,355.0,358.0,348,289141,ok
2020-12-03,345,357.0,367.0,344,340902,ok
2020-12-06,329,345.0,352.0,328,351637,ok
2020-12-07,339,329.0,345.0,322,311868,ok
2020-12-08,339,355.0,355.0,335,209162,ok
2020-12-09,330,337.0,339.0,328,254829,ok
2020-12-10,329,331.0,334.0,325,174717,ok
2020-12-13,336,329.0,339.0,329,171383,ok
2020-12-14,341,352.0,352.0,337,203129,ok
2020-12-15,339,358.0,358.0,338,205468,ok
2020-12-16,342,340.0,342.0,337,157586,ok
2020-12-17,339,342.0,344.0,338,159315,ok
2020-12-20,327,340.0,340.0,325,312013,ok
2020-12-21,333,320.0,337.0,307,405009,ok
2020-12-22,343,347.0,347.0,337,293192,ok
2020-12-23,348,360.0,360.0,347,330689,ok
2020-12-24,359,350.0,359.0,347,376008,ok
2020-12-27,352,360.0,360.0,351,430457,ok
2020-12-28,353,354.0,360.0,347,362278,ok
2020-12-29,350,359.0,359.0,347,669605,ok
2020-12-30,306,310.0,310.0,300,290146,ok
2020-12-31,309,308.0,312.0,302,284887,ok
2021-01-03,320,312.0,320.0,309,266110,ok
2021-01-04,318,325.0,330.0,315,185178,ok
2021-01-05,314,320.0,322.0,312,113673,ok
2021-01-06,315,315.0,317.0,312,128949,ok
2021-01-07,315,315.0,318.0,313,186361,ok
2021-01-10,328,321.0,329.0,317,434030,ok
2021-01-11,338,335.0,345.0,333,432542,ok
2021-01-12,340,345.0,345.0,334,165810,ok
2021-01-13,339,345.0,345.0,338,191805,ok
2021-01-17,336,345.0,345.0,334,249522,ok
2021-01-18,336,338.0,339.0,335,220997,ok
2021-01-19,334,350.0,350.0,333,215792,ok
2021-01-20,333,350.0,350.0,328,149578,ok
2021-01-21,332,335.0,335.0,330,210724,ok
2021-01-24,335,335.0,340.0,332,214742,ok
2021-01-25,337,351.0,351.0,333,259608,ok
2021-01-26,336,353.0,353.0,334,192160,ok
2021-01-27,334,339.0,339.0,333,161821,ok
