date,close,open,high,low,volume,s,RSI
2015-01-01,184.32,184.32,184.32,184.32,0,ok,
2015-01-05,185.08,185.08,185.08,185.08,0,ok,
2015-01-13,183.05,183.05,183.05,183.05,0,ok,
2015-02-16,190.23,190.23,190.23,190.23,0,ok,
2015-02-18,191.08,191.08,191.08,191.08,0,ok,
2015-03-02,195.7,195.7,195.7,195.7,0,ok,
2015-03-04,196.93,196.93,196.93,196.93,0,ok,
2015-03-30,197.0,197.0,197.0,197.0,0,ok,
2015-04-02,193.63,193.63,193.63,193.63,0,ok,
2015-04-05,196.93,196.93,196.93,196.93,0,ok,
2015-04-06,200.3,200.3,200.3,200.3,0,ok,
2015-04-07,200.81,200.81,200.81,200.81,0,ok,
2015-04-08,204.27,204.27,204.27,204.27,0,ok,
2015-04-09,200.39,200.39,200.39,200.39,0,ok,
2015-04-12,207.23,207.23,207.23,207.23,0,ok,77.62237762237758
2015-04-23,206.74,206.74,206.74,206.74,0,ok,76.28640776699028
2015-05-25,207.96,207.96,207.96,207.96,0,ok,80.83684080217874
2015-06-02,216.91,216.91,216.91,216.91,0,ok,81.6413662239089
2015-06-04,229.83,229.83,229.83,229.83,0,ok,85.72745712705144
2015-06-07,226.45,226.45,226.45,226.45,0,ok,79.01490847329681
2015-06-10,222.48,222.48,222.48,222.48,0,ok,72.92302171182483
2015-06-11,220.54,220.54,220.54,220.54,0,ok,70.43402777777776
2015-06-16,218.85,218.85,218.85,218.85,0,ok,72.5500715307582
2015-06-17,220.54,220.54,220.54,220.54,0,ok,71.73632848462528
2015-06-30,216.74,216.74,216.74,216.74,0,ok,65.01644135915235
2015-07-05,213.11,213.11,213.11,213.11,0,ok,60.629104735568625
2015-07-08,213.11,213.11,213.11,213.11,0,ok,58.12500000000001
2015-07-12,209.48,209.48,209.48,209.48,0,ok,58.393351800554015
2015-07-15,205.93,205.93,205.93,205.93,0,ok,48.72198191112861
2015-07-16,202.39,202.39,202.39,202.39,0,ok,45.96549805230939
2015-07-22,202.88,202.88,202.88,202.88,0,ok,45.22376833396013
2015-07-30,206.34,206.34,206.34,206.34,0,ok,38.91801216187882
2015-08-02,212.0,212.0,212.0,212.0,0,ok,27.949542418995804
2015-08-17,206.51,206.51,206.51,206.51,0,ok,26.563234602726865
2015-09-03,206.99,206.99,206.99,206.99,0,ok,30.166453265044865
2015-09-29,207.97,207.97,207.97,207.97,0,ok,33.49960619585195
2015-12-15,207.97,207.97,207.97,207.97,0,ok,35.05494505494508
2015-12-27,207.97,207.97,207.97,207.97,0,ok,31.892826274848773
2016-01-03,211.52,211.52,211.52,211.52,0,ok,42.42600116076612
2016-01-05,211.43,211.43,211.43,211.43,0,ok,47.28331177231565
2016-01-06,209.91,209.91,209.91,209.91,0,ok,45.067817509247824
2016-01-07,198.85,198.85,198.85,198.85,0,ok,36.66917481815905
2016-01-14,201.38,201.38,201.38,201.38,0,ok,44.14414414414415
2016-06-06,201.38,201.38,201.38,201.38,0,ok,48.56981025205326
2016-06-07,201.38,201.38,201.38,201.38,0,ok,47.84606547960942
2016-06-08,201.38,201.38,201.38,201.38,0,ok,42.09183673469387
2016-06-12,201.38,201.38,201.38,201.38,0,ok,29.338521400778234
2016-06-13,201.38,201.38,201.38,201.38,0,ok,37.30826323602181
2016-06-19,201.38,201.38,201.38,201.38,0,ok,35.78307146477444
2016-06-20,201.38,201.38,201.38,201.38,0,ok,32.42666666666668
2016-06-22,201.38,201.38,201.38,201.38,0,ok,32.42666666666668
2016-06-26,201.38,201.38,201.38,201.38,0,ok,32.42666666666668
2016-06-27,201.38,201.38,201.38,201.38,0,ok,16.64473684210526
2016-06-28,202.79,201.38,202.79,202.79,0,ok,23.84987893462467
2016-06-29,202.79,202.79,202.79,202.79,0,ok,26.26666666666665
2016-06-30,202.79,202.79,202.79,202.79,0,ok,100.0
2016-07-03,202.79,202.79,202.79,202.79,0,ok,100.0
2016-07-04,202.79,202.79,202.79,202.79,0,ok,100.0
2016-07-05,202.79,202.79,202.79,202.79,0,ok,100.0
2016-07-06,202.79,202.79,202.79,202.79,0,ok,100.0
2016-07-11,202.79,202.79,202.79,202.79,0,ok,100.0
2016-07-12,202.79,202.79,202.79,202.79,0,ok,100.0
2016-07-13,202.79,202.79,202.79,202.79,0,ok,100.0
2016-07-14,202.79,202.79,202.79,202.79,0,ok,100.0
2016-07-17,202.79,202.79,202.79,202.79,0,ok,100.0
2016-07-18,202.79,202.79,202.79,202.79,0,ok,100.0
2016-07-19,202.79,202.79,202.79,202.79,0,ok,100.0
2016-07-20,202.79,202.79,202.79,202.79,0,ok,
2016-07-21,202.79,202.79,202.79,202.79,0,ok,
2016-07-21,202.79,202.79,202.79,202.79,0,ok,
2016-07-26,202.79,202.79,202.79,202.79,0,ok,
2016-07-27,202.79,202.79,202.79,202.79,0,ok,
2016-07-28,202.79,202.79,202.79,202.79,0,ok,
2016-07-31,202.79,202.79,202.79,202.79,0,ok,
2016-08-01,202.79,202.79,202.79,202.79,0,ok,
2016-08-02,202.79,202.79,202.79,202.79,0,ok,
2016-08-03,202.79,202.79,202.79,202.79,0,ok,
2016-08-07,202.79,202.79,202.79,202.79,0,ok,
2016-08-08,202.79,202.79,202.79,202.79,0,ok,
2016-08-08,202.79,202.79,202.79,202.79,0,ok,
2016-08-09,202.79,202.79,202.79,202.79,0,ok,
2016-08-10,202.79,202.79,202.79,202.79,0,ok,
2016-08-11,202.79,202.79,202.79,202.79,0,ok,
2016-08-14,202.79,202.79,202.79,202.79,0,ok,
2016-08-16,202.79,202.79,202.79,202.79,0,ok,
2016-08-17,202.79,202.79,202.79,202.79,0,ok,
2016-08-22,202.79,202.79,202.79,202.79,0,ok,
2016-08-23,202.79,202.79,202.79,202.79,0,ok,
2016-08-24,202.79,202.79,202.79,202.79,0,ok,
2016-08-28,202.79,202.79,202.79,202.79,0,ok,
2016-08-28,202.79,202.79,202.79,202.79,0,ok,
2016-08-29,202.79,202.79,202.79,202.79,0,ok,
2016-08-30,202.79,202.79,202.79,202.79,0,ok,
2016-08-31,202.79,202.79,202.79,202.79,0,ok,
2016-09-01,202.79,202.79,202.79,202.79,0,ok,
2016-09-04,202.79,202.79,202.79,202.79,0,ok,
2016-09-05,202.79,202.79,202.79,202.79,0,ok,
2016-09-06,202.79,202.79,202.79,202.79,0,ok,
2016-09-07,202.79,202.79,202.79,202.79,0,ok,
2016-09-08,202.79,202.79,202.79,202.79,0,ok,
2016-09-11,202.79,202.79,202.79,202.79,0,ok,
2016-09-12,202.79,202.79,202.79,202.79,0,ok,
2016-09-18,202.79,202.79,202.79,202.79,0,ok,
2016-09-18,202.79,202.79,202.79,202.79,0,ok,
2016-09-20,202.79,202.79,202.79,202.79,0,ok,
2016-09-21,202.79,202.79,202.79,202.79,0,ok,
2016-09-21,202.79,202.79,202.79,202.79,0,ok,
2016-09-22,202.79,202.79,202.79,202.79,0,ok,
2016-09-25,202.79,202.79,202.79,202.79,0,ok,
2016-09-28,202.79,202.79,202.79,202.79,0,ok,
2016-09-29,202.79,202.79,202.79,202.79,0,ok,
2016-10-02,202.79,202.79,202.79,202.79,0,ok,
2016-10-03,202.79,202.79,202.79,202.79,0,ok,
2016-10-04,202.79,202.79,202.79,202.79,0,ok,
2016-10-06,202.79,202.79,202.79,202.79,0,ok,
2016-10-16,202.79,202.79,202.79,202.79,0,ok,
2016-10-17,202.79,202.79,202.79,202.79,0,ok,
2016-10-19,202.79,202.79,202.79,202.79,0,ok,
2016-10-20,202.79,202.79,202.79,202.79,0,ok,
2016-10-23,202.79,202.79,202.79,202.79,0,ok,
2016-10-24,202.79,202.79,202.79,202.79,0,ok,
2016-10-25,202.79,202.79,202.79,202.79,0,ok,
2016-10-26,202.79,202.79,202.79,202.79,0,ok,
2016-10-27,202.79,202.79,202.79,202.79,0,ok,
2016-11-03,202.79,202.79,202.79,202.79,0,ok,
2016-11-07,202.79,202.79,202.79,202.79,0,ok,
2016-11-08,202.79,202.79,202.79,202.79,0,ok,
2016-11-09,202.79,202.79,202.79,202.79,0,ok,
2016-11-10,202.79,202.79,202.79,202.79,0,ok,
2016-11-13,202.79,202.79,202.79,202.79,0,ok,
2016-11-14,202.79,202.79,202.79,202.79,0,ok,
2016-11-15,202.79,202.79,202.79,202.79,0,ok,
2016-11-16,202.79,202.79,202.79,202.79,0,ok,
2016-11-17,202.79,202.79,202.79,202.79,0,ok,
2016-11-20,202.79,202.79,202.79,202.79,0,ok,
2016-11-21,203.91,202.79,203.91,203.35,266445,ok,100.0
2016-11-22,203.91,203.91,203.91,203.91,0,ok,100.0
2016-11-23,203.91,203.91,203.91,203.91,0,ok,100.0
2016-11-24,203.91,203.91,203.91,203.91,0,ok,100.0
2016-11-27,203.91,203.91,203.91,203.91,0,ok,100.0
2016-11-28,203.91,203.91,203.91,203.91,0,ok,100.0
2016-11-29,203.91,203.91,203.91,203.91,0,ok,100.0
2016-11-30,203.91,203.91,203.91,203.91,0,ok,100.0
2016-12-01,203.91,203.91,203.91,203.91,0,ok,100.0
2016-12-04,203.91,203.91,203.91,203.91,0,ok,100.0
2016-12-05,203.91,203.91,203.91,203.91,0,ok,100.0
2016-12-06,203.91,203.91,203.91,203.91,0,ok,100.0
2016-12-07,203.91,203.91,203.91,203.91,0,ok,100.0
2016-12-08,203.91,203.91,203.91,203.91,0,ok,100.0
2016-12-11,203.91,203.91,203.91,203.91,0,ok,
2016-12-12,203.91,203.91,203.91,203.91,0,ok,
2016-12-14,203.91,203.91,203.91,203.91,0,ok,
2016-12-15,203.91,203.91,203.91,203.91,0,ok,
2016-12-18,203.91,203.91,203.91,203.91,0,ok,
2016-12-19,203.91,203.91,203.91,203.91,0,ok,
2016-12-20,203.91,203.91,203.91,203.91,0,ok,
2016-12-21,205.03,203.91,205.03,204.47,8507,ok,100.0
2016-12-22,205.03,205.03,205.03,205.03,0,ok,100.0
2016-12-26,205.03,205.03,205.03,205.03,0,ok,100.0
2016-12-27,205.03,205.03,205.03,205.03,0,ok,100.0
2016-12-28,205.03,205.03,205.03,205.03,0,ok,100.0
2016-12-29,205.03,205.03,205.03,205.03,0,ok,100.0
2017-01-01,205.03,205.03,205.03,205.03,0,ok,100.0
2017-01-02,205.03,205.03,205.03,205.03,0,ok,100.0
2017-01-03,205.03,205.03,205.03,205.03,0,ok,100.0
2017-01-04,205.03,205.03,205.03,205.03,0,ok,100.0
2017-01-05,205.03,205.03,205.03,205.03,0,ok,100.0
2017-01-08,205.03,205.03,205.03,205.03,0,ok,100.0
2017-01-09,205.03,205.03,205.03,205.03,0,ok,100.0
2017-01-10,205.03,205.03,205.03,205.03,0,ok,100.0
2017-01-11,205.03,205.03,205.03,205.03,0,ok,
2017-01-12,205.03,205.03,205.03,205.03,0,ok,
2017-01-15,205.03,205.03,205.03,205.03,0,ok,
2017-01-16,205.03,205.03,205.03,205.03,0,ok,
2017-01-17,205.03,205.03,205.03,205.03,0,ok,
2017-01-18,205.03,205.03,205.03,205.03,0,ok,
2017-01-19,206.16,205.03,206.16,205.6,26485,ok,100.0
2017-01-22,206.16,206.16,206.16,206.16,0,ok,100.0
2017-01-23,206.16,206.16,206.16,206.16,0,ok,100.0
2017-01-24,206.16,206.16,206.16,206.16,0,ok,100.0
2017-01-25,206.16,206.16,206.16,206.16,0,ok,100.0
2017-01-26,206.16,206.16,206.16,206.16,0,ok,100.0
2017-01-30,206.16,206.16,206.16,206.16,0,ok,100.0
2017-01-31,206.16,206.16,206.16,206.16,0,ok,100.0
2017-02-01,206.16,206.16,206.16,206.16,0,ok,100.0
2017-02-02,206.16,206.16,206.16,206.16,0,ok,100.0
2017-02-05,206.16,206.16,206.16,206.16,0,ok,100.0
2017-02-06,206.16,206.16,206.16,206.16,0,ok,100.0
2017-02-07,206.16,206.16,206.16,206.16,0,ok,100.0
2017-02-08,206.16,206.16,206.16,206.16,0,ok,100.0
2017-02-09,206.16,206.16,206.16,206.16,0,ok,
2017-02-12,206.16,206.16,206.16,206.16,0,ok,
2017-02-13,206.16,206.16,206.16,206.16,0,ok,
2017-02-14,206.16,206.16,206.16,206.16,0,ok,
2017-02-15,206.16,206.16,206.16,206.16,0,ok,
2017-02-16,206.16,206.16,206.16,206.16,0,ok,
2017-02-19,206.16,206.16,206.16,206.16,0,ok,
2017-02-20,206.16,206.16,206.16,206.16,0,ok,
2017-02-21,206.16,206.16,206.16,206.16,0,ok,
2017-02-22,206.16,206.16,206.16,206.16,0,ok,
2017-02-23,206.16,206.16,206.16,206.16,0,ok,
2017-02-26,206.16,206.16,206.16,206.16,0,ok,
2017-02-28,206.16,206.16,206.16,206.16,0,ok,
2017-03-01,206.16,206.16,206.16,206.16,0,ok,
2017-03-02,206.16,206.16,206.16,206.16,0,ok,
2017-03-05,206.16,206.16,206.16,206.16,0,ok,
2017-03-06,206.16,206.16,206.16,206.16,0,ok,
2017-03-07,206.16,206.16,206.16,206.16,0,ok,
2017-03-09,206.16,206.16,206.16,206.16,0,ok,
2017-03-13,206.16,206.16,206.16,206.16,0,ok,
2017-03-14,206.16,206.16,206.16,206.16,0,ok,
2017-03-15,206.16,206.16,206.16,206.16,0,ok,
2017-03-16,206.16,206.16,206.16,206.16,0,ok,
2017-03-19,206.16,206.16,206.16,206.16,0,ok,
2017-03-20,206.16,206.16,206.16,206.16,0,ok,
2017-03-21,206.16,206.16,206.16,206.16,0,ok,
2017-03-22,206.16,206.16,206.16,206.16,0,ok,
2017-03-23,206.16,206.16,206.16,206.16,0,ok,
2017-03-26,206.16,206.16,206.16,206.16,0,ok,
2017-03-28,206.16,206.16,206.16,206.16,0,ok,
2017-03-29,207.84,206.16,207.84,206.72,4299920,ok,100.0
2017-03-30,207.84,207.84,207.84,207.84,0,ok,100.0
2017-04-02,207.84,207.84,207.84,207.84,0,ok,100.0
2017-04-03,209.25,207.84,209.25,208.54,41710,ok,100.0
2017-04-04,209.25,209.25,209.25,209.25,0,ok,100.0
2017-04-06,209.25,209.25,209.25,209.25,0,ok,100.0
2017-04-09,209.25,209.25,209.25,209.25,0,ok,100.0
2017-04-10,209.25,209.25,209.25,209.25,0,ok,100.0
2017-04-11,209.25,209.25,209.25,209.25,0,ok,100.0
2017-04-12,209.25,209.25,209.25,209.25,0,ok,100.0
2017-04-13,209.25,209.25,209.25,209.25,0,ok,100.0
2017-04-16,209.25,209.25,209.25,209.25,0,ok,100.0
2017-04-18,209.25,209.25,209.25,209.25,0,ok,100.0
2017-04-19,209.25,209.25,209.25,209.25,0,ok,100.0
2017-04-20,209.25,209.25,209.25,209.25,0,ok,100.0
2017-04-23,209.25,209.25,209.25,209.25,0,ok,100.0
2017-04-24,209.25,209.25,209.25,209.25,0,ok,100.0
2017-04-25,211.35,209.25,211.35,209.95,153622,ok,100.0
2017-04-26,211.35,211.35,211.35,211.35,0,ok,100.0
2017-04-27,211.35,211.35,211.35,211.35,0,ok,100.0
2017-04-30,211.35,211.35,211.35,211.35,0,ok,100.0
2017-05-02,211.35,211.35,211.35,211.35,0,ok,100.0
2017-05-03,211.35,211.35,211.35,211.35,0,ok,100.0
2017-05-04,211.35,211.35,211.35,211.35,0,ok,100.0
2017-05-07,211.35,211.35,211.35,211.35,0,ok,100.0
2017-05-08,211.35,211.35,211.35,211.35,0,ok,100.0
2017-05-09,211.35,211.35,211.35,211.35,0,ok,100.0
2017-05-11,212.76,211.35,212.76,212.05,90898,ok,100.0
2017-05-15,212.76,212.76,212.76,212.76,0,ok,100.0
2017-05-16,212.76,212.76,212.76,212.76,0,ok,100.0
2017-05-17,212.76,212.76,212.76,212.76,0,ok,100.0
2017-05-18,212.76,212.76,212.76,212.76,0,ok,100.0
2017-05-21,212.76,212.76,212.76,212.76,0,ok,100.0
2017-05-22,212.76,212.76,212.76,212.76,0,ok,100.0
2017-05-23,212.76,212.76,212.76,212.76,0,ok,100.0
2017-05-24,212.76,212.76,212.76,212.76,0,ok,100.0
2017-05-28,212.76,212.76,212.76,212.76,0,ok,100.0
2017-05-30,212.76,212.76,212.76,212.76,0,ok,100.0
2017-05-31,212.76,212.76,212.76,212.76,0,ok,100.0
2017-06-01,212.76,212.76,212.76,212.76,0,ok,100.0
2017-06-04,212.76,212.76,212.76,212.76,0,ok,100.0
2017-06-05,212.76,212.76,212.76,212.76,0,ok,
2017-06-06,212.76,212.76,212.76,212.76,0,ok,
2017-06-07,212.76,212.76,212.76,212.76,0,ok,
2017-06-08,212.76,212.76,212.76,212.76,0,ok,
2017-06-11,212.76,212.76,212.76,212.76,0,ok,
2017-06-12,212.76,212.76,212.76,212.76,0,ok,
2017-06-13,212.76,212.76,212.76,212.76,0,ok,
2017-06-14,212.76,212.76,212.76,212.76,0,ok,
2017-06-15,212.76,212.76,212.76,212.76,0,ok,
2017-06-18,212.76,212.76,212.76,212.76,0,ok,
2017-06-19,212.76,212.76,212.76,212.76,0,ok,
2017-06-20,212.76,212.76,212.76,212.76,0,ok,
2017-06-21,212.76,212.76,212.76,212.76,0,ok,
2017-06-22,212.76,212.76,212.76,212.76,0,ok,
2017-06-25,212.76,212.76,212.76,212.76,0,ok,
2017-06-27,212.76,212.76,212.76,212.76,0,ok,
2017-06-28,212.76,212.76,212.76,212.76,0,ok,
2017-07-02,212.76,212.76,212.76,212.76,0,ok,
2017-07-03,212.76,212.76,212.76,212.76,0,ok,
2017-07-04,212.76,212.76,212.76,212.76,0,ok,
2017-07-05,212.76,212.76,212.76,212.76,0,ok,
2017-07-06,212.76,212.76,212.76,212.76,0,ok,
2017-07-09,212.76,212.76,212.76,212.76,0,ok,
2017-07-10,212.76,212.76,212.76,212.76,0,ok,
2017-07-11,212.76,212.76,212.76,212.76,0,ok,
2017-07-12,212.76,212.76,212.76,212.76,0,ok,
2017-07-13,212.76,212.76,212.76,212.76,0,ok,
2017-07-16,212.76,212.76,212.76,212.76,0,ok,
2017-07-17,212.76,212.76,212.76,212.76,0,ok,
2017-07-18,212.76,212.76,212.76,212.76,0,ok,
2017-07-19,212.76,212.76,212.76,212.76,0,ok,
2017-07-20,212.76,212.76,212.76,212.76,0,ok,
2017-07-23,212.76,212.76,212.76,212.76,0,ok,
2017-07-24,212.76,212.76,212.76,212.76,0,ok,
2017-07-25,214.11,212.76,214.11,213.43,368714,ok,100.0
2017-07-26,214.11,214.11,214.11,214.11,0,ok,100.0
2017-07-27,214.11,214.11,214.11,214.11,0,ok,100.0
2017-07-30,214.11,214.11,214.11,214.11,0,ok,100.0
2017-07-31,214.11,214.11,214.11,214.11,0,ok,100.0
2017-08-01,214.11,214.11,214.11,214.11,0,ok,100.0
2017-08-02,214.11,214.11,214.11,214.11,0,ok,100.0
2017-08-03,214.11,214.11,214.11,214.11,0,ok,100.0
2017-08-06,214.11,214.11,214.11,214.11,0,ok,100.0
2017-08-07,214.11,214.11,214.11,214.11,0,ok,100.0
2017-08-09,214.11,214.11,214.11,214.11,0,ok,100.0
2017-08-10,214.11,214.11,214.11,214.11,0,ok,100.0
2017-08-13,214.11,214.11,214.11,214.11,0,ok,100.0
2017-08-15,214.11,214.11,214.11,214.11,0,ok,100.0
2017-08-16,214.11,214.11,214.11,214.11,0,ok,
2017-08-17,214.11,214.11,214.11,214.11,0,ok,
2017-08-20,214.11,214.11,214.11,214.11,0,ok,
2017-08-21,214.11,214.11,214.11,214.11,0,ok,
2017-08-22,214.11,214.11,214.11,214.11,0,ok,
2017-08-23,214.11,214.11,214.11,214.11,0,ok,
2017-08-24,214.11,214.11,214.11,214.11,0,ok,
2017-08-27,214.11,214.11,214.11,214.11,0,ok,
2017-08-28,214.11,214.11,214.11,214.11,0,ok,
2017-08-30,214.11,214.11,214.11,214.11,0,ok,
2017-08-31,214.11,214.11,214.11,214.11,0,ok,
2017-09-04,214.11,214.11,214.11,214.11,0,ok,
2017-09-06,214.11,214.11,214.11,214.11,0,ok,
2017-09-07,214.11,214.11,214.11,214.11,0,ok,
2017-09-10,214.11,214.11,214.11,214.11,0,ok,
2017-09-11,214.11,214.11,214.11,214.11,0,ok,
2017-09-12,214.11,214.11,214.11,214.11,0,ok,
2017-09-13,214.11,214.11,214.11,214.11,0,ok,
2017-09-14,231.25,214.11,231.25,211.57,500184000,ok,100.0
2017-09-17,250.08,231.25,250.08,234.97,118380,ok,100.0
2017-09-18,270.78,250.08,270.78,254.22,3398460,ok,100.0
2017-09-20,293.58,270.78,293.58,272.38,17227400,ok,100.0
2017-09-24,278.29,293.58,298.56,278.29,2208160,ok,83.8644997889405
2017-09-25,254.73,278.29,277.87,254.73,1825820,ok,67.16531440162271
2017-09-26,233.95,254.73,250.51,233.53,4325520,ok,57.13156002875628
2017-10-03,237.75,233.95,237.75,230.15,159250,ok,58.27151854443665
2017-10-04,233.87,237.75,233.95,233.87,294370,ok,56.731162283689876
2017-10-08,224.33,233.87,230.07,214.78,1883700,ok,53.26893551688843
2017-10-09,221.29,224.33,227.96,211.57,545336,ok,52.252761044176694
2017-10-10,217.91,221.29,217.91,214.44,1137620,ok,51.16750645200933
2017-10-11,220.02,217.91,224.24,220.02,570160,ok,51.79253867151955
2017-10-12,220.27,220.02,226.1,220.27,256140,ok,51.86553603876438
2017-10-15,223.73,220.27,223.82,220.95,808110,ok,47.51684057588165
2017-10-16,219.51,223.73,220.19,214.95,929731,ok,38.827571083985084
2017-10-17,222.13,219.51,226.35,219.17,1079570,ok,29.512338920239216
2017-10-18,228.46,222.13,228.46,211.74,1462560,ok,18.159593193819703
2017-10-22,228.3,228.46,228.3,221.12,86220,ok,21.312980603695635
2017-10-23,220.02,228.3,224.66,220.02,147770,ok,25.84551148225472
2017-10-24,216.73,220.02,223.4,216.47,559126,ok,34.16114790286977
2017-10-25,228.46,216.73,230.41,219.93,1706900,ok,42.542944292823904
2017-10-29,225.93,228.46,225.93,221.45,225625,ok,43.48539547095505
2017-10-30,220.02,225.93,222.3,220.02,126270,ok,46.239748734950275
2017-10-31,220.02,220.02,223.4,220.02,317450,ok,48.82992445181502
2017-11-01,220.02,220.02,220.02,220.02,0,ok,52.07309884063669
2017-11-02,226.61,220.02,226.61,221.71,1322250,ok,55.950875925591475
2017-11-05,229.31,226.61,230.15,228.89,221200,ok,57.81736423382912
2017-11-06,227.03,229.31,230.83,227.03,505100,ok,52.913135593220346
2017-11-07,227.62,227.03,230.66,227.62,144313,ok,57.64950009432184
2017-11-08,223.99,227.62,224.49,223.99,213110,ok,51.72158459829694
2017-11-09,222.13,223.99,222.13,218.16,248790,ok,43.61251261352169
2017-11-12,219.0,222.13,219.0,218.58,123950,ok,41.14623000761615
2017-11-13,219.0,219.0,219.0,219.0,0,ok,48.847197106690764
2017-11-14,219.85,219.0,219.85,215.54,143270,ok,53.73205741626795
2017-11-15,216.55,219.85,223.31,216.55,394730,ok,32.154629907102176
2017-11-16,214.95,216.55,216.64,213.18,427000,ok,33.07644882860663
2017-11-19,214.95,214.95,214.95,214.95,0,ok,40.44477949491137
2017-11-20,203.38,214.95,211.83,203.38,4079950,ok,28.162729658792628
2017-11-21,219.0,203.38,219.26,200.85,2557510,ok,49.0506329113924
2017-11-22,219.0,203.38,220.69,209.8,1601160,ok,41.92658603861658
2017-11-23,215.63,219.0,219.0,215.54,446810,ok,35.69037656903765
2017-11-26,209.29,215.63,213.09,206.5,1307510,ok,32.89625915927496
2017-11-27,206.16,209.29,211.4,206.16,1661080,ok,30.275735294117638
2017-11-28,206.16,206.16,209.29,206.16,632510,ok,32.440417569430764
2017-11-29,209.04,206.16,214.78,209.04,781600,ok,37.3624251786059
2017-11-30,209.04,209.04,209.04,209.04,0,ok,39.765721331689264
2017-12-04,207.6,209.04,207.6,206.0,284710,ok,38.62275449101795
2017-12-05,207.69,207.6,207.69,205.15,734400,ok,37.677340899878395
2017-12-06,205.24,207.69,208.02,205.24,992670,ok,38.337801608579085
2017-12-10,205.24,205.24,205.49,205.24,260556,ok,39.6459799530817
2017-12-11,202.96,205.24,202.96,202.96,111600,ok,37.80760626398211
2017-12-12,199.66,202.96,201.27,199.66,840970,ok,45.452322738386314
2017-12-13,202.11,199.66,202.11,202.11,88050,ok,19.545618463757705
2017-12-14,205.24,202.11,205.24,202.11,37370,ok,27.705767984445913
2017-12-17,195.86,205.24,202.11,192.99,1431880,ok,23.189585028478476
2017-12-18,201.86,195.86,201.86,198.82,609110,ok,39.83027648508079
2017-12-19,200.93,201.86,204.05,200.93,166350,ok,42.38275560734053
2017-12-20,200.93,200.93,200.93,200.93,0,ok,42.38275560734053
2017-12-21,198.99,200.93,202.11,198.99,54760,ok,34.950584007187814
2017-12-24,196.28,198.99,196.28,196.2,231450,ok,32.32686980609421
2017-12-26,191.55,196.28,194.51,191.55,921840,ok,29.626808834729644
2017-12-27,191.55,191.55,191.55,191.55,0,ok,29.465648854961856
2017-12-28,196.37,191.55,196.37,193.67,89972,ok,39.35685145188385
2017-12-31,191.98,196.37,193.41,190.71,97070,ok,35.605731654363865
2018-01-01,194.85,191.98,194.85,194.85,17640,ok,41.30760986066451
2018-01-02,194.93,194.85,194.93,192.06,121890,ok,44.55445544554457
2018-01-03,193.58,194.93,193.58,189.1,6517580,ok,39.92440349633829
2018-01-04,190.71,193.58,191.13,190.71,1012000,ok,32.73116234846684
2018-01-07,190.71,190.71,193.5,189.61,905612,ok,42.12297338635668
2018-01-08,191.98,190.71,191.98,191.81,2075050,ok,32.33190271816878
2018-01-09,193.24,191.98,193.24,191.98,417050,ok,36.408624955814794
2018-01-10,192.4,193.24,192.4,191.13,242300,ok,35.35873669756266
2018-01-14,192.4,192.4,192.4,192.4,0,ok,37.88157410812799
2018-01-16,189.53,192.4,189.53,189.53,170100,ok,37.65996343692871
2018-01-17,189.53,189.53,189.53,189.53,0,ok,45.53492484526966
2018-01-21,191.55,189.53,194.51,191.55,541660,ok,50.0
2018-01-22,201.77,191.55,201.77,192.74,6539560,ok,58.98801597869507
2018-01-23,201.27,201.77,201.27,197.04,1354520,ok,67.76290630975144
2018-01-24,205.49,201.27,205.49,203.8,470090,ok,69.34545454545456
2018-01-25,213.77,205.49,216.47,208.61,3817320,ok,76.38655462184873
2018-01-28,203.38,213.77,216.47,203.38,608640,ok,60.95216808225299
2018-01-29,209.71,203.38,209.71,205.07,686050,ok,69.70954356846471
2018-01-31,213.93,209.71,213.93,209.8,512400,ok,72.14803510110643
2018-02-01,215.62,213.93,215.62,214.78,1103250,ok,72.36941710825131
2018-02-04,214.78,213.93,219.0,214.78,1434900,ok,70.5455932850057
2018-02-05,214.69,213.93,214.69,211.48,135590,ok,71.56957615637698
2018-02-06,208.87,214.69,211.4,208.87,212000,ok,64.3242303009219
2018-02-07,212.07,208.87,212.07,212.07,19380,ok,69.4915254237288
2018-02-08,211.99,212.07,215.28,211.99,39130,ok,69.39550949913645
2018-02-11,211.99,211.99,211.99,211.99,9500,ok,68.28919112383679
2018-02-12,216.71,211.99,216.71,210.55,709942,ok,64.82731242556571
2018-02-14,216.97,216.71,216.97,216.97,19400,ok,65.6561627443159
2018-02-15,222.96,216.97,222.96,218.66,1856920,ok,66.82720092467733
2018-02-18,222.96,222.96,222.96,222.96,0,ok,60.53174421269768
2018-02-20,219.92,222.96,219.92,219.92,395000,ok,72.79492833517088
2018-02-21,219.92,219.92,219.92,219.92,0,ok,67.04507512520865
2018-02-22,219.92,219.92,219.92,219.92,0,ok,61.64010882238629
2018-02-25,219.92,219.92,219.92,219.92,0,ok,58.94342762063225
2018-02-26,217.81,219.92,217.81,217.81,39000,ok,55.985776372975124
2018-02-27,217.81,217.81,217.81,217.81,0,ok,56.18556701030929
2018-02-28,211.39,217.81,214.6,211.39,37860,ok,54.87993803253289
2018-03-04,195.59,211.39,211.39,195.59,212080,ok,28.55283706402915
2018-03-05,202.44,195.59,202.44,196.69,188760,ok,39.43350298738658
2018-03-06,205.39,202.44,205.39,205.39,18030,ok,43.14499376817613
2018-03-07,208.43,205.39,208.43,208.43,55170,ok,41.0891089108911
2018-03-11,208.43,208.43,208.43,208.43,0,ok,40.757575757575765
2018-03-12,208.43,208.43,208.43,208.43,0,ok,31.93235513553843
2018-03-13,208.43,208.43,208.43,208.43,0,ok,31.93235513553843
2018-03-14,208.43,208.43,208.43,208.43,0,ok,34.54398708635999
2018-03-15,208.43,208.43,208.43,208.43,0,ok,34.54398708635999
2018-03-18,208.43,208.43,208.43,208.43,0,ok,34.54398708635999
2018-03-19,209.79,208.43,209.79,209.79,371000,ok,36.85439916947833
2018-03-20,209.79,209.79,209.79,209.79,0,ok,38.98956617243272
2018-03-21,209.79,209.79,209.79,209.79,0,ok,38.98956617243272
2018-03-22,209.79,209.79,209.79,209.79,0,ok,47.33333333333334
2018-03-26,209.79,209.79,209.79,209.79,0,ok,100.0
2018-03-27,206.66,209.79,206.66,206.66,18180,ok,70.13358778625955
2018-03-28,202.1,206.66,205.14,202.1,107640,ok,36.39371381306869
2018-03-29,199.06,202.1,204.97,199.06,2188610,ok,11.248966087675669
2018-04-01,199.06,202.1,199.06,199.06,0,ok,11.248966087675669
2018-04-02,199.06,199.06,199.06,199.06,0,ok,11.248966087675669
2018-04-03,201.76,199.06,201.76,198.8,286695,ok,27.45098039215675
2018-04-04,201.76,201.76,201.76,201.76,1601600,ok,27.45098039215675
2018-04-05,201.76,201.76,204.72,201.76,177750,ok,27.45098039215675
2018-04-08,209.36,201.76,209.36,204.63,272180,ok,52.07682000893258
2018-04-09,209.36,209.36,209.36,209.36,18500,ok,48.97765097479797
2018-04-10,209.36,209.36,209.36,209.36,0,ok,48.97765097479797
2018-04-11,209.36,209.36,209.36,209.36,0,ok,48.97765097479797
2018-04-12,209.36,209.36,209.36,209.36,0,ok,48.97765097479797
2018-04-15,209.36,209.36,209.36,209.36,0,ok,48.97765097479797
2018-04-16,209.36,209.36,209.36,209.36,0,ok,57.54189944134083
2018-04-17,203.79,209.36,206.83,200.24,1429860,ok,54.46853516657852
2018-04-18,208.18,203.79,208.18,205.14,321050,ok,72.50740375123391
2018-04-19,205.98,208.18,205.98,205.14,271130,ok,65.40516473731071
2018-04-22,205.98,205.98,205.98,205.98,0,ok,65.40516473731071
2018-04-23,199.99,205.98,202.94,199.99,227370,ok,46.56310679611655
2018-04-24,202.86,199.99,202.86,202.86,17730,ok,51.92173305380856
2018-04-25,202.69,202.86,205.73,202.69,556370,ok,51.61514414727337
2018-04-26,202.69,202.69,202.69,202.69,0,ok,34.261444077395
2018-04-29,203.45,202.69,203.45,203.45,17800,ok,36.537585421412274
2018-05-02,203.45,203.45,203.45,203.45,0,ok,36.537585421412274
2018-05-03,203.45,203.45,203.45,203.45,0,ok,36.537585421412274
2018-05-06,203.45,203.45,203.45,203.45,0,ok,36.537585421412274
2018-05-07,203.45,203.45,203.45,203.45,0,ok,36.537585421412274
2018-05-08,203.45,203.45,203.45,203.45,0,ok,36.537585421412274
2018-05-09,203.45,203.45,203.45,203.45,0,ok,48.96214896214895
2018-05-10,197.62,203.45,200.49,197.62,86910,ok,20.370370370370352
2018-05-14,195.0,197.62,195.42,195.0,336300,ok,19.90131578947367
2018-05-15,200.49,195.0,200.49,197.71,69470,ok,38.43236409608095
2018-05-16,206.32,200.49,206.32,203.37,84908,ok,63.428086550700016
2018-05-17,201.34,206.32,203.37,200.49,614850,ok,47.04049844236758
2018-05-20,201.34,201.34,201.34,201.34,0,ok,47.353978831830666
2018-05-21,201.34,201.34,201.34,201.34,0,ok,47.353978831830666
2018-05-22,201.34,201.34,201.34,201.34,0,ok,45.737373737373765
2018-05-23,201.34,201.34,201.34,201.34,0,ok,45.737373737373765
2018-05-24,204.3,201.34,204.3,204.3,17900,ok,51.53374233128838
2018-05-27,205.14,204.3,205.14,205.14,2500,ok,52.95971978984238
2018-05-28,207.67,205.14,207.67,207.67,54600,ok,56.7889317889318
2018-05-29,207.67,207.67,207.67,207.67,0,ok,56.7889317889318
2018-05-30,202.94,207.67,205.98,202.94,195480,ok,49.28790840547334
2018-05-31,205.9,207.67,205.9,205.9,17990,ok,62.56830601092898
2018-06-03,205.9,205.9,205.9,205.9,0,ok,67.97493403693935
2018-06-04,203.03,205.9,203.03,203.03,88250,ok,54.58483754512634
2018-06-06,203.03,203.03,203.03,203.03,0,ok,42.4782807498857
2018-06-07,203.03,203.03,203.03,203.03,0,ok,55.00296033155713
2018-06-10,203.03,203.03,203.03,203.03,0,ok,55.00296033155713
2018-06-11,200.07,203.03,200.07,200.07,34600,ok,46.80100755667504
2018-06-12,200.07,200.07,200.07,200.07,0,ok,46.80100755667504
2018-06-13,200.41,200.07,200.41,197.54,445560,ok,47.696879643387796
2018-06-14,200.41,200.07,200.41,200.41,0,ok,38.711549622750965
2018-06-17,200.41,200.41,200.41,200.41,0,ok,35.570469798657754
2018-06-18,200.41,200.41,200.41,200.41,0,ok,23.809523809523867
2018-06-19,200.41,200.41,200.41,200.41,0,ok,23.809523809523867
2018-06-20,200.41,200.41,200.41,200.41,255,ok,36.14457831325304
2018-06-21,197.54,200.41,198.38,197.54,136400,ok,3.761061946902686
2018-06-24,197.54,197.54,0.0,0.0,0,ok,3.761061946902686
2018-06-25,197.54,197.54,0.0,0.0,0,ok,5.510534846029202
2018-06-26,197.54,197.54,0.0,0.0,0,ok,5.510534846029202
2018-06-27,197.54,197.54,0.0,0.0,0,ok,5.510534846029202
2018-06-28,197.54,197.54,197.54,197.54,170000,ok,5.510534846029202
2018-07-01,197.54,197.54,0.0,0.0,0,ok,10.591900311526558
2018-07-02,197.54,197.54,0.0,0.0,0,ok,10.591900311526558
2018-07-03,197.54,197.54,0.0,0.0,0,ok,0.0
2018-07-04,197.54,197.54,0.0,0.0,0,ok,0.0
2018-07-05,197.54,197.54,197.54,197.54,170000,ok,0.0
2018-07-08,194.75,197.54,194.75,194.75,83350,ok,0.0
2018-07-09,195.0,194.75,195.0,195.0,835000,ok,4.230118443316428
2018-07-10,195.0,195.0,0.0,0.0,0,ok,4.230118443316428
2018-07-11,195.0,195.0,0.0,0.0,0,ok,8.223684210526343
2018-07-12,194.16,195.0,194.16,194.16,830000,ok,6.443298969072174
2018-07-15,194.33,195.0,194.75,194.33,44959,ok,10.370370370370736
2018-07-16,196.27,194.33,196.44,195.38,497330,ok,39.39899833055109
2018-07-17,199.06,196.27,199.06,199.06,84650,ok,58.65603644646931
2018-07-18,196.27,199.06,196.27,196.27,78020,ok,44.511668107173804
2018-07-19,196.27,196.27,0.0,0.0,0,ok,44.511668107173804
2018-07-22,196.27,196.27,0.0,0.0,0,ok,44.511668107173804
2018-07-23,196.27,196.27,0.0,0.0,0,ok,44.511668107173804
2018-07-24,196.69,196.27,196.69,196.69,149850,ok,46.45537948290244
2018-07-25,196.69,196.27,0.0,0.0,0,ok,46.45537948290244
2018-07-26,196.69,196.69,0.0,0.0,0,ok,60.54347826086956
2018-07-29,196.69,196.69,0.0,0.0,0,ok,59.44134078212291
2018-07-30,196.69,196.69,0.0,0.0,0,ok,59.44134078212291
2018-07-31,196.69,196.69,0.0,0.0,0,ok,59.44134078212291
2018-08-01,196.69,196.69,0.0,0.0,0,ok,65.59802712700375
2018-08-02,196.69,196.69,0.0,0.0,0,ok,64.86146095717879
2018-08-05,196.69,196.69,0.0,0.0,0,ok,53.49999999999991
2018-08-06,198.8,196.69,198.8,197.75,54215,ok,47.5563909774437
2018-08-07,198.8,198.8,0.0,0.0,0,ok,100.0
2018-08-08,198.8,198.8,0.0,0.0,0,ok,100.0
2018-08-09,200.91,198.8,200.91,199.86,497790,ok,100.0
2018-08-12,203.02,200.91,203.02,201.97,55050,ok,100.0
2018-08-13,203.02,203.02,0.0,0.0,0,ok,100.0
2018-08-14,208.09,203.02,208.09,205.81,581872,ok,100.0
2018-08-15,208.09,208.09,0.0,0.0,0,ok,100.0
2018-08-16,204.38,208.09,207.25,204.38,84390,ok,75.44672402382525
2018-08-19,204.38,204.38,0.0,0.0,0,ok,75.44672402382525
2018-08-20,204.38,204.38,0.0,0.0,0,ok,75.44672402382525
2018-08-21,207.33,204.38,207.33,207.33,3040,ok,79.45736434108525
2018-08-22,207.33,207.33,0.0,0.0,0,ok,79.45736434108525
2018-08-23,207.33,207.33,0.0,0.0,0,ok,79.45736434108525
2018-08-26,207.33,207.33,0.0,0.0,0,ok,76.73981191222568
2018-08-28,207.33,207.33,0.0,0.0,0,ok,76.73981191222568
2018-08-29,207.33,207.33,0.0,0.0,0,ok,76.73981191222568
2018-08-30,207.33,207.33,0.0,0.0,0,ok,73.19364161849711
2018-09-02,207.33,207.33,0.0,0.0,0,ok,68.37169650468881
2018-09-03,207.33,207.33,0.0,0.0,0,ok,68.37169650468881
2018-09-04,207.33,207.33,0.0,0.0,0,ok,44.29429429429438
2018-09-05,204.54,207.33,207.33,204.54,148980,ok,31.216931216931243
2018-09-06,208.3,207.33,208.3,207.71,239005,ok,70.63157894736838
2018-09-09,207.88,208.3,207.88,207.88,33000,ok,67.64112903225794
2018-09-10,207.88,207.88,0.0,0.0,0,ok,67.64112903225794
2018-09-11,208.72,207.88,208.72,208.72,232400,ok,58.89884763124184
2018-09-12,208.72,208.72,0.0,0.0,0,ok,58.89884763124184
2018-09-13,208.72,208.72,0.0,0.0,0,ok,58.89884763124184
2018-09-17,211.89,208.72,211.89,211.89,3340,ok,70.76502732240417
2018-09-18,211.89,211.89,211.89,211.89,166000,ok,70.76502732240417
2018-09-20,211.89,211.89,211.89,211.89,33200,ok,70.76502732240417
2018-09-23,221.6,211.89,222.45,215.27,2581650,ok,84.48525857902355
2018-09-25,224.39,221.6,224.39,221.6,51330,ok,86.3287904599658
2018-09-26,224.39,224.39,0.0,0.0,0,ok,86.3287904599658
2018-09-27,224.39,224.39,0.0,0.0,0,ok,86.3287904599658
2018-09-30,226.25,224.39,226.25,223.29,73074,ok,98.13747228381368
2018-10-01,226.25,226.25,226.25,226.25,25800,ok,97.76476849387964
2018-10-02,227.94,226.25,227.94,224.98,5067880,ok,100.0
2018-10-03,232.16,227.94,235.96,230.81,2420790,ok,100.0
2018-10-04,233.85,232.16,233.85,233.85,524900,ok,100.0
2018-10-07,233.85,233.85,0.0,0.0,0,ok,100.0
2018-10-08,233.85,233.85,0.0,0.0,0,ok,100.0
2018-10-09,233.85,233.85,0.0,0.0,0,ok,100.0
2018-10-10,233.85,233.85,0.0,0.0,0,ok,100.0
2018-10-11,233.85,233.85,0.0,0.0,0,ok,100.0
2018-10-14,233.85,233.85,0.0,0.0,0,ok,100.0
2018-10-15,233.85,233.85,0.0,0.0,0,ok,100.0
2018-10-21,233.85,233.85,0.0,0.0,0,ok,100.0
2018-10-22,232.16,233.85,232.16,232.16,44750,ok,84.8430493273543
2018-10-23,232.16,232.16,0.0,0.0,0,ok,81.80839612486545
2018-10-24,232.16,232.16,0.0,0.0,0,ok,81.80839612486545
2018-10-25,232.16,232.16,0.0,0.0,0,ok,77.76315789473685
2018-10-28,232.16,232.16,0.0,0.0,0,ok,50.0
2018-10-29,232.16,232.16,0.0,0.0,0,ok,0.0
2018-10-30,232.16,232.16,0.0,0.0,0,ok,0.0
2018-10-31,232.16,232.16,0.0,0.0,0,ok,0.0
2018-11-01,232.16,232.16,0.0,0.0,0,ok,0.0
2018-11-04,232.16,232.16,0.0,0.0,0,ok,0.0
2018-11-05,232.16,232.16,0.0,0.0,0,ok,0.0
2018-11-06,232.16,232.16,0.0,0.0,0,ok,0.0
2018-11-11,232.16,232.16,0.0,0.0,0,ok,0.0
2018-11-12,232.16,232.16,0.0,0.0,0,ok,0.0
2018-11-13,232.16,232.16,0.0,0.0,0,ok,
2018-11-14,232.16,232.16,0.0,0.0,0,ok,
2018-11-15,232.16,232.16,0.0,0.0,0,ok,
2018-11-18,240.82,232.16,240.82,240.82,36000,ok,100.0
2018-11-19,240.82,240.82,0.0,0.0,0,ok,100.0
2018-11-20,240.82,240.82,0.0,0.0,0,ok,100.0
2018-11-21,240.82,240.82,0.0,0.0,0,ok,100.0
2018-11-29,237.35,240.31,240.31,237.35,1906670,ok,71.39323990107172
2018-12-02,240.31,240.31,240.31,240.31,1865760,ok,77.0046388336647
2018-12-03,239.13,239.13,239.13,239.13,649700,ok,71.419791026429
2018-12-04,238.62,238.62,238.62,238.62,478980,ok,69.2491060786651
2018-12-09,240.82,240.82,240.82,240.82,53950,ok,72.81348788198103
2018-12-17,237.77,237.77,237.77,237.77,17640,ok,62.73263731275539
2018-12-20,237.44,238.2,238.2,237.44,40597,ok,61.80679785330949
2018-12-24,226.03,234.48,234.48,226.03,485202,ok,40.923896949955584
2018-12-26,239.72,228.74,239.72,228.74,156540,ok,57.96460176991151
2018-12-27,236.76,236.76,236.76,236.76,17520,ok,54.5616818722729
2018-12-30,233.8,233.8,233.8,233.8,17170,ok,42.15116279069769
2019-01-02,236.59,233.8,236.59,233.8,33250,ok,45.5483056198695
2019-01-10,243.56,236.59,243.56,236.59,86500,ok,52.51468428781205
2019-01-15,251.07,251.07,251.07,251.07,17640,ok,58.267462493950646
2019-01-16,252.93,251.07,259.1,252.93,570111,ok,62.90162305399141
2019-01-17,249.81,249.98,249.98,244.15,2155730,ok,57.84605219689461
2019-01-20,252.68,252.68,252.68,252.68,19613,ok,60.8870319781456
2019-01-21,249.72,249.72,249.72,249.72,17480,ok,58.580705009276436
2019-01-23,252.59,246.93,252.59,246.93,2266110,ok,59.00535577658761
2019-01-30,254.49,254.49,254.49,254.49,179710,ok,63.021806853582554
2019-01-31,253.9,251.79,253.9,251.79,789150,ok,62.76760781880237
2019-02-03,256.77,256.77,256.77,256.77,88700,ok,77.48569384835479
2019-02-04,251.96,253.82,253.82,251.96,51950,ok,63.010204081632665
2019-02-06,251.79,251.79,251.79,251.79,171500,ok,66.98305084745763
2019-02-07,251.2,251.2,251.2,251.2,375760,ok,70.77363896848135
2019-02-12,254.07,254.07,254.07,254.07,365820,ok,70.82936129647281
2019-02-13,251.37,252.55,252.55,251.37,366136,ok,60.360838418678696
2019-02-17,247.23,248.49,248.49,247.23,250650,ok,44.40559440559441
2019-02-18,242.5,244.61,244.61,242.5,243250,ok,35.97741328314062
2019-02-21,245.2,245.2,245.2,245.2,32740,ok,43.73130269241227
2019-03-05,242.5,242.5,242.5,242.5,32100,ok,36.09289617486336
2019-03-11,245.23,245.23,245.23,245.23,81850,ok,43.827330217211966
2019-03-12,250.56,247.94,250.56,247.94,99880,ok,47.38604172031934
2019-03-19,247.68,247.68,247.68,247.68,33320,ok,41.44687264506404
2019-03-21,244.9,244.9,244.9,244.9,32660,ok,39.28571428571426
2019-04-22,247.6,247.6,247.6,247.6,16650,ok,39.038967248386335
2019-04-23,244.81,250.39,250.39,244.81,82590,ok,41.019844260236106
2019-04-29,250.3,247.52,250.3,244.81,66330,ok,48.34921338355863
2019-04-30,245.49,247.6,247.6,245.49,115290,ok,44.214792299898704
2019-05-06,255.84,252.67,255.84,252.67,601384,ok,51.55727608657401
2019-05-08,258.54,258.54,258.54,258.54,16720,ok,56.30828787612178
2019-05-13,253.05,255.75,255.75,253.05,64600,ok,55.001718803712635
2019-05-14,252.88,247.73,252.88,247.73,156550,ok,59.679224170085774
2019-05-15,263.44,254.15,266.39,254.15,561170,ok,64.83409238776838
2019-05-19,254.99,260.57,260.57,254.99,49890,ok,59.2890078833854
2019-05-21,257.69,257.69,257.69,257.69,16620,ok,59.27083333333334
2019-05-23,257.61,254.91,257.61,254.91,67781,ok,55.69007263922519
2019-05-29,254.82,254.82,254.82,254.82,16280,ok,55.77109602327836
2019-06-03,252.2,252.2,252.2,252.2,15970,ok,55.9157212317666
2019-06-04,249.67,249.67,249.67,249.67,15670,ok,51.682106289614815
2019-06-06,244.52,247.05,247.05,244.52,7852300,ok,49.77304742526218
2019-06-11,252.2,247.05,252.2,247.05,46990,ok,51.43765133171911
2019-06-12,263.9,258.01,263.9,258.01,1455600,ok,62.61477319446347
2019-06-25,261.28,261.28,261.28,261.28,15670,ok,54.169221336603286
2019-06-26,263.81,263.81,263.81,263.81,31940,ok,54.0494851698171
2019-07-02,261.19,261.19,261.19,261.19,15660,ok,56.5434083601286
2019-07-07,259.84,259.84,259.84,259.84,47486,ok,55.49069106973808
2019-07-25,257.22,257.22,257.22,257.22,15190,ok,44.390331890331915
2019-07-28,254.69,254.69,254.69,254.69,14890,ok,49.69709208400645
2019-07-30,251.39,252.24,252.24,251.39,97320,ok,43.715083798882674
2019-07-31,254.61,253.77,254.61,253.6,345710,ok,47.18362748779572
2019-08-01,254.61,253.77,254.61,253.77,116500,ok,49.791955617198354
2019-08-06,252.92,253.77,253.77,252.92,144500,ok,50.726685506661276
2019-08-07,259.87,261.9,261.9,259.87,293640,ok,59.451445515196454
2019-08-08,257.84,262.07,262.07,257.84,628460,ok,63.0999213217938
2019-08-11,271.61,265.38,271.61,265.38,481595,ok,67.04725101001227
2019-08-12,265.36,268.23,268.23,265.36,160870,ok,51.41802641802644
2019-08-14,263.59,263.59,263.59,263.59,52400,ok,52.2812561722299
2019-08-15,270.26,265.78,270.26,265.78,119866,ok,55.88825999634834
2019-08-20,276.85,272.54,279.38,272.12,481481,ok,63.329928498467794
2019-08-21,283.95,279.3,283.95,279.3,179754,ok,68.69282059233986
2019-08-22,279.13,284.28,284.28,279.13,61280,ok,66.42675063727688
2019-08-25,277.1,277.1,277.1,277.1,29400,ok,66.92853905423777
2019-08-29,282.13,282.13,282.13,282.13,14420,ok,72.62956419316839
2019-09-09,277.4,279.76,279.76,277.4,28000,ok,66.41221374045796
2019-09-10,277.31,277.31,277.31,277.31,186975,ok,66.32623705408513
2019-09-11,276.89,276.89,276.89,276.89,13800,ok,67.56043956043953
2019-09-16,283.23,280.06,283.23,280.06,12420,ok,67.26788882318152
2019-09-17,285.51,285.51,285.51,285.51,14070,ok,70.37855354249521
2019-09-18,285.51,285.51,285.51,285.51,28140,ok,62.841832963784164
2019-09-19,287.87,285.51,287.87,285.51,56560,ok,72.40692813059923
2019-09-23,296.05,296.05,296.05,296.05,6580,ok,78.65466101694919
2019-09-24,299.69,297.32,299.69,297.32,29280,ok,77.44823726916623
2019-09-25,297.32,297.32,297.32,297.32,60900,ok,70.72281838428832
2019-09-26,292.51,294.87,294.87,292.51,99190,ok,59.08704883227177
2019-10-14,290.23,290.23,290.23,290.23,13660,ok,62.45511669658892
2019-10-15,290.23,290.23,290.23,290.23,13660,ok,65.43616270867622
2019-11-05,290.23,290.23,290.23,290.23,26320000,ok,60.80000000000003
2019-11-06,307.38,293.66,307.38,293.66,34850,ok,80.02804487179492
2019-11-07,326.39,311.08,326.39,311.08,2610120,ok,85.64787914003486
2019-11-13,343.02,330.35,343.02,330.35,20508300,ok,88.87713109935333
2019-11-14,365.45,351.99,365.45,351.99,45460,ok,90.64662843583153
2019-11-17,392.55,375.22,392.55,375.22,63880,ok,92.4896792632582
2019-11-18,424.38,419.73,424.38,419.73,197620,ok,94.00468977755246
2019-11-19,452.02,454.47,454.47,449.74,659892,ok,94.83257770251817
2019-11-20,485.01,465.22,485.01,465.22,906291,ok,95.4492976717337
2019-11-21,521.18,499.53,521.18,498.74,12043000,ok,96.06505553013602
2019-11-24,481.32,529.1,545.2,481.32,7113890,ok,83.10543360921196
2019-11-25,477.1,488.45,488.45,454.92,2311570,ok,83.28224730446074
2019-11-26,496.11,483.96,498.48,483.96,69890,ok,85.0088423343763
2019-11-27,469.98,488.72,488.72,460.48,1122920,ok,78.07102476809197
2019-11-28,449.89,476.84,476.84,449.36,1020740,ok,73.46147064009875
2019-12-01,436.95,443.29,443.29,436.95,1618260,ok,69.27838119327481
2019-12-02,450.94,431.15,450.94,425.34,8887210,ok,68.8124943358608
2019-12-03,432.99,445.66,445.66,432.99,529790,ok,63.535429517075386
2019-12-04,435.58,426.92,440.6,426.92,1317740,ok,61.22044094588974
2019-12-05,451.95,441.65,457.49,436.9,5405400,ok,59.841606468288155
2019-12-08,460.92,445.35,460.92,445.35,2044210,ok,56.550265309049195
2019-12-09,477.55,465.41,494.97,465.41,3488280,ok,54.764659773804645
2019-12-10,501.31,482.83,501.31,477.55,4478680,ok,53.15061079325809
2019-12-11,530.87,514.5,530.87,509.22,8929980,ok,51.92208513508154
2019-12-12,511.86,538.79,538.79,511.86,4869310,ok,56.60409999135024
2019-12-15,527.79,519.52,542.75,519.52,6647610,ok,60.43304655662124
2019-12-16,524.09,535.7,535.7,520.4,3833300,ok,56.146208593269485
2019-12-17,539.93,530.43,563.95,517.76,9518520,ok,66.09303823678277
2019-12-18,560.12,545.74,571.2,532.01,11665700,ok,75.34838798693835
2019-12-19,565.88,568.56,568.56,555.32,4249980,ok,80.66111771700359
2019-12-22,555.42,563.18,563.18,548.56,3720320,ok,75.27089783281735
2019-12-22,555.42,563.18,563.18,548.56,3720320,ok,82.42835196270595
2019-12-23,570.99,547.76,590.5,547.24,4242870,ok,83.55885997521686
2019-12-24,572.58,555.16,594.22,555.16,18728600,ok,82.25918596566297
2019-12-25,570.33,575.2,579.98,568.1,1040860,ok,80.34951456310681
2019-12-26,606.05,561.88,607.43,561.88,13676900,ok,82.23136349954851
2019-12-29,653.93,615.29,656.04,610.17,13225500,ok,84.14928846325965
2019-12-30,669.09,663.96,682.44,653.66,24750400,ok,83.05749545585002
2019-12-31,682.88,658.8,697.09,658.8,18140900,ok,91.94956828885401
2020-01-01,686.72,685.92,700.65,670.93,12380600,ok,91.4419817470665
2020-01-02,682.77,687.24,687.24,670.18,2193710,ok,91.32291666666663
2020-01-05,689.11,679.72,700.31,671.81,6356940,ok,90.8712328767123
2020-01-06,676.85,678.55,688.85,667.88,2866080,ok,83.43357965286128
2020-01-07,677.87,702.72,702.72,651.47,1847860,ok,82.97120650061824
2020-01-08,670.29,687.9,687.9,670.29,2614060,ok,84.40251572327041
2020-01-09,674.54,680.32,680.32,667.15,1548250,ok,84.78971962616819
2020-01-12,686.13,682.72,694.21,658.83,17134100,ok,84.42770003588085
2020-01-13,711.25,698.54,732.37,684.59,14880200,ok,86.34862385321098
2020-01-14,776.32,701.48,777.51,701.48,21282000,ok,90.61797531253694
2020-01-15,839.79,779.53,851.93,779.53,18469500,ok,91.543438077634
2020-01-16,868.38,843.34,908.02,843.34,13910900,ok,90.92088692134486
2020-01-19,860.4,882.11,899.68,834.22,12430700,ok,87.53384343731604
2020-01-20,805.81,843.56,852.71,795.84,17620000,ok,70.78978521900893
2020-01-21,814.02,808.94,834.81,791.66,10598300,ok,71.2152523165122
2020-01-22,802.89,824.84,824.84,798.4,5185290,ok,69.55078125
2020-01-23,791.23,804.83,813.28,779.09,9074450,ok,66.33815435812107
2020-01-26,774.51,779.09,803.9,771.17,6376830,ok,65.40475739794307
2020-01-27,809.09,771.55,809.09,771.55,4111650,ok,68.7168368802419
2020-01-28,785.54,812.05,818.13,785.54,5996090,ok,65.72262694060188
2020-01-29,801.84,785.54,801.84,780.89,4035360,ok,66.81371513102283
2020-01-30,786.53,804.54,804.54,786.53,6558600,ok,63.13173590038714
2020-02-02,785.91,783.66,797.84,783.66,7039130,ok,60.433786125552
2020-02-03,783.53,788.55,790.34,782.48,4675020,ok,51.221661188112094
2020-02-04,775.81,785.22,785.22,774.29,3182330,ok,36.63407704520767
2020-02-05,803.86,788.22,816.53,786.11,8155660,ok,36.490787269681775
2020-02-06,802.66,807.82,835.27,800.82,8547440,ok,37.55710714593571
2020-02-09,797.03,789.73,810.05,788.84,3085120,ok,47.60187916530101
2020-02-10,805.44,808.11,808.11,794.91,202790,ok,47.65906362545021
2020-02-11,794.77,818.11,820.9,794.77,3161080,ok,47.778993435448584
2020-02-12,808.22,790.54,829.3,790.29,7828640,ok,54.60209112086244
2020-02-13,832.11,821.15,858.05,817.14,12625100,ok,65.0187734668335
2020-02-16,843.13,835.24,883.76,832.03,25309100,ok,60.11890606420923
2020-02-17,885.1,856.07,887.74,856.07,16762600,ok,76.67452577430066
2020-02-18,888.05,896.72,896.72,869.1,12529900,ok,74.87735903503196
2020-02-19,896.34,873.53,896.34,873.53,5938250,ok,83.02556390977439
2020-02-20,886.49,899.38,911.3,886.49,8230360,ok,78.65853658536581
2020-02-23,959.59,900.48,968.36,885.7,20627600,ok,85.75548334687241
2020-02-24,944.18,943.76,948.14,925.42,7207440,ok,83.15806057741536
2020-02-25,991.27,935.47,997.55,935.47,7720800,ok,84.3329791521635
2020-02-26,992.22,994.56,1007.63,986.25,10168900,ok,84.75869150652775
2020-02-27,943.79,988.84,992.06,930.59,7366970,ok,73.25979459870669
2020-03-01,920.87,959.36,962.57,920.87,7996770,ok,67.48992393708897
2020-03-02,896.11,917.57,917.57,896.11,1550790,ok,64.72622645896303
2020-03-03,876.66,881.59,897.94,868.12,4612630,ok,59.774908592321744
2020-03-04,873.69,862.4,876.39,808.99,7923620,ok,56.31607728764127
2020-03-05,855.97,859.44,884.09,822.22,2441520,ok,51.911510748526176
2020-03-10,788.66,841.98,841.98,788.66,1903760,ok,36.65005537098561
2020-03-11,854.14,801.33,854.14,790.25,4769300,ok,45.99863120383264
2020-03-12,842.05,840.67,853.61,803.67,13747100,ok,43.65073795990924
2020-03-15,798.26,814.86,814.86,778.2,31657100,ok,40.440331982577426
2020-03-16,800.74,801.05,811.99,785.43,9823760,ok,29.678904950748375
2020-03-17,751.27,787.81,787.81,744.04,3580940,ok,27.299898802099293
2020-03-18,775.64,739.39,775.64,729.79,3438280,ok,23.193018225216946
2020-03-19,774.28,762.97,782.39,737.52,4363070,ok,22.933432687531052
2020-03-22,763.72,761.88,761.62,763.73,191570,ok,25.314616291503313
2020-05-13,751.05,751.05,751.05,751.05,23520,ok,26.04660347551342
2020-06-29,790.39,738.65,790.39,726.5,1605760,ok,35.67712567062267
2020-06-30,856.12,786.7,856.12,786.7,890683,ok,47.52732700919729
2020-07-01,889.6,870.37,889.6,870.37,172310,ok,51.78423236514522
2020-07-05,814.37,874.55,874.55,814.37,19270000,ok,45.86776859504131
2020-07-06,828.85,814.37,834.1,814.37,6330000,ok,54.46030231061195
2020-07-07,863.46,839.67,873.35,839.67,6313450,ok,51.110422723156844
2020-07-08,878.77,848.94,878.77,848.94,3737910,ok,54.34165720771851
2020-07-09,860.23,864.25,864.25,849.73,3515010,ok,57.79242008902749
2020-07-12,861.28,845.97,876.06,845.97,5779830,ok,57.64008076728924
2020-07-13,877.71,863.98,877.71,852.63,358410,ok,67.408304879392
2020-07-14,863.14,878.77,891.7,863.14,1030790,ok,62.38114104595879
2020-07-15,876.05,877.39,879.5,876.05,1780950,ok,63.944534268723785
2020-07-16,889.96,861.53,889.96,861.31,2963220,ok,67.14006408515722
2020-07-20,852.11,889.96,889.96,852.11,1890780,ok,62.84312728751525
2020-07-21,873.95,878.17,878.17,853.1,1868910,ok,61.11347555460979
2020-07-22,866.01,859.43,876.57,859.43,2844450,ok,51.55429828697155
2020-07-23,873.95,876.83,877.1,873.95,2089650,ok,47.32579200984245
2020-07-26,882.46,866.03,884.32,866.03,963700,ok,65.07149497543051
2020-07-27,875.39,882.46,882.46,859.76,5434470,ok,60.65086049066274
2020-07-28,858.07,874.54,874.54,857.14,1403300,ok,48.66047020229634
2020-07-29,846.83,854.38,858.07,849.1,5654180,ok,41.89833603896106
2020-07-30,850.52,847.67,850.52,846.48,562340,ok,47.336369122730005
2020-08-02,833.82,837.32,841.39,833.82,1595390,ok,43.062853678253866
2020-08-03,843.26,835.34,849.59,835.34,3576950,ok,40.97836903577227
2020-08-06,832.04,841.28,841.28,832.04,358870,ok,41.71020364644418
2020-08-09,843.92,832.04,843.92,830.72,1985800,ok,41.388367729831145
2020-08-10,854.06,843.92,854.48,843.92,1690700,ok,40.17945070576646
2020-08-11,834.79,843.5,843.5,834.79,2848620,ok,44.72594397076734
2020-08-12,829.86,824.76,838.64,824.76,693040,ok,35.0329282368117
2020-08-13,830.39,830.91,830.91,830.91,518530,ok,37.267657992565034
2020-08-16,841.34,828.28,841.34,827.35,2072120,ok,38.589124501364665
2020-08-17,848.46,851.1,851.1,845.82,1832250,ok,37.985865724381604
2020-08-18,859.02,856.38,859.02,841.86,2857810,ok,44.354783088488844
2020-08-19,846.74,856.38,861.19,841.86,1167720,ok,45.95212575919969
2020-08-20,866.86,859.68,869.64,859.68,425545,ok,56.7291540684002
2020-08-23,864.3,866.86,866.86,864.3,385070,ok,54.664861205145556
2020-08-24,878.03,878.82,893.6,865.09,2360840,ok,65.2732674635528
2020-08-25,874.96,882.78,882.78,861.77,804660,ok,61.45562301243136
2020-08-26,873.84,874.96,874.96,861.77,1985000,ok,66.29502572898804
2020-08-27,859.54,871.13,871.13,858.22,594400,ok,55.97643097643098
2020-08-30,877.6,862.16,877.6,862.16,1076500,ok,58.49206349206352
2020-08-31,895.66,880.05,904.34,880.05,3937190,ok,72.15226726836015
2020-09-02,911.5,900.94,929.78,893.02,4960840,ok,77.52528658125419
2020-09-03,901.78,926.81,927.65,901.78,562240,ok,72.66493110673692
2020-09-06,924.41,901.78,928.18,898.8,6938020,ok,74.55222557190989
2020-09-07,947.37,908.84,955.03,908.84,5973320,ok,76.7309875141884
2020-09-08,1028.67,952.12,1028.67,952.12,6690830,ok,83.16715542521993
2020-09-09,1063.57,1053.75,1068.26,1036.38,6946590,ok,88.94636634694828
2020-09-10,1033.36,1064.89,1068.58,1031.25,2331350,ok,78.86015392082088
2020-09-13,1004.15,1028.08,1028.08,996.26,4033640,ok,72.19066357779823
2020-09-14,1003.09,986.99,1021.3,986.99,3001650,ok,70.6751752413702
2020-09-15,989.34,1020.25,1020.25,986.72,3659720,ok,68.26456310679612
2020-09-16,1010.27,1020.77,1025.58,1006.68,3266080,ok,70.48929204337247
2020-09-17,1016.83,1007.48,1022.11,1004.78,3213400,ok,74.18432301116272
2020-09-21,1005.84,1014.12,1014.12,999.5,2575070,ok,70.15591600653842
2020-09-22,1003.7,1040.41,1040.41,1003.7,9507000,ok,67.87557908669757
2020-09-23,1018.66,1001.59,1028.17,998.8,4457380,ok,67.78176025487855
2020-09-24,1089.51,1026.77,1089.51,1021.58,18774300,ok,75.89736515381433
2020-09-27,1087.57,1102.71,1102.71,1071.03,2734000,ok,73.87055243445693
2020-09-28,1072.88,1074.37,1079.11,1033.72,2472420,ok,68.81765570182019
2020-09-29,1048.88,1054.4,1057.33,1036.93,1642980,ok,53.65871320467795
2020-09-30,1037.79,1049.41,1049.41,1037.53,2323720,ok,44.89262223631033
2020-10-01,1057.33,1055.74,1073.96,1055.74,1287500,ok,54.95842124860371
2020-10-04,1073.1,1075.28,1075.54,1065.44,1742060,ok,65.10272922416436
2020-10-05,1055.92,1065.69,1065.69,1055.92,1042280,ok,60.808543721101536
2020-10-06,1064.07,1058.63,1064.07,1052.2,1736310,ok,65.64764018593743
2020-10-07,1070.97,1066.86,1073.46,1054.98,2388590,ok,63.50329240078308
2020-10-08,1068.6,1068.69,1068.69,1068.1,152950,ok,61.735503468286694
2020-10-11,1048.91,1068.6,1068.6,1048.91,2214960,ok,59.392855585118006
2020-10-12,1051.08,1051.36,1053.72,1049.76,505628,ok,60.33144352376799
2020-10-13,1052.57,1035.5,1052.57,1035.24,696170,ok,57.85571977945607
2020-10-14,1048.84,1055.35,1055.35,1047.25,577460,ok,36.32573465133475
2020-10-15,1052.03,1051.63,1060.6,1043.44,4903090,ok,38.15017337956786
2020-10-18,1065.23,1052.03,1065.23,1052.03,1862650,ok,47.423721964033106
2020-10-19,1063.54,1065.23,1066.07,1056.83,1235610,ok,55.81008243500312
2020-10-20,1066.49,1066.24,1087.08,1062.01,4324760,ok,62.15895610913409
2020-10-21,1089.89,1059.89,1090.94,1059.89,2840110,ok,63.357400722021744
2020-10-22,1099.22,1101.77,1101.77,1090.94,3033020,ok,61.31323631323638
2020-10-28,1090.4,1104.77,1106.96,1089.81,309132,ok,66.10011206574526
2020-10-29,1105.35,1105.35,1109.27,1090.57,4582330,ok,68.12434141201265
2020-11-01,1129.72,1108.3,1132.89,1108.3,3543540,ok,72.36391320898365
2020-11-02,1164.24,1130.06,1195.91,1130.06,7203070,ok,79.24770642201842
2020-11-03,1220.15,1173.19,1220.15,1173.19,9713260,ok,92.87001802523532
2020-11-04,1245.46,1230.04,1248.1,1230.04,15329900,ok,93.61033832899578
2020-11-05,1226.44,1256.28,1260.76,1223.11,13930300,ok,86.16414992304173
2020-11-08,1331.63,1222.47,1331.89,1214.78,27684200,ok,91.36170835161622
2020-11-09,1390.43,1354.06,1436.3,1331.1,10058700,ok,92.57032154179038
2020-11-10,1499.92,1390.43,1502.45,1390.43,14071800,ok,94.01924050632913
2020-11-11,1649.75,1526.05,1649.75,1526.05,22135800,ok,95.66280826932964
2020-11-12,1814.46,1678.26,1814.46,1678.26,35144300,ok,96.53580538791763
2020-11-18,1995.54,1901.31,1995.54,1901.31,29475700,ok,97.10401214983409
2020-11-19,2193.94,2092.77,2194.73,2092.77,21542100,ok,97.57997218358832
2020-11-22,2069.17,2207.96,2383.78,1985.53,32066900,ok,88.64531922454299
2020-11-23,2098.35,2063.77,2242.74,1899.81,27056600,ok,88.77149416670571
2020-11-24,2270.98,2098.35,2307.85,2098.35,49839800,ok,89.93659192071891
2020-11-25,2450.97,2276.98,2455.45,2276.98,36583500,ok,90.86647483659507
2020-11-26,2320.31,2450.7,2474.99,2285.26,26259500,ok,83.35718530556802
2020-11-29,2284.94,2359.9,2393.53,2258.54,36858400,ok,81.32624523843967
2020-11-30,2436.01,2383.92,2488.74,2354.87,42348100,ok,83.76480177760907
2020-12-01,2328.36,2479.23,2529.47,2260.59,19063700,ok,77.78527343989563
2020-12-02,2311.74,2333.6,2452.5,2253.05,21314300,ok,76.30135030974336
2020-12-03,2151.32,2316.81,2341.55,2147.5,13036900,ok,68.07055116013272
2020-12-06,1991.78,2151.32,2151.32,1985.77,14062000,ok,59.43744516000861
2020-12-07,2122.68,1989.61,2122.68,1896.19,15267700,ok,58.6662392874013
2020-12-08,2036.29,2128.0,2128.0,2021.48,8555900,ok,51.21021151230406
2020-12-09,1937.02,1995.58,2020.71,1927.33,10470900,ok,41.89250596417707
2020-12-10,1975.05,1937.02,1980.39,1923.95,8664140,ok,46.857890660470574
2020-12-13,1945.18,1979.95,1999.74,1926.45,4289400,ok,44.88891558385222
2020-12-14,2106.94,1978.18,2122.88,1978.18,19292800,ok,44.48619869045538
2020-12-15,2052.39,2106.94,2259.71,2052.39,15706200,ok,35.36891564496
2020-12-16,2076.54,2143.13,2145.46,2040.28,14085900,ok,40.29261144163302
2020-12-17,2018.54,2113.17,2113.76,1992.13,8256450,ok,39.57925865656929
2020-12-20,1902.42,1978.34,2009.1,1902.42,10504500,ok,28.540864011839744
2020-12-21,1894.79,1897.8,1935.28,1795.67,12256700,ok,31.037830745681163
2020-12-22,1972.28,1928.12,1998.07,1928.12,10979300,ok,35.90422881440388
2020-12-23,1961.45,1976.92,2004.97,1947.61,5224940,ok,40.99741116895679
2020-12-24,1978.43,1926.81,1979.44,1900.58,2092910,ok,49.26806802855357
2020-12-27,1971.12,1944.11,2023.7,1919.17,19722800,ok,40.38788401532256
2020-12-28,1932.37,1945.72,1966.59,1911.4,5499110,ok,42.985392985392984
2020-12-29,1929.15,1932.37,1966.35,1928.18,32094800,ok,49.38962912407515
2020-12-30,2111.38,1929.15,2111.38,1929.15,43197800,ok,58.640621632927285
2020-12-31,2299.1,2205.41,2304.0,2121.67,43365900,ok,68.69150981262014
2021-01-03,2520.67,2340.35,2525.74,2340.35,32838200,ok,70.55188515225274
2021-01-04,2516.9,2634.51,2637.83,2516.9,6025500,ok,74.30030237400213
2021-01-05,2370.33,2520.95,2520.95,2290.88,21287200,ok,63.624222075886436
2021-01-06,2349.35,2327.77,2495.06,2310.86,12288200,ok,65.88645466158263
2021-01-07,2461.96,2391.58,2547.74,2357.62,18803600,ok,76.96162519515062
2021-01-10,2539.98,2506.17,2572.05,2506.17,38110100,ok,79.11375840440414
2021-01-11,2526.69,2543.94,2549.86,2493.61,13438400,ok,76.55601858504575
2021-01-12,2511.29,2510.19,2539.55,2485.86,8587560,ok,76.22231548425248
2021-01-13,2520.34,2515.59,2530.49,2482.93,6652440,ok,76.04109602206651
2021-01-17,2753.31,2565.87,2753.31,2565.87,25124100,ok,80.88852031749792
2021-01-18,2934.34,2803.46,3007.12,2803.46,35096800,ok,85.57045788573092
2021-01-19,2973.96,2947.35,3084.49,2785.1,43795900,ok,86.15684890263906
2021-01-20,2965.05,2933.05,2979.59,2893.56,24737000,ok,83.56914220100509
2021-01-21,2967.52,2970.28,2976.88,2922.91,12065400,ok,80.76703551635887
2021-01-24,2894.17,2969.97,2969.97,2859.48,19363200,ok,69.90853268517334
2021-01-25,2984.94,2894.17,3164.97,2894.17,18920400,ok,72.83032857254351
2021-01-26,2892.52,3034.43,3036.29,2892.52,10449400,ok,76.8923358979905
2021-01-27,2925.48,2892.52,2960.16,2889.43,15707300,ok,79.30855555668604
