,adjclose,open,high,low,volume,rsi,stoch,momentum_stoch_rsi,momentum_stoch_rsi_k,momentum_stoch_rsi_d,macd,macddiff,volatility_atr,volatility_bbm,volatility_bbl,volatility_bbh,volatility_bbw,volatility_kch,volatility_kcl,volatility_kcw,williamr,ichibaseline,ichiconversionline,ichilinea,ichilineb,ema200,adjclose_3,true_adjclose_3,buy_profit,sell_profit
229.0,433,430,437,423,97827,65.89966335208699,55.0,0.2380385555355254,0.2023191271519372,0.2708053051763352,11.892959260600035,-3.3436318376041854,18.083469365583944,419.7,390.1900016943389,449.2099983056611,14.06242473464908,446.7333333333334,411.1333333333333,8.299658066521623,-45.0,387.0,430.0,370.5,408.5,348.5933183864253,432.8977,425.0,0.0,0.102294921875
232.0,425,435,436,424,56402,60.246572844843975,41.66666666666666,0.0,0.0173720601676278,0.0824570456273871,7.4553614308515535,-4.531276543536533,17.352849167510694,423.65,403.6872847538187,443.61271524618127,9.42415448893251,447.6,415.4,7.462340672074171,-58.333333333333336,397.5,438.5,370.5,418.0,350.8711981148619,430.07587,420.0,0.0,-5.07586669921875
236.0,421,420,422,415,61773,56.84259581167324,27.77777777777778,0.1482009998504873,0.0888071074203645,0.0427379605190777,2.7557145122957536,-4.445558578759789,14.75010433880377,425.75,410.6387459157052,440.8612540842948,7.098651360796141,438.5333333333334,413.3333333333333,5.916418844889678,-72.22222222222223,417.5,427.0,380.0,422.25,353.5913614081773,422.3268,423.0,1.326812744140625,0.0
239.0,423,423,425,418,35079,56.86450222615764,27.027027027027028,0.1960181433946493,0.2649950447434068,0.2308785038911745,2.3631197423399044,-2.5889416156227,13.74982606298795,425.65,411.2378523460202,440.06214765397976,6.77183021448598,435.5666666666667,411.9666666666666,5.569102493510612,-72.97297297297297,425.0,424.5,380.0,424.75,355.7016249316917,421.84796,415.0,0.0,1.15203857421875
246.0,413,416,417,411,32594,49.03699070075928,26.666666666666668,0.1696951537175096,0.2656205304697814,0.1823035160071132,-1.5985861807490664,-1.9718897903429025,10.88441008146634,421.7,409.3048396541183,434.09516034588165,5.878662720361235,427.3333333333333,409.33333333333337,4.3027888446215,-73.33333333333333,430.0,420.0,381.5,425.0,359.7277047229317,414.31415,415.0,1.31414794921875,0.0
248.0,410,413,418,408,53308,46.56176740823155,16.666666666666668,0.0,0.1342253513517894,0.2236307246943416,-2.1192417886069848,-1.6674284391007697,10.536372165987736,419.85,407.6799548069813,432.0200451930188,5.797330090755641,424.2,407.4,4.040404040404042,-83.33333333333333,432.5,416.0,381.5,424.25,360.76257604348456,412.49002,413.00000000000006,2.490020751953125,0.0
253.0,415,428,430,415,32051,50.747408661346576,40.0,0.4903106720521364,0.511140726570839,0.3502527930990031,-0.8845090835949918,0.2194041829416444,9.970902400294095,416.8,407.3005263303632,426.2994736696368,4.558288709038778,422.7,406.7,3.858210754762479,-60.0,423.0,419.0,384.0,421.0,363.3892568288,412.82584,406.0,0.0,2.174163818359375
255.0,407,416,416,404,34482,44.31205038189457,11.538461538461538,0.0,0.2937340833097049,0.4582681907825645,-1.6465986632873069,-0.4686624395633316,9.816430944238215,416.05,405.7257566863172,426.3742433136828,4.962982003933572,422.2333333333334,405.8333333333333,3.961033733193807,-88.46153846153847,422.5,417.0,387.0,419.75,364.3217732154479,412.42783,406.0,0.0,-5.427825927734375
268.0,393,399,400,388,25315,35.26114000576642,17.857142857142858,0.0502380811301835,0.2994165530045645,0.3602377087305393,-3.867177553507077,-0.210685444699799,8.847350503454049,405.1,390.3094624844081,419.890537515592,7.302166139517132,407.6,390.4,4.3107769423559015,-82.14285714285714,409.0,396.5,424.0,402.75,368.7313327005177,396.5945,400.00000000000006,3.594512939453125,0.0
270.0,390,397,397,390,26703,34.008865632650924,7.6923076923076925,0.0,0.126511822895441,0.2288968075504455,-4.305572287848918,-0.4876352678280593,8.676353907797779,403.1,387.46798157626046,418.7320184237396,7.755900979280359,405.0333333333333,389.03333333333336,4.029888338510607,-92.3076923076923,409.0,396.5,424.0,402.75,369.2017402112127,394.56378,410.0,4.56378173828125,0.0
286.0,399,400,402,395,22853,43.90174460608512,17.391304347826086,0.0,0.0,0.2041258718078482,-1.0288448225318234,-1.2158373682938624,8.309365701008982,402.9,390.5890292827846,415.2109707172153,6.111179308620182,413.3666666666667,398.1666666666666,3.745995235356949,-82.6086956521739,403.0,406.5,411.5,404.75,374.497112390058,403.28546,398.0,0.0,-4.28546142578125
287.0,400,400,405,395,27102,45.19133867696308,21.73913043478261,0.0940144863140779,0.0313381621046925,0.0784880113041802,-1.1997829396961492,-1.1094203883665503,8.478429130908085,402.95,390.6947970232993,415.2052029767007,6.082741271473221,413.1666666666667,396.9666666666666,3.999341672152743,-78.26086956521739,403.0,406.5,411.5,404.75,374.75087246577885,401.7855,400.99999999999994,1.785491943359375,0.0
291.0,401,400,404,400,32162,47.298778579110525,29.166666666666668,0.294959094731,0.1966393964873332,0.111970943343924,-1.1994897280172268,-0.3504017709190058,7.914797352788794,404.0,394.6405128345548,413.3594871654452,4.633409487844166,409.0666666666667,393.0666666666667,3.9893617021276593,-70.83333333333333,403.0,402.5,409.0,402.75,375.7315518837996,398.65497,400.00000000000006,0.0,2.34503173828125
292.0,397,405,405,393,47330,42.34110458107704,16.0,0.0,0.1966393964873332,0.1654687592721243,-1.4831425481782503,-0.5072436728640235,8.323317617509915,403.75,393.93419641597626,413.5658035840237,4.862317564841481,408.5,392.1,4.096927304521604,-84.0,403.0,399.5,409.0,401.25,375.9431782332145,398.1682,400.00000000000006,1.168212890625,0.0
307.0,383,398,398,382,28991,33.27772090778974,4.545454545454546,0.1437236029736935,0.4694897292249408,0.4983449985275595,-3.3342666840167112,-0.541036734962292,8.233102207339744,394.45,383.6153334153679,405.2846665846321,5.493556387188282,399.23333333333335,382.83333333333337,4.194015855425789,-95.45454545454544,397.0,391.0,400.0,394.0,378.2726202337145,387.24283,372.0,0.0,-4.242828369140625
308.0,380,382,384,376,31329,30.719882538136105,14.285714285714286,0.0,0.2776936798095149,0.4517264949966941,-3.982989757637938,-0.951807846866815,8.209791986605769,393.5,381.19552926777646,405.80447073222354,6.253860600876003,398.03333333333336,381.4333333333333,4.259322613753014,-85.71428571428571,393.5,388.0,397.0,390.75,378.2898080920856,385.57996,370.0,0.0,-5.5799560546875
310.0,372,375,385,370,27778,25.034472183580636,6.25,0.0,0.0,0.1085338491558043,-5.72749438517593,-1.8598471188745047,8.869931509150673,390.9,374.4695404811627,407.3304595188373,8.406477113756598,395.0,376.8,4.716247732573202,-93.75,389.5,384.0,394.0,386.75,378.1948142435752,380.29352,353.0,0.0,-8.29351806640625
319.0,372,380,380,372,11857,45.96968744189125,49.01960784313726,0.9173883288883212,0.93056615288529,0.7049501645707638,-4.961896491378752,2.2225190484882704,10.883563216671664,375.0,347.4319024958164,402.5680975041837,14.702985335564607,376.7,351.3,6.978021978021971,-50.98039215686274,375.5,363.5,382.5,369.5,376.83600357317147,359.45953,379.0,-12.54046630859375,0.0
323.0,385,383,390,380,5625,56.01412343890847,88.37209302325581,1.0,0.9588564242876068,0.9222482992447136,0.0709569141541237,4.117194509805545,10.86960582645828,372.3,348.1744948239383,396.4255051760617,12.960249893130122,378.1666666666667,356.7666666666667,5.823657474600864,-11.627906976744184,373.5,368.5,382.5,371.0,376.8058727528547,371.6203,367.0,0.0,13.37969970703125
327.0,363,367,367,355,9837,40.41386666656374,35.55555555555556,0.5364312520563315,0.6807438994713076,0.8113073886584359,-1.2417992861427365,0.4123753944732404,11.564348382739276,369.1,349.7826502852958,388.4173497147042,10.467271587485351,384.53333333333336,363.9333333333333,5.504587155963309,-64.44444444444444,372.5,373.5,382.5,373.0,376.6336057899122,375.57404,363.0,0.0,0.0
335.0,388,382,391,382,8389,60.715629763731584,89.1891891891892,1.0,0.953881241918848,0.8073480799950326,2.7639953723747794,3.0096199409217643,9.90976624378579,372.05,353.35802311150104,390.741976888499,10.048099389060058,378.9,361.1,4.810810810810798,-10.81081081081081,369.5,373.0,378.0,371.25,376.3791248687328,374.8602,380.0,0.0,13.139801025390625
345.0,356,351,360,350,25034,35.55190091020808,14.634146341463415,0.0414767933331701,0.0304831853601401,0.0411847097449956,-4.424368545493451,-3.1387559287093563,9.606216907938862,371.1,351.53574688366103,390.664253116339,10.543925150277008,380.4333333333333,362.4333333333333,4.846091716772848,-85.36585365853658,371.0,370.0,375.5,370.5,375.8104850183713,364.513,346.0,0.0,-8.51300048828125
351.0,355,355,359,352,27922,41.363374139340486,35.55555555555556,0.5129071342183207,0.3072886806341781,0.1692322318719887,-5.911716861716911,-0.6769691679150327,9.291486519771937,366.5,337.7145870274511,395.2854129725489,15.708274473423684,362.9333333333333,344.53333333333336,5.201658499811511,-64.44444444444444,365.0,354.0,369.5,359.5,374.2705231016911,346.97803,343.0,0.0,8.02197265625
359.0,352,346,354,346,11203,45.50234067995436,56.52173913043478,1.0,0.6987645044195375,0.5299292074479024,-3.8086232487423217,1.380648822807082,8.311464258918832,352.3,334.7603306758591,369.8396693241409,9.957234927130798,355.6,340.2,4.426559356136831,-43.47826086956522,365.0,351.0,365.5,358.0,372.0978823198306,344.3353,356.0,-7.664703369140625,0.0
361.0,355,356,356,352,11860,49.12119405818866,69.56521739130434,1.0,1.0,0.863281933726261,-1.7114169485698767,2.3797429962853265,7.492286049724254,350.65,338.059924543506,363.240075456494,7.180992702976753,355.3666666666667,341.16666666666663,4.077335375191438,-30.43478260869565,364.5,348.0,365.5,356.25,371.7494675316852,347.94824,353.0,0.0,7.0517578125
388.0,258,254,258,253,12851,16.022772079905863,6.896551724137931,0.0958516004801773,0.0319505334933923,0.064137322622804,-21.92030775521357,-9.049563885636395,13.73158338578662,324.7,261.0223744161243,388.37762558387567,39.22243645449688,310.8,292.8,5.964214711729622,-93.10344827586206,309.5,291.0,320.0,300.25,362.0543525143561,281.51492,246.00000000000003,0.0,-23.514923095703125
396.0,232,236,236,228,35057,11.957684240089876,3.8461538461538463,0.0,0.0,0.0047650273357115,-22.904477368956208,-0.8490882891130092,10.609201398961922,281.1,199.01979532189057,363.1802046781095,58.39929183785802,251.73333333333332,237.9333333333333,5.636487406398928,-96.15384615384616,297.0,244.5,299.0,270.75,352.73279547792714,226.02972,232.0,0.0,0.0
402.0,235,235,235,232,11450,20.559356813726158,21.21212121212121,1.0,0.998748101603486,0.8812672379032015,-13.812985515993349,4.208677104999985,8.337375600665721,252.85,194.95259073153252,310.74740926846744,45.79585467151864,241.83333333333331,227.4333333333333,6.137235402756075,-78.78787878787878,297.0,237.0,299.0,267.0,345.8471610090509,229.18817,231.0,0.0,5.81182861328125
406.0,229,233,233,227,11380,18.275083840813775,10.0,0.7344385114223523,0.8094536450862283,0.8783759958245874,-10.141975562535464,3.7609606525078494,7.13575213159678,238.65,220.99468918425785,256.3053108157422,14.79598643682563,238.23333333333332,228.03333333333336,4.375178724621098,-90.0,279.5,233.5,298.5,256.5,341.3627238699032,231.36053,228.0,0.0,-2.36053466796875
411.0,234,242,245,233,38574,34.10998728656523,47.61904761904762,0.8620439093862817,0.9540146364620936,0.8553830250779169,-5.64484956425747,3.901240620759406,7.48485027618658,233.15,225.7398717959485,240.56012820405155,6.356532879306494,237.36666666666665,225.9666666666667,4.920863309352496,-52.38095238095238,242.5,234.5,297.0,238.5,335.97271913530506,231.29332,230.0,0.0,2.7066802978515625
418.0,227,230,230,225,268612,32.50764966309289,14.285714285714286,0.7827186513821182,0.8106646056593614,0.793039926641176,-3.553500473295202,1.740801914179248,6.611562784064185,230.75,224.33517342397408,237.16482657602592,5.559979697530588,237.06666666666663,223.4666666666667,5.906195715112898,-85.71428571428571,235.5,234.5,296.5,235.0,328.7112805153822,229.9301,219.99999999999997,0.0,-2.9300994873046875
422.0,221,220,224,219,27415,32.3993775158564,22.580645161290324,0.6954836843828297,0.6192183659118887,0.5766982131346654,-4.669580526604278,0.3327191503955236,6.982546342624512,227.75,217.05654405720497,238.44345594279503,9.390521135275543,230.53333333333336,218.73333333333332,5.253004896868976,-77.41935483870968,229.5,223.5,290.0,226.5,324.4003374947677,222.29614,216.0,0.0,-1.296142578125
431.0,210,212,212,206,14507,26.405788331430685,16.666666666666668,0.0500086324979689,0.2948791503829229,0.4769230583498152,-4.165894365123762,0.1155206455649064,5.52271531552475,220.6,208.03974522549316,233.16025477450685,11.387357003179382,220.2,211.6,3.983325613710048,-83.33333333333333,225.5,213.5,269.0,219.5,315.0002310722365,214.79474,206.99999999999997,0.0,-4.79473876953125
433.0,200,205,205,198,36961,19.93430502258643,7.6923076923076925,0.0,0.0166695441659895,0.1447299017204159,-5.473769710630165,-0.9222696508391212,6.463399405575046,218.15,203.13967022345844,233.1603297765416,13.761475843723648,218.2,208.0,4.786485218207409,-92.3076923076923,221.5,209.5,265.0,215.5,312.8018650699645,210.79791,212.0,10.79791259765625,0.0
439.0,210,212,212,208,7342,39.373123492203135,56.0,0.9749400147986204,0.8830300866179689,0.9092364713147272,-2.9442029819616664,0.9042902945020632,7.071468443498207,213.05,203.0006219097624,223.0993780902376,9.433821253449995,216.63333333333333,200.63333333333333,7.668956702348631,-44.0,214.5,206.0,228.5,210.25,306.7956840285065,209.29442,224.0,-0.7055816650390625,0.0
444.0,217,223,227,216,13848,48.66621868270695,58.333333333333336,0.7735792139476338,0.8798327241905058,0.9450463479106004,0.8660234646354183,2.06712286498864,7.9885914012012575,213.25,202.44490860748752,224.05509139251248,10.133731669413814,222.4,207.2,7.076350093109878,-41.66666666666666,214.0,218.5,221.5,216.25,302.4951594885398,219.26102,216.0,0.0,-2.261016845703125
448.0,216,216,218,214,21534,47.39163511424013,44.82758620689656,0.5367825356173802,0.6703381872312746,0.7488053912322039,0.7042255613227724,0.6519196208611825,7.176714818328145,213.35,202.3359181045106,224.3640818954894,10.32489514458814,224.5,210.9,6.247129076711068,-55.172413793103445,214.0,221.5,220.5,217.75,299.1619332928777,221.4425,234.0,5.4425048828125,0.0
450.0,223,221,232,217,36882,56.0948285616914,66.66666666666667,0.9530763206764354,0.7182845701334225,0.6636034056024959,1.324104762973434,0.9052875732419374,7.673139002845798,214.0,202.08362471216412,225.91637528783585,11.136799334426026,227.3,211.9,7.01275045537341,-33.333333333333336,214.0,223.0,220.5,218.5,297.6045573211369,221.80809,235.0,-1.1919097900390625,0.0
451.0,234,226,235,224,50041,65.85373598444343,96.55172413793105,1.0,0.8726903915942957,0.7310541403901696,2.908296181073183,1.9915831930733487,8.105825102561218,215.2,200.60411016756632,229.7958898324337,13.564953375867724,229.2,212.6,7.514712539610681,-3.4482758620689653,215.5,224.5,220.5,220.0,296.9716761537624,224.26218,230.0,0.0,9.737823486328125
455.0,227,230,233,227,10538,53.1330331560248,36.11111111111112,0.2208932129381826,0.3641967022409975,0.6129423506842581,4.263896323621765,0.9521380686157056,9.513731849790414,220.8,201.62084464840743,239.9791553515926,17.37242332571792,236.2,217.0,8.473080317740507,-63.888888888888886,223.0,232.0,223.0,227.5,294.5287279955743,235.21585,219.99999999999997,0.0,-8.215850830078125
458.0,220,216,220,215,17480,48.09785139481044,16.666666666666668,0.1610954865444197,0.1055366913118551,0.1543253791920569,0.74064672169456,-1.7645729609842458,9.254510518497211,222.3,205.1058149364235,239.4941850635765,15.469352283919472,238.03333333333336,217.23333333333332,9.137501830429056,-83.33333333333333,223.0,232.0,223.0,227.5,292.3157117697564,229.56514,218.0,0.0,-9.565139770507812
459.0,222,220,225,220,18396,49.64427980392442,22.22222222222222,0.2124017596297218,0.124499082058047,0.1185016800487817,0.4604520779740539,-1.6358140837638016,8.82905946664749,222.9,206.65315415225112,239.1468458477489,14.57769928016948,238.6333333333333,217.4333333333333,9.296886420114012,-77.77777777777777,223.0,232.0,223.0,227.5,291.6160529461767,227.42723,222.0,0.0,0.0
460.0,219,220,221,218,7398,47.36459776000535,13.88888888888889,0.1367681326194781,0.170088459597873,0.1333747443225918,-0.0779652578814591,-1.7393851356954515,8.34615351998274,223.2,207.48249383647283,238.91750616352715,14.08378688488097,236.96666666666664,218.16666666666663,8.261315365460664,-86.11111111111111,226.5,232.0,223.0,229.25,290.89350515566747,225.15672,217.0,0.0,-6.1567230224609375
468.0,214,215,218,213,5722,43.46318695634915,5.0,0.0223373249347235,0.0356142130146669,0.0473235922126799,-2.15499497583599,-1.0783217713789572,5.89350618997865,222.3,205.4465137137589,239.1534862862411,15.162830666883572,221.36666666666665,213.36666666666665,3.68041711393958,-95.0,231.5,217.5,223.0,224.5,285.1701652516756,215.60483,214.0,0.0,0.0
470.0,211,214,214,211,7039,40.70180592650296,0.0,0.0,0.0699147057372213,0.0604523453952673,-2.396357958257937,-0.8976040037352304,5.533740013882707,221.55,203.8245945039184,239.2754054960816,16.0012687845467,219.8,212.0,3.612783696155633,-100.0,230.5,216.5,223.0,223.5,283.74089042676184,214.46283,208.0,0.0,-3.46282958984375
477.0,210,212,218,208,20910,43.64776884122256,23.80952380952381,0.3438660629651908,0.6778302232142429,0.5247905862578075,-1.6714677879952262,0.271151884143084,7.003803094046058,215.15,206.9213913690988,223.37860863090123,7.649183017337903,219.13333333333333,206.13333333333333,6.113810942153944,-76.19047619047619,227.5,215.5,223.0,221.5,278.89159619905433,212.91522,206.99999999999997,0.0,-2.91522216796875
482.0,201,206,208,200,21442,35.22215754556878,3.8461538461538463,0.0,0.0970434917630661,0.1441245395386002,-3.1237527258195428,-0.7726864279816956,7.087125689003258,211.65,202.81201380400748,220.48798619599253,8.351510697843164,217.5,201.3,7.736389684813748,-96.15384615384616,213.0,213.0,223.0,213.0,275.3447918734585,208.6499,202.0,7.64990234375,0.0
492.0,190,191,193,188,13668,32.16410199156249,7.407407407407407,0.1159704877910156,0.1751244577093619,0.230674470503152,-4.99308216588102,-0.8400114247523032,6.194343973134296,202.85,187.225980030716,218.474019969284,15.404505762173011,202.66666666666663,190.66666666666663,6.101694915254237,-92.5925925925926,207.0,196.5,219.0,201.75,267.8411257295418,194.28961,185.0,0.0,-4.28961181640625
495.0,185,187,190,185,12505,29.05102555539064,0.0,0.0,0.0816700483940031,0.1269587925044586,-5.40308292738834,-0.7491106455972618,6.041676756414901,199.25,182.77122577372344,215.72877422627656,16.540802234656518,198.5,188.5,5.167958656330749,-100.0,205.5,193.5,217.5,199.5,265.4710021565031,189.85791,182.0,0.0,-4.85791015625
501.0,180,177,183,176,20643,30.74829158139309,19.23076923076923,0.4917805924181791,0.1639268641393929,0.0546422880464643,-5.94792408366996,-0.3742551908166742,5.543718737105893,190.7,173.98952424373783,207.41047575626212,17.52540719062628,189.76666666666668,179.56666666666666,5.523465703971128,-80.76923076923077,200.5,185.5,212.5,193.0,260.5297311455979,180.5567,183.0,0.55670166015625,0.0
505.0,185,186,188,182,17469,42.55350737107644,47.61904761904762,0.7706267705564236,0.739357094233076,0.7701342854902528,-2.8960163555538827,1.3839127178778785,6.372033863415175,187.85,174.48923654873587,201.2107634512641,14.22492781609169,189.6,177.4,6.648501362397814,-52.38095238095238,195.0,185.5,206.5,190.25,257.6257877776929,184.644,185.0,0.0,0.0
508.0,185,180,186,179,7880,44.253931424413686,47.61904761904762,0.8358139908819538,0.721776824845309,0.7121446487932467,-2.303498183932902,1.14469336834091,6.470212686429663,185.45,175.64234992464338,195.2576500753566,10.577136775795749,190.2,176.2,7.641921397379914,-52.38095238095238,190.0,185.5,200.5,187.75,255.42044234596668,185.83815,185.0,0.0,0.0
510.0,185,186,187,185,8637,44.6024995727752,47.61904761904762,0.8491766510025924,0.8724629331224317,0.797864321786241,-1.4489639019155334,1.318322700788472,5.710872276008027,184.75,176.29127669203888,193.20872330796112,9.156939981554665,191.2333333333333,178.43333333333334,6.925157799819649,-52.38095238095238,189.0,187.0,200.5,188.0,254.0457151392943,187.13766,182.0,0.0,-2.137664794921875
511.0,185,185,185,183,5539,44.6024995727752,47.61904761904762,0.8491766510025924,0.8769171531626445,0.8495777645586862,-1.2454592179705344,1.217461907786777,5.339785048407224,184.45,176.48821628021423,192.41178371978572,8.63299942508621,191.2,179.4,6.368051807879105,-52.38095238095238,188.5,187.0,200.5,187.75,253.3586930981073,187.53694,186.0,2.5369415283203125,0.0
515.0,187,185,191,185,15998,48.53729301639304,50.0,1.0,0.8773911438378615,0.8360300768957619,-0.5442821662082622,0.9916363425046736,5.34093297025998,183.8,176.82576169028852,190.7742383097115,7.588942665627307,189.6,180.0,5.194805194805192,-50.0,185.5,184.5,200.5,185.0,250.67878059162675,188.087,187.00000000000003,1.087005615234375,0.0
516.0,187,186,188,184,7141,48.53729301639304,50.0,1.0,0.9732598518288916,0.8925892299462709,-0.2732618453438533,1.0101253306952658,5.206839673233981,183.9,176.80352200027033,190.99647799972968,7.717757476595619,189.66666666666669,180.26666666666668,5.081996756172287,-50.0,185.5,185.0,200.5,185.25,250.0451608842474,188.51752,186.0,0.0,-1.51751708984375
521.0,186,186,187,185,2704,47.25339313982857,58.333333333333336,0.6860482629254024,0.6582837525359068,0.7441137063332858,-0.0472105547275987,0.3653535373987845,4.366016758647933,185.55,180.96851552434777,190.13148447565223,4.938274832284825,190.03333333333333,181.8333333333333,4.410182861240597,-41.66666666666666,185.5,186.5,200.5,186.0,246.94054125779908,189.5051,186.0,0.0,0.0
524.0,186,184,186,183,3463,48.19441315092937,44.44444444444444,0.7898583688197844,0.5291228937118747,0.5573044632008418,-0.2459913319834186,0.0773370394137722,4.166826217054343,185.25,181.73574332174732,188.76425667825265,3.79406928826197,189.7,182.3,3.9784946236559016,-55.55555555555556,185.5,185.5,200.5,185.5,245.10990756665308,188.59886,183.0,0.0,-2.5988616943359375
528.0,184,181,184,181,6987,45.18971931258808,30.0,0.390449031454712,0.3692687491531992,0.5787704297013635,-0.4792553298716768,-0.1637695380996786,3.863654681009355,185.5,182.434058056544,188.565941943456,3.3055977827018674,188.3,181.9,3.457590491626151,-70.0,187.0,185.0,196.5,186.0,242.7426047399191,187.54027,188.0,3.5402679443359375,0.0
543.0,183,181,187,181,44943,48.03997368344738,40.0,0.7206918479348736,0.4407927075780984,0.2744998656118518,-1.1606997431652817,-0.1116616278548094,4.432969103879073,183.8,178.3009091659941,189.2990908340059,5.983776750822522,185.73333333333332,178.53333333333333,3.953147877013187,-60.0,184.5,182.0,185.5,183.25,234.4615509324117,182.88438,193.0,-0.1156158447265625,0.0
544.0,186,185,190,184,43159,54.23034497297235,60.0,1.0,0.6738449951115282,0.4383999314298113,-0.5464676008261904,0.4020564115874253,4.689672193491166,183.8,178.3009091659941,189.2990908340059,5.983776750822522,186.4333333333333,178.43333333333334,4.385163530056642,-40.0,184.5,183.5,185.5,184.0,233.97934644552208,183.6677,195.0,-2.332305908203125,0.0
548.0,194,194,194,190,45295,64.87868281699747,73.91304347826087,0.9230391918683186,0.9743463972894394,0.99144879909648,2.5775558473499416,1.8593659880791744,5.638793926149554,185.55,175.9692902141521,195.13070978584796,10.326822727941702,192.36666666666665,180.56666666666663,6.328208795137639,-26.08695652173913,188.5,188.5,187.5,188.5,232.3925067231718,193.22588,212.0,-0.7741241455078125,0.0
554.0,217,215,218,213,44654,78.83679146015882,80.0,0.9317918865069288,0.9493567976619544,0.9738165443849776,8.207061355642224,3.233738026460076,7.018782282906845,192.45,166.54652532958912,218.3534746704109,26.91969308434489,210.4,195.0,7.597434632461769,-20.0,202.0,208.5,202.0,205.25,231.0575657918889,215.40071,248.0,-1.5992889404296875,0.0
556.0,231,218,231,217,260389,84.83802259049796,100.0,1.0,0.9545279243379524,0.943501827276946,9.82886576725832,3.341222200980288,7.715213649154545,196.55,165.15270712305596,227.9472928769441,31.94840282568715,216.23333333333332,200.8333333333333,7.3849104859335215,-0.0,204.0,210.5,204.0,207.25,230.91850852515012,223.23514,239.00000000000003,-7.764862060546875,0.0
558.0,240,250,254,237,185025,78.2166784690713,79.41176470588235,0.5957898032546883,0.8652632677515627,0.932351718086164,13.12380185283061,4.349385827347884,9.929323055815182,202.75,162.0812159021126,243.4187840978874,40.117172969556,229.2,208.4,9.50639853747714,-20.58823529411765,215.5,224.0,215.5,219.75,231.17714551878595,235.7394,234.0,0.0,4.2606048583984375
560.0,240,242,243,237,89012,77.35695974680102,78.125,0.5633816045136927,0.569290904641652,0.7164615140656565,12.92193801445464,2.621053182894066,9.452751675210298,208.7,165.7577131489186,251.64228685108137,41.15216756212877,238.1333333333333,216.9333333333333,9.317316144154686,-21.875,215.5,233.5,215.5,224.5,231.34199994280945,243.55423,234.0,0.0,-3.554229736328125
565.0,226,229,233,226,39273,59.31789498402691,31.70731707317073,0.0,0.0,0.0964609088135845,6.6821648012486605,-2.6806902852234806,8.775565336694928,220.55,185.9293414274004,255.1706585725996,31.39483887789581,246.4,225.6,8.813559322033903,-68.29268292682927,215.5,240.0,215.5,227.75,231.3524311642478,240.20569,234.0,14.2056884765625,0.0
567.0,227,232,233,227,47269,58.44941663808459,34.14634146341464,0.0,0.0410972195840279,0.027398146389352,4.894736460693139,-3.0324972064155906,8.42820792272289,224.05,194.09353158330407,254.00646841669595,26.74087785467167,243.1,226.1,7.246376811594203,-65.85365853658537,217.0,234.5,215.5,225.75,231.3056515070265,235.51811,239.99999999999997,8.518112182617188,0.0
568.0,234,227,234,227,28856,63.40107860402807,48.71794871794872,0.162402417758524,0.0952313588368692,0.0591419326683084,4.804552226219727,-2.498145152711203,8.285387130450601,226.05,199.20619252042488,252.89380747957517,23.750327343132167,240.9,225.9,6.426735218508997,-51.282051282051285,217.5,233.5,215.5,225.5,231.33246094476755,234.3526,241.0,0.35260009765625,0.0
569.0,237,231,238,230,33914,65.30915866917728,54.054054054054056,0.224982783298083,0.1291284003522022,0.0884856595910332,4.956905046183294,-1.8766338661981088,8.256848417405541,228.25,205.7388916310084,250.76110836899164,19.724958045118637,240.23333333333332,225.4333333333333,6.356478167501795,-45.94594594594594,219.0,233.5,215.5,226.25,231.38885436820271,234.2429,249.0,-2.7570953369140625,0.0
570.0,240,239,243,237,64770,67.15334235178766,54.83870967741935,0.2854675035610257,0.2242842348725442,0.1495479980205386,5.273176006993111,-1.2482903243106342,8.031163575664987,230.15,210.60236587204275,249.6976341279573,16.986864330182275,240.23333333333332,225.4333333333333,6.356478167501795,-45.16129032258065,220.0,233.0,215.5,226.5,231.47453740931516,235.14091,250.0,-4.8590850830078125,0.0
573.0,250,250,251,246,130848,72.75549495333038,96.42857142857144,0.7566333834590412,0.6525856451644722,0.4918038685679602,6.934941415881895,0.4901358290711384,7.650718246659776,234.95,217.14578701541507,252.7542129845849,15.155746315884164,242.66666666666663,229.4666666666667,5.5916407794408185,-3.571428571428572,222.0,237.0,215.5,229.5,231.9244218541598,242.80508,249.0,0.0,7.194915771484375
574.0,253,252,254,247,135157,74.280854915456,96.7741935483871,1.0,0.8287734654432338,0.6589631541576133,7.4914398761170276,0.8373074314450166,7.585646421993798,236.75,219.29290974989087,254.20709025010916,14.747277930398422,244.9333333333333,231.5333333333333,5.62473765216176,-3.225806451612903,223.0,238.5,215.5,230.75,232.13412909939208,246.38486,247.0,0.0,6.615142822265625
575.0,253,253,255,250,133851,74.280854915456,93.75,1.0,0.918877794486347,0.8000789683646845,7.691205728227345,0.8296586268442665,7.327081779794417,238.55,222.22241597784756,254.8775840221525,13.689024541733373,247.16666666666663,234.16666666666669,5.401662049861484,-6.25,224.5,241.0,216.0,232.75,232.34174970536827,249.61058,242.0,0.0,3.3894195556640625
578.0,242,247,247,241,46164,59.01367404359803,59.375,0.0356415756817216,0.3700994560744804,0.6456783289465046,5.223495869004182,-1.2875923099189637,6.958442617470129,239.5,223.0136420031456,255.9863579968544,13.767313567310582,251.9,239.7,4.963384865744514,-40.625,234.0,246.0,216.0,240.0,232.74472522247748,252.24478,247.0,10.244781494140625,0.0
581.0,247,245,249,243,44254,62.41355308837613,71.42857142857143,0.2226920001350811,0.2680864687296664,0.2485319867120384,4.044142383637336,-1.4413180519398594,6.689704668135724,240.95,223.79803218285315,258.10196781714683,14.236951912966877,253.96666666666664,242.16666666666669,4.756785810266039,-28.571428571428573,236.0,248.0,216.0,242.0,233.17578894019437,250.81836,255.0,3.818359375,0.0
588.0,256,253,257,251,120805,66.0700313653691,88.23529411764706,0.462191244146329,0.2553807873051525,0.2170914886212519,3.498374505697541,-0.52243079035091,6.528455104684843,248.3,238.4999999999788,258.1000000000212,7.893677003641746,256.43333333333334,244.03333333333336,4.9553749833488645,-11.764705882352942,240.5,250.5,217.5,245.5,234.4399398589455,253.3182,249.0,0.0,2.681793212890625
594.0,250,251,253,248,15688,56.24621612796388,43.75,0.1523525407872929,0.1015683605248615,0.0545762065973975,1.276440480739268,-1.2780301609914335,5.549744709288818,250.1,243.23268611461435,256.96731388538564,5.4916544465299015,256.53333333333336,246.3333333333333,4.0567413495956695,-56.25,244.5,252.5,220.0,248.5,235.4023068753736,252.38495,247.0,0.0,-2.38494873046875
599.0,245,246,247,242,36874,48.74588257230053,17.647058823529413,0.0,0.025801274526617,0.0258012745266171,-0.568301078537587,-1.3344586153945452,4.908818753387953,249.7,243.03366667496957,256.36633332503044,5.339474028858991,252.9333333333333,244.33333333333331,3.4589087008982298,-82.3529411764706,250.0,248.0,224.5,249.0,235.9285297294209,247.32938,244.0,0.0,-2.329376220703125
601.0,242,240,247,240,58042,44.29633105004608,15.0,0.0,0.0,0.0086004248422058,-1.427274939810303,-1.457424028150485,5.2161431902442414,249.2,241.18501403616864,257.21498596383134,6.432573004680056,250.9666666666667,242.36666666666665,3.4864864864865077,-85.0,249.0,246.0,226.5,247.5,236.04875388764623,244.96451,239.99999999999997,0.0,-2.964508056640625
606.0,246,247,247,245,52580,52.27317479030285,61.11111111111112,0.7620978666997559,0.5796115954210377,0.3436547482610341,-1.0905184275369777,-0.0348844124054532,5.4937203924073215,247.1,237.6999999999776,256.5000000000224,7.608255766914125,249.13333333333333,238.3333333333333,4.431072210065662,-38.888888888888886,247.0,241.5,237.0,244.25,236.3791969597825,242.60248,249.0,-3.39752197265625,0.0
610.0,249,253,253,248,53114,56.18947490094144,77.77777777777777,0.9999999999999996,0.9229570369802168,0.8627966533556256,0.3802698986502548,0.8662727936387733,5.080029949458444,245.8,239.42504901976287,252.1749509802371,5.187104133634734,249.86666666666665,239.26666666666665,4.334196538094587,-22.22222222222222,247.0,244.0,241.0,245.5,236.81574454726,246.84593,249.0,0.0,0.0
611.0,253,252,254,249,37244,61.38668785566151,94.73684210526316,1.0,0.9999999999999996,0.9317746180245292,1.0701582812539527,1.2449289409939768,5.0720269545126,246.0,239.0143003213404,252.9856996786596,5.6794306330565965,250.56666666666663,240.36666666666665,4.155350353068991,-5.2631578947368425,247.0,244.5,241.0,245.75,236.976781914949,248.64789,247.0,0.0,4.35211181640625
613.0,249,246,250,245,17183,54.28929242803592,60.869565217391305,0.6750394360288586,0.7626683791578327,0.8778856487686819,0.9798134854884212,0.7412817812023861,5.508341833155206,245.95,239.0659604881708,252.8340395118292,5.597917879104837,252.33333333333331,241.53333333333336,4.373650107991354,-39.130434782608695,247.0,248.5,241.0,247.75,237.20500830706905,250.31464,250.0,1.31463623046875,0.0
619.0,252,259,261,251,101804,55.18261105983019,50.0,0.4333758605783692,0.6460939380992532,0.7060402452775726,1.66951582726972,0.5375065276566529,6.405031692153836,247.35,238.3550013896377,256.3449986103623,7.273093681311758,258.2,245.0,5.2464228934817125,-50.0,248.0,253.0,244.0,250.5,238.03889203074047,253.52094,246.00000000000003,0.0,-1.52093505859375
620.0,251,253,253,250,29982,53.722335587291255,44.44444444444444,0.3000075351730716,0.5265494956702265,0.6313610047904222,1.4653127030511257,0.2666427227504468,6.064528522938452,247.8,239.0227566969795,256.5772433030205,7.084135030686439,258.1333333333333,245.33333333333331,5.084745762711857,-55.55555555555556,248.0,253.0,245.5,250.5,238.1678582791908,253.63028,248.0,0.0,-2.630279541015625
625.0,238,247,249,237,105435,37.76938763432006,4.166666666666667,0.0,0.0689339317013059,0.1010130780290626,-1.3095747739082242,-1.6221041660606192,6.442983447509926,248.75,241.37775475174524,256.1222452482547,5.927433365430948,255.73333333333332,243.53333333333336,4.887167846174384,-95.83333333333331,248.0,249.0,248.0,248.5,238.53754434422223,248.21173,248.0,10.21173095703125,0.0
640.0,241,243,244,240,33421,43.78317621874219,27.272727272727277,0.2356352329938098,0.4712549096882201,0.4869173496730078,-1.325818954572071,-0.1153236186684045,4.634663240361961,244.5,238.3518295403894,250.6481704596106,5.02917829007003,247.1,239.1,3.2908268202385846,-72.72727272727273,249.0,243.0,248.0,246.0,239.297040780126,242.68198,239.99999999999997,0.0,-1.681976318359375
663.0,214,209,214,209,16433,34.04067842671378,23.68421052631579,0.6787277183199509,0.4969273757787478,0.3721308748870944,-7.069410394735712,-0.0904292174599215,4.995818124777871,226.15,197.2621132652372,255.03788673476285,25.5475451998787,217.06666666666663,209.26666666666665,3.659108678655204,-76.3157894736842,225.5,219.5,233.0,222.5,236.817691243353,206.50992,216.0,-7.490081787109375,0.0
665.0,212,212,213,210,10121,33.29744575139739,20.0,0.8458878101556544,0.7641400424567726,0.6261957529365968,-5.917448912199546,0.7805299721334498,4.706612681070075,223.15,195.0411046108088,251.2588953891912,25.19282580254644,213.2333333333333,206.23333333333332,3.337571519389674,-80.0,225.0,210.5,233.0,217.75,236.3164127355269,207.73915,226.00000000000003,-4.2608489990234375,0.0
680.0,234,234,235,233,13077,56.372967525503256,73.07692307692308,0.4702918408022675,0.6577928805829292,0.7217180875501331,2.474313888581378,0.1853202641549214,5.100017678180864,226.6,206.63603245843933,246.56396754156063,17.62044796254251,238.6,229.0,4.106073567151409,-26.923076923076923,223.0,233.0,226.5,228.0,235.68600196842235,237.12546,243.0,3.125457763671875,0.0
686.0,244,243,246,242,39856,65.06283394589784,78.94736842105263,0.7511376393341487,0.8759192406065629,0.9368917610594047,4.326373348949176,0.8731260779020538,5.098953494910116,235.6,224.43935485733613,246.76064514266383,9.474231869833504,242.5,233.9,3.610411418975649,-21.05263157894737,227.5,239.0,226.5,233.25,236.06635676649887,244.29646,247.0,0.2964630126953125,0.0
692.0,251,250,252,249,63792,67.79048601248996,86.36363636363636,0.7827742464688289,0.6823961116756196,0.6744406587152952,4.472085798187408,0.0953871611195236,5.132442944288527,240.9,226.75927866053308,255.04072133946693,11.739909787851326,252.36666666666665,241.7666666666667,4.290339989206666,-13.636363636363637,234.5,248.0,229.5,241.25,236.84844464975856,252.19942,278.0,1.1994171142578125,0.0
700.0,298,296,300,291,245331,84.95393167166428,96.55172413793105,1.0,0.9028815964912336,0.8300847930637384,12.832400350364535,3.357686769006577,8.422847954712068,259.1,223.37941769790967,294.8205823020904,27.572815362478075,280.93333333333334,261.93333333333334,6.999877195136928,-3.4482758620689653,264.5,274.5,252.5,269.5,240.10579187840483,286.68356,288.0,0.0,11.316436767578125
701.0,293,300,304,290,131016,78.12356074481988,81.35593220338983,0.6777713175700383,0.884740550244406,0.859127864537609,12.916519907910242,2.753445061241825,8.980563159240862,261.95,224.98258191325223,298.9174180867477,28.22478952987038,286.6,265.8,7.53077480086892,-18.64406779661017,266.5,277.5,254.5,272.0,240.6321024069779,290.89996,287.0,0.0,2.10003662109375
705.0,282,293,293,278,162464,64.16842014837621,60.0,0.0,0.195636911153877,0.3542075477971905,8.814894866886789,-1.4852037505164866,10.03364748877793,270.65,234.9105260251304,306.3894739748696,26.410104544518425,297.2333333333333,274.6333333333333,7.903940312427126,-40.0,268.5,287.5,254.5,278.0,242.4391990184476,294.21524,283.0,12.215240478515625,0.0
706.0,288,282,289,277,85592,67.85800586163819,69.81132075471699,0.1775075734425957,0.1398864262452437,0.2321376449350503,8.206045723382317,-1.6752423152167673,10.230282739900137,272.85,238.55553980596324,307.1444601940368,25.137958727532915,298.6,274.6,8.374040474528961,-30.18867924528302,268.5,287.5,254.5,278.0,242.89254032174665,293.35632,281.0,0.0,-5.3563232421875
709.0,281,281,285,280,50876,59.54842146466531,30.303030303030305,0.0,0.0203782196776204,0.0598243471093083,5.123313898792901,-2.9043586864685214,8.884876117387199,277.9,249.2999999999937,306.50000000000625,20.58294350486238,297.93333333333334,278.1333333333333,6.874204374493696,-69.6969696969697,273.0,290.5,255.5,281.75,244.0872637834338,288.33893,285.0,7.33892822265625,0.0
714.0,281,282,285,281,61726,56.82283528899894,14.814814814814817,0.0,0.1031227995591124,0.0894482273905786,2.4759049795383703,-2.2774682048701367,7.348690498555966,284.5,273.3196601124858,295.6803398875142,7.859641397198038,290.5,276.7,4.866008462623417,-85.18518518518519,274.5,284.0,256.5,279.25,245.96585556231295,283.00543,279.0,0.0,-2.00543212890625
720.0,275,275,279,272,70659,48.28751129958181,23.80952380952381,0.0,0.1188457336618623,0.131646768967855,-0.1096404397260926,-1.832968479779155,6.658584427243079,283.25,274.60419176708484,291.8958082329152,6.104718964106024,285.83333333333337,275.2333333333333,3.778517110266169,-76.19047619047619,286.0,278.5,264.0,282.25,247.8890349552843,279.28937,277.0,4.28936767578125,0.0
724.0,284,286,300,283,384413,58.63096859449677,46.66666666666666,0.7507504149569215,0.3967719231240323,0.2307378689299505,0.0552279764101513,-0.4377003715153733,8.187897242714183,281.1,274.40970852650287,287.7902914734972,4.760079312342336,285.96666666666664,272.16666666666663,4.945054945054948,-53.333333333333336,287.0,285.5,266.5,286.25,249.10025033306115,278.21658,274.0,0.0,5.783416748046875
726.0,276,278,278,274,183963,48.82064935176959,20.0,0.0386963084486338,0.3030005883423119,0.3490146259994605,-0.5379326355550234,-0.7085108860188829,7.842196766598488,280.25,273.86642733257065,286.63357266742935,4.555627238129776,285.7333333333333,272.33333333333337,4.802293632779827,-80.0,287.0,285.5,266.5,286.25,249.64275670007063,277.95853,271.0,0.0,-1.958526611328125
729.0,271,274,274,269,49602,43.29360585524155,6.451612903225806,0.0,0.0,0.0218830731687385,-1.859520409979723,-1.2209831645381206,7.143961442850298,278.6,270.84371222811103,286.356287771889,5.568045780250532,283.7333333333333,269.33333333333337,5.207328833172606,-93.5483870967742,284.5,284.5,267.0,284.5,250.3130747105812,275.02435,269.0,0.0,-4.02435302734375
730.0,271,276,278,269,53692,43.29360585524155,6.451612903225806,0.0,0.0,0.0042995898276258,-2.099319282642796,-1.1686256297609547,7.329565298565268,278.05,269.7922763426986,286.30772365730144,5.939740087970815,283.66666666666663,268.8666666666667,5.35714285714284,-93.5483870967742,284.5,284.5,268.0,284.5,250.51891476321225,273.81406,266.0,0.0,-2.814056396484375
733.0,266,270,270,266,52766,37.276068712021946,0.0,0.0,0.0,0.0,-2.9025475532185965,-1.1686840011187805,6.508253102654081,275.85,266.6788495814123,285.0211504185877,6.649374963630763,280.96666666666664,267.3666666666667,4.960486322188438,-100.0,283.0,275.5,269.5,279.25,251.0547735523585,270.04886,265.0,0.0,-4.048858642578125
751.0,260,262,262,260,58017,37.99772034318835,16.666666666666668,0.1231757361283189,0.155032521385321,0.3055116421070153,-2.1088990751384245,-0.5379926252610931,5.317653854132571,266.3,260.49999999996646,272.1000000000336,4.355989485567817,271.6333333333333,261.2333333333333,3.9034154885524734,-83.33333333333333,267.5,266.0,280.5,266.75,253.5361076384707,265.24796,261.0,5.247955322265625,0.0
755.0,266,274,274,261,26232,49.38156879141495,50.0,0.8383322140870505,0.4172850784379672,0.2612963394368508,-1.7040703488327722,0.2119601490068932,6.02641269369638,265.35,258.27115828681053,272.4288417131895,5.335475193660818,270.7333333333333,258.5333333333333,4.610152412142583,-50.0,267.5,266.0,278.5,266.75,253.8590182402905,261.77615,277.0,-4.223846435546875,0.0
757.0,273,275,278,272,65258,58.23507828035888,76.19047619047619,1.0,0.9461107380290166,0.6947960090931277,0.4228391984767086,1.647704761200854,6.201394281894068,265.9,257.7293207136499,274.07067928635007,6.145678289845877,271.16666666666663,258.16666666666663,4.91183879093199,-23.80952380952381,267.5,267.5,278.5,267.5,254.2281869590789,265.36224,277.0,-7.63775634765625,0.0
766.0,277,279,279,275,54335,58.519590815419576,70.37037037037037,0.7612363605881367,0.6604063275382784,0.6969956214086704,2.2788270738922733,0.1724605526624927,5.807194281173204,270.15,255.80740609232845,284.4925939076715,10.618244610528617,282.4,271.4,3.972553268327916,-29.62962962962963,271.0,278.0,278.5,274.5,256.16747359642056,279.13434,272.0,0.0,-2.13433837890625
774.0,270,269,271,269,51214,46.67128861269977,11.764705882352942,0.0980720301173415,0.0326906767057803,0.01089689223526,-0.5389988155400829,-1.1024525311608302,4.511379370144583,273.85,266.7994681051454,280.9005318948546,5.1491925469086,276.4,269.4,2.565042139978014,-88.23529411764706,271.0,273.5,278.5,272.25,257.37182339331486,271.43912,269.0,0.0,-1.439117431640625
782.0,266,270,270,266,62281,40.44060246693814,0.0,0.0,0.192535896539925,0.2805214159192651,-1.0447437802709487,-0.4425823589892365,3.954128770717696,271.45,265.7412348094906,277.15876519050937,4.206126498809639,272.5333333333333,265.7333333333333,2.526628684666836,-100.0,275.5,269.5,271.0,272.5,258.27462694012183,269.02765,267.0,3.02764892578125,0.0
788.0,260,263,265,259,40359,32.44210497051769,7.142857142857143,0.0,0.0,0.0823909715136581,-2.437976005738676,-0.9330574742919322,4.657671148038984,268.15,261.5994275059055,274.70057249409444,4.885752372996061,271.1,261.9,3.452157598499079,-92.85714285714286,271.5,265.0,271.0,268.25,258.6152763040237,264.2969,269.0,4.296905517578125,0.0
791.0,269,265,271,261,61781,52.98948159440188,77.77777777777777,1.0,0.5366714917979908,0.2466698834208826,-1.4429924187742813,0.324879965250646,5.79044226692042,267.0,260.2472227935172,273.7527772064828,5.058260079762389,270.8,258.4,4.68631897203327,-22.22222222222222,267.0,263.0,270.0,265.0,258.78515861402536,263.07678,261.0,0.0,5.9232177734375
794.0,261,264,269,260,25002,39.92030748809188,37.5,0.3639492600180188,0.5866394994617625,0.7317325513625627,-1.3867209444437094,0.0981744520125222,5.724232412584986,266.15,259.271773484364,273.028226515636,5.168684212388515,270.7,257.7,4.920514761544284,-62.5,265.5,263.0,270.0,264.25,258.93869064476013,263.9824,259.0,0.0,-2.982391357421875
809.0,263,264,264,259,50516,50.65195571553791,47.05882352941177,0.7360673141386512,0.4911892705081772,0.398389703419268,-0.928087807232373,0.264036590961227,5.267821717882232,261.75,254.3506757064971,269.1493242935029,5.653733939639275,267.5666666666667,256.3666666666667,4.275353098358586,-52.94117647058823,263.5,264.5,270.0,264.0,259.1780213296873,260.4194,265.0,-2.580596923828125,0.0
813.0,270,269,272,268,94664,60.58452545041077,86.66666666666667,1.0,0.865871183028581,0.8071902943075608,1.0363580877640288,1.3508265634206142,5.106617829102533,261.65,254.32128933574103,268.9787106642589,5.601919101287177,267.1666666666667,257.5666666666667,3.659001397535243,-13.333333333333334,263.5,264.5,270.0,264.0,259.4268948769097,264.26437,269.0,0.0,5.735626220703125
821.0,263,265,267,263,102889,47.98888049653044,33.333333333333336,0.2392312487513843,0.3596545875156804,0.433665160674692,0.2379164700213891,-0.3578210728248203,4.675972519430024,263.35,256.61872968895074,270.0812703110493,5.11203365183162,270.56666666666666,262.16666666666663,3.153547741208872,-66.66666666666667,265.0,269.0,265.0,267.0,259.871999793956,266.33298,267.0,3.332977294921875,0.0
829.0,263,269,269,263,104418,45.820215620923335,0.0,0.0,0.1885133299421856,0.3416957930415802,0.1409492951847823,-0.4527016613988585,4.275886794475714,265.7,261.6453730134078,269.7546269865922,3.052033862696433,269.96666666666664,262.96666666666664,2.6269702276707534,-100.0,266.0,267.5,265.0,266.75,260.36042751521967,266.7236,225.0,0.0,-3.723602294921875
833.0,227,225,228,225,16542,22.92121782871241,4.25531914893617,0.0733246141725346,0.0244415380575114,0.1760291007125991,-8.865952766008064,-5.732774852535947,6.979909325855518,259.95,231.77572094976637,288.1242790502336,21.67669094074525,258.6333333333333,251.03333333333336,2.9823413996075736,-95.74468085106383,250.0,247.0,250.0,248.5,259.42863337631184,245.31152,229.0,18.3115234375,0.0
835.0,229,228,229,227,25687,25.666939903262502,8.51063829787234,0.1497936061391796,0.1113180338699701,0.0657154679170193,-10.044706897501442,-4.467136555786027,6.213726553942969,256.15,222.76572226331,289.53427773668994,26.066193821346843,250.4333333333333,243.03333333333336,2.9991894082680264,-91.48936170212764,250.0,247.0,250.0,248.5,258.8162498536008,232.98138,226.99999999999997,0.0,-3.98138427734375
837.0,229,231,231,228,42825,25.666939903262502,8.51063829787234,0.1510482255568325,0.1502118126117304,0.1327791814468507,-9.69845669236841,-2.5913975756805074,5.603118508693805,252.35,216.25415536380297,288.445844636197,28.607762739209058,242.9333333333333,235.5333333333333,3.0932144350006987,-91.48936170212764,250.0,247.0,250.0,248.5,258.2258436784348,225.95639,222.0,0.0,3.043609619140625
839.0,223,226,226,221,42442,22.406445104684707,4.166666666666667,0.0631427534306334,0.1111493620052563,0.1337980513972527,-9.543632567395775,-1.5691759967395429,5.408525992041982,248.45,209.8729342743581,287.0270657256419,31.05418854952054,234.73333333333332,227.73333333333332,3.0272452068617555,-95.83333333333331,248.0,226.5,248.0,237.25,257.56772445012984,222.22896,224.0,-0.7710418701171875,0.0
842.0,224,224,225,222,6898,25.688569704869863,6.25,0.1618297910604659,0.1047582415544709,0.0844899690696809,-8.447189735548761,-0.0142347931590762,4.836815448198605,242.25,202.61226545322592,281.8877345467741,32.72465184460193,229.23333333333332,222.83333333333331,2.8314407904438896,-93.75,246.5,226.0,248.0,236.25,256.54628244066777,220.2121,223.0,0.0,3.78790283203125
852.0,226,226,227,224,60417,34.2182774117059,71.42857142857143,1.0,1.0,0.9582788810223396,-2.672582045193309,1.8651739160764131,3.213906923229472,225.6,221.1999999999296,230.0000000000704,3.900709219920548,227.23333333333332,222.83333333333331,1.9552658865353305,-28.571428571428573,245.0,225.5,248.0,235.25,253.5564476115748,226.86746,225.0,0.0,-0.867462158203125
854.0,227,226,232,225,46303,37.1738423309631,54.54545454545455,1.0,1.0,0.9999999999999996,-1.9547727957813092,1.7160506938339304,3.5732646078158723,225.5,221.23385419838704,229.76614580161296,3.783721331807508,228.4333333333333,222.83333333333331,2.4819027921406387,-45.45454545454545,245.0,227.5,248.0,236.25,253.0207391368029,227.60591,226.99999999999997,0.0,-0.6059112548828125
855.0,225,228,229,225,30823,33.89386366836992,30.0,0.7314636875831091,0.9104878958610362,0.9701626319536786,-1.8567597172129808,1.4512510179218077,3.615938147034285,225.3,221.34525601326445,229.2547439867356,3.5106471253755567,229.0333333333333,222.83333333333331,2.7441723222189265,-70.0,244.5,227.5,248.0,236.0,252.7419258120586,227.64955,223.0,0.0,-2.6495513916015625
856.0,226,226,229,226,35474,36.89214033320832,40.0,0.9769366744545428,0.9028001206792172,0.9377626721800842,-1.632040558765425,1.3407761410954908,3.6543443323308566,225.15,221.55695115526916,228.74304884473088,3.1916933997165207,229.56666666666663,222.96666666666664,2.916912197996474,-60.0,226.5,227.5,248.0,227.0,252.47583699800828,227.83282,224.0,0.0,-1.83282470703125
858.0,223,228,228,223,26430,33.17573718218887,0.0,0.5524782550015173,0.8431383098186865,0.8829128503923735,-1.524904701540919,0.8947222477042405,3.6400189091879938,224.85,221.60808698441437,228.09191301558565,2.883622873547389,229.63333333333333,222.63333333333333,3.095518867924528,-100.0,226.5,227.5,248.0,227.0,251.93157646984295,227.48833,225.0,4.4883270263671875,0.0
861.0,225,224,226,224,22461,39.09330057423483,22.22222222222222,0.9077448933177688,0.7108239746666788,0.6843769002957746,-1.2909707031426765,0.6349801593006477,3.285573784798048,225.1,222.35045458291333,227.84954541708663,2.4429546131378634,229.1,222.3,3.0128489144882518,-77.77777777777777,226.5,227.5,248.0,227.0,251.1160171022648,226.31616,225.0,0.0,0.0
863.0,226,219,227,219,100156,42.61975382678582,53.84615384615385,0.8158199541719503,0.9078549491632396,0.8101413397236841,-0.741174913544171,0.7858369498668449,3.731314765686419,225.35,222.57331132450528,228.12668867549476,2.464334302635668,229.6,221.8,3.45591493132476,-46.15384615384615,225.5,224.0,247.0,224.75,250.62853378052,226.65309,223.0,0.0,-0.6530914306640625
874.0,238,238,241,235,122206,62.49129319280478,82.6086956521739,0.8299536202443627,0.6914989251200635,0.7642158719950505,2.6169011577690924,1.6594135403277734,4.918373062649473,227.35,217.77346618026075,236.92653381973923,8.424485436322183,234.36666666666665,225.36666666666665,3.915313225058005,-17.391304347826086,230.5,232.5,245.5,231.5,248.4013518036172,235.07549,248.0,-2.9245147705078125,0.0
875.0,244,242,247,240,180770,68.19667972395493,89.28571428571429,1.0,0.8385312859602512,0.7594037542618635,3.630805480839541,2.138654290718578,5.3265357563845255,228.3,216.36517700170612,240.23482299829388,10.455385894256564,236.86666666666665,226.86666666666665,4.312823461759632,-10.714285714285714,233.0,235.0,245.5,234.0,248.3575572583076,237.85889,252.99999999999997,-6.14111328125,0.0
880.0,255,270,270,255,256237,64.8195852949535,68.08510638297872,0.6903563750789622,0.8967854583596541,0.9322157470345288,7.727247269880678,2.9540285486825484,7.722726098787499,235.1,211.06752197544824,259.1324780245518,20.444473011103184,252.9,236.9,6.533278889342589,-31.91489361702128,244.5,250.5,244.5,247.5,248.5399669652269,254.46289,246.00000000000003,0.0,0.537109375
882.0,254,254,258,251,50767,63.74043732567768,65.21739130434783,0.520152256301899,0.6244096772981351,0.768518020285097,7.087674439160821,1.422002560356998,7.855408140017874,237.9,212.29609404796707,263.50390595203294,21.52493144349133,256.8666666666667,240.26666666666665,6.678288856108364,-34.78260869565217,244.5,252.5,244.5,248.5,248.64808375510395,258.46683,248.0,0.0,-4.466827392578125
884.0,243,244,250,239,121549,52.38163224409564,30.76923076923077,0.0,0.1939605639268784,0.4110792017743577,4.379490428790319,-1.045280318157772,8.63288059341448,239.8,215.34923314084944,264.2507668591506,20.39263291005052,260.56666666666666,241.16666666666669,7.73319160244485,-69.23076923076923,244.5,254.0,244.5,249.25,248.5657970046749,256.33322,255.0,13.333221435546875,0.0
892.0,250,251,254,248,86389,52.65236689343985,35.483870967741936,0.0110372735225036,0.1415071027144248,0.3326221373693303,3.2149628577463147,-1.3496357337451137,7.827370553310276,250.75,233.95863317057035,267.54136682942965,13.392914719385562,261.3,245.9,6.072555205047321,-64.51612903225806,246.5,253.0,244.5,249.75,249.0808630688355,258.03076,243.0,0.0,-8.03076171875
896.0,245,247,250,244,48263,48.60545058089141,21.428571428571427,0.1004730159805939,0.0334910053268645,0.0123900321670106,-0.5224069116770806,-2.55276875418547,6.956037820026872,251.85,238.2077861034045,265.4922138965955,10.83360245907922,258.4,246.6,4.673267326732667,-78.57142857142857,250.5,254.5,244.5,252.5,248.89139313057836,248.80562,244.0,0.0,-3.8056182861328125
903.0,250,254,254,247,120495,53.37393475067611,40.0,0.519318252370345,0.447215814521968,0.4347106716271479,0.4555050952205306,0.1902543175738361,6.9591109256016095,249.75,236.5609894229902,262.9390105770098,10.561770231839688,253.1,241.1,4.856333468231485,-60.0,254.5,248.5,244.5,251.5,248.80657957606948,248.02425,267.0,-1.9757537841796875,0.0
904.0,267,250,270,250,362120,66.37304996516701,90.0,1.0,0.6355029362798363,0.5166558849621633,2.429675587592101,1.7315398479563249,8.26319983304145,250.95,236.1652105188992,265.73478948110085,11.783055972186368,256.26666666666665,241.4666666666667,5.9469595499598,-10.0,254.5,255.0,244.5,254.75,248.98760863501408,251.79314,277.0,-15.206863403320312,0.0
907.0,277,268,280,266,305475,70.39610329522428,92.5,1.0,0.9263097461405652,0.8802992936878905,5.96338985940406,3.286353399970711,10.051872678287218,253.65,233.5077558350502,273.7922441649498,15.881919310033354,266.43333333333334,245.6333333333333,8.123942195026704,-7.5,259.5,260.0,249.5,259.75,249.59020245194705,264.40762,264.0,0.0,12.592376708984375
917.0,235,245,245,235,182095,39.23970725432658,0.0,0.0,0.1109971252622657,0.1015254634322442,-4.174904047151443,-4.51687905573534,11.968882454248996,257.05,230.6949245874645,283.4050754125355,20.50579685861544,272.7333333333333,245.53333333333336,10.496526884486746,-100.0,263.5,263.5,257.5,263.5,250.3138927872423,249.77032,226.99999999999997,0.0,-14.77032470703125
918.0,236,233,239,231,117993,39.93026250197165,8.19672131147541,0.0201518897980367,0.0351322820894097,0.0857088442046469,-5.24771350206521,-4.471750808519285,11.571994208824096,256.8,229.75485256094112,283.8451474390589,21.06319894007702,266.7333333333333,242.53333333333336,9.503861762010732,-91.8032786885246,261.5,254.5,257.5,258.0,250.17146599333944,244.69585,226.00000000000003,0.0,-8.695846557617188
929.0,218,215,221,206,84733,41.68593556397298,38.983050847457626,0.6022423092574762,0.7348282061716507,0.6763274401678577,-6.941461657890073,0.5820054702126773,15.125983753811116,234.75,201.0758259195483,268.42417408045173,28.689392187818303,235.4,206.8,12.935323383084574,-61.01694915254237,243.5,220.5,243.5,232.0,247.2691518238524,217.97943,230.0,-0.02056884765625,0.0
933.0,232,230,232,227,37758,48.88057491930075,72.54901960784314,0.8824220538650926,0.8859903886647843,0.8241280754516511,-2.27276207128412,2.923917461496972,13.610157940875473,228.9,206.31770605096543,251.48229394903456,19.73114368635609,237.66666666666669,208.26666666666665,13.185827477948887,-27.45098039215686,243.5,220.5,243.5,232.0,246.60274272496028,227.36507,228.0,0.0,4.6349334716796875
939.0,251,243,251,243,1045,59.28263168726457,100.0,1.0,0.955197680495518,0.8873906440716902,2.309451417616316,3.867967575529608,11.523667946256804,227.0,207.16064517176497,246.83935482823503,17.479607778180643,240.5333333333333,222.53333333333336,7.774258566081173,-0.0,225.0,236.0,243.5,230.5,245.8474401074904,236.67801,244.0,0.0,14.321990966796875
946.0,247,253,255,245,58061,55.254168322015246,46.2962962962963,0.6852398303331629,0.8126724805523238,0.7875419572684939,4.463934420919003,1.263830322675076,12.511060855323995,236.75,214.6785251965221,258.8214748034779,18.645385261649743,259.1,233.9,10.223123732251528,-53.7037037037037,235.5,253.5,243.5,244.5,245.9831326510848,252.1167,235.0,0.0,-5.11669921875
948.0,243,240,246,237,72742,52.18409113502277,38.888888888888886,0.4693551806135766,0.4934608578919026,0.642106985706202,2.80772323669828,-0.3357024450659636,11.753959292812436,237.9,217.50490254986377,258.2950974501362,17.14594153016916,260.56666666666666,235.56666666666663,10.077936038699274,-61.11111111111112,235.5,256.0,243.5,245.75,245.89450845562263,250.00014,231.0,0.0,-7.0001373291015625
955.0,235,241,241,234,46334,47.67846104628408,20.58823529411765,0.238993891942253,0.2657114356348766,0.1734825376507573,-1.1130935668307416,-1.1962059171512418,10.18897439247838,240.45,225.5171503054327,255.38284969456728,12.420752501199663,247.3,229.1,7.640638119227547,-79.41176470588235,245.0,241.5,243.5,243.25,245.13905097385435,234.96559,226.00000000000003,0.0,0.0344085693359375
956.0,235,234,236,230,25719,47.67846104628408,20.58823529411765,0.238993891942253,0.3106419702716602,0.2597926163512156,-1.160647048064959,-0.9950075187083676,9.770076953230545,240.8,226.74866554378067,254.85133445621932,11.670543568288483,245.36666666666665,227.9666666666667,7.352112676056316,-79.41176470588235,248.5,241.5,243.5,245.0,245.03816489451253,234.49704,226.99999999999997,0.0,0.502960205078125
959.0,227,226,227,223,50774,41.98743733805689,12.5,0.0699345275754342,0.0472454721969631,0.1113690967165063,-2.788500716620149,-1.5764249216911743,8.818386098905066,239.05,223.62955902055495,254.47044097944504,12.901435665714311,238.9333333333333,226.13333333333333,5.504587155963284,-87.5,249.0,232.0,243.5,240.5,244.54396703267787,231.08093,223.0,0.0,-4.0809326171875
964.0,230,228,231,227,45391,47.41276342159234,42.10526315789474,0.7344791676620294,0.3716229814300462,0.1766265483503663,-3.0101377970270846,-0.2395305264222882,6.963308807542454,233.4,218.21579768309903,248.58420231690096,13.011313039332434,232.7333333333333,223.53333333333336,4.032729398012829,-57.89473684210526,249.0,229.0,235.5,239.0,243.59206505630047,225.04756,237.0,-4.9524383544921875,0.0
970.0,237,238,239,233,89402,53.59978156119853,68.18181818181819,0.8282771195466269,0.696105251033632,0.7331573053863161,0.6735454823306952,1.482814630528415,6.93159379598917,231.2,220.9316018775764,241.4683981224236,8.882697337736683,236.5,225.5,4.761904761904762,-31.818181818181817,242.0,233.5,235.5,237.75,243.0828106986038,235.34337,229.0,0.0,1.6566314697265625
972.0,233,245,245,233,83623,49.36368020619724,47.82608695652174,0.5983978477389361,0.75165069561073,0.7422393756109652,0.7473752263574056,0.9567142844119088,7.444590974751227,231.55,220.95802190331804,242.141978096682,9.148761042264711,240.4,227.0,5.733846812152335,-52.17391304347826,238.5,236.0,235.5,237.25,242.92256098798077,237.24142,229.0,0.0,-4.241424560546875
978.0,233,231,235,230,62390,51.08321635906455,36.8421052631579,0.5348482682448251,0.298274046310324,0.2864396667960115,-0.5464366849114697,-0.0199334091987967,6.179474872212766,230.4,220.7791892233244,240.0208107766756,8.351398243642011,237.66666666666663,226.46666666666664,4.8261993679977095,-63.1578947368421,233.5,235.5,241.0,234.5,242.14200850345,231.72464,238.0,-1.275360107421875,0.0
983.0,237,240,243,235,147280,55.290393629431954,47.82608695652174,0.887430767372069,0.9624769224573564,0.6893444858826463,1.142647245770121,1.0698182822044155,7.404878117292915,232.85,224.9436734193063,240.7563265806937,6.790918256984069,238.9,225.7,5.682307361170906,-52.17391304347826,235.5,237.5,249.0,236.5,241.7570060281943,234.77773,234.0,0.0,2.2222747802734375
986.0,234,236,236,232,33256,51.42278072275533,34.78260869565217,0.5678371437990963,0.4950105935528149,0.626187252299067,0.6674014599780946,0.2687479955216783,7.454156147506535,232.9,225.9746841226856,239.82531587731444,5.947029521094403,241.96666666666664,226.3666666666667,6.661921708185026,-65.21739130434783,235.5,238.0,249.0,236.75,241.50814551149384,236.15549,239.00000000000003,2.155487060546875,0.0
988.0,243,243,246,241,216925,61.61596020126769,73.91304347826087,1.0,0.8559457145996987,0.6754781540762567,1.9491884893890583,1.115461463859983,7.907866479480293,233.55,225.1482144754475,241.9517855245525,7.194849517921223,244.9,227.5,7.366638441998309,-26.08695652173913,236.0,238.0,249.0,237.0,241.4982814880985,238.63943,244.0,-4.360565185546875,0.0
991.0,244,227,245,227,263284,60.706673268751686,77.27272727272727,0.9454088751082398,0.720552602839049,0.7808505818200971,2.3845819578600924,0.929350245267559,8.320834663541135,234.2,224.41020939955425,243.98979060044576,8.3601969260852,247.2,229.4,7.469576164498523,-22.727272727272727,237.5,237.5,249.0,237.5,241.4643455080268,241.50893,244.0,0.0,0.0
997.0,241,243,245,238,68764,53.07297655572066,50.0,0.1988501256628755,0.4476750257204379,0.5429371465234994,2.343247714147424,-0.1736221235880961,7.725633694426965,238.75,227.70690260839143,249.7930973916085,9.250762212865792,250.4666666666667,235.66666666666663,6.088864509051032,-50.0,240.5,241.0,238.5,240.75,241.6489922430596,246.85628,239.00000000000003,0.0,-5.8562774658203125
1000.0,239,238,240,236,80090,50.07040603822518,42.85714285714285,0.0,0.1178665298182329,0.2148575833168323,0.9561630691872268,-1.025116662819598,6.886986963237257,240.25,231.7912766920449,248.7087233079551,7.041601088828385,250.3,235.5,6.093042404281602,-57.142857142857146,240.5,245.5,238.5,243.0,241.60971492401404,244.29443,239.00000000000003,5.29443359375,0.0
1001.0,238,240,243,238,33520,48.7148367680586,39.285714285714285,0.0,0.0,0.1006721449524746,0.4814885942383284,-1.199832910214797,6.698288266913531,240.25,231.7912766920449,248.7087233079551,7.041601088828385,249.1,236.9,5.020576131687238,-60.71428571428572,240.5,245.5,238.5,243.0,241.57379736258108,242.95222,241.0,4.9522247314453125,0.0
1007.0,268,250,269,250,623519,76.12889684543589,96.96969696969695,1.0,0.876302452380866,0.6362839674620402,3.952681698955246,2.43132929122208,7.896471014856795,243.4,230.370802020058,256.429197979942,10.705996696747738,249.66666666666663,237.06666666666663,5.17737296260786,-3.0303030303030303,248.0,252.5,245.5,250.25,241.85017873233167,246.82791,261.0,0.0,21.172088623046875
1012.0,263,262,265,262,89621,67.49083903451655,64.28571428571429,0.7000064352932331,0.6744394876226263,0.7273487407709913,6.139753457785702,1.5353968089055057,10.034017169562787,248.55,227.52168575466652,269.57831424533344,16.920791989807643,266.26666666666665,244.66666666666669,8.45511482254696,-35.714285714285715,252.5,258.5,250.0,255.5,242.89075091627933,265.0419,270.0,2.041900634765625,0.0
1022.0,315,320,325,311,430473,85.44261658098871,86.66666666666667,0.8316377834565462,0.943879261152182,0.9812930870507272,15.257122745845663,4.9320370098676936,11.522747980819773,270.8,227.86935826242097,313.73064173757905,31.706530086838285,296.1333333333333,275.7333333333333,7.134530193518314,-13.333333333333334,280.5,295.5,275.5,288.0,247.041467589552,301.13828,345.0,-13.861724853515625,0.0
1025.0,345,339,350,333,660721,90.45150132790472,94.3181818181818,1.0,0.9393027096898168,0.9044912054775306,20.0358286627619,5.85997069723274,13.196083278017614,284.25,230.49174481997872,338.00825518002125,37.82462985401672,318.0,291.0,8.866995073891626,-5.681818181818182,293.0,311.0,288.0,302.0,249.5355452687253,325.022,359.0,-19.977996826171875,0.0
1026.0,379,350,379,350,885558,93.36804833963764,100.0,1.0,0.9921930349412226,0.9382259051576792,24.85829299559316,8.5459480240512,15.276474950215851,290.85,225.7830344952199,355.91696550478014,44.74262713067224,329.9333333333333,298.53333333333336,9.992574519995731,-0.0,307.5,327.5,302.5,317.5,250.8237487983897,338.43173,365.0,0.0,40.568267822265625
1037.0,357,355,361,350,431005,65.00704402844752,48.80952380952381,0.2898485333712187,0.1904348432632434,0.1003103961047246,9.184539150059948,-3.9339883921719383,18.790490932921195,335.8,284.8977407181177,386.70225928188233,30.317009697368864,367.3,327.7,11.395683453237416,-51.19047619047619,331.0,348.5,313.5,339.75,260.96646128967893,343.78326,347.00000000000006,0.0,13.21673583984375
1047.0,350,335,350,332,268637,53.42919347945804,39.74358974358975,0.2549211061301781,0.3671972786016384,0.6089947547903612,5.377271686032145,-3.102670528313295,22.196947876904154,351.3,321.03384728777223,381.5661527122278,17.23094375874055,377.76666666666665,335.96666666666664,11.71305809826266,-60.256410256410255,355.5,359.5,318.0,357.5,270.04437884476454,361.17252,354.0,11.172515869140625,0.0
1049.0,350,345,350,341,264443,53.30714082202279,37.333333333333336,0.2484622093044513,0.2161873043143857,0.2389170502651974,2.822404640642844,-3.733081663552584,20.04952778029236,349.8,320.3273007683398,379.2726992316602,16.851171659039572,372.9666666666666,336.3666666666667,10.319548872180444,-62.66666666666666,358.0,359.5,318.0,358.75,271.56851183464573,355.95407,369.0,5.954071044921875,0.0
1050.0,354,350,361,350,327609,54.614504022762965,42.66666666666666,0.3176464794774477,0.2370957620968089,0.1955498780969209,2.712096307120589,-3.074711997659871,19.144575002263124,349.6,320.2988054851017,378.9011945148983,16.7626970909029,373.06666666666666,337.06666666666666,10.13894104393541,-57.333333333333336,359.5,359.5,318.0,359.5,272.3887256472363,354.35388,368.0,0.3538818359375,0.0
1056.0,414,395,415,395,986641,69.56052325455562,98.79518072289156,1.0,0.7641561870477073,0.6181047402073431,12.169291984070467,4.715181195667034,19.12153608377772,362.65,325.49478502282847,399.8052149771715,20.490949939154287,381.76666666666665,351.5666666666667,8.236363636363617,-1.2048192771084338,367.0,378.0,329.0,372.5,278.71587407152174,377.882,410.0,0.0,36.118011474609375
1062.0,459,454,469,446,777251,76.38842776348574,92.1875,1.0,0.9647692039976418,0.9208135559314744,22.731611075499472,7.3327005064178366,19.537705257898917,384.85,319.7000959325365,449.9999040674636,33.857297163811104,423.3666666666667,390.1666666666667,8.16192739490289,-7.8125,395.5,417.5,359.5,406.5,287.21424817923264,426.56836,456.0,0.0,32.431640625
1067.0,450,439,465,439,277871,69.79017195373376,77.77777777777777,0.634684993393413,0.7861028117349275,0.8228987313221703,21.432000140366483,0.9886763452127808,22.615269577736733,407.3,328.8038854464785,485.79611455352153,38.54461799829193,462.9,418.1,10.170261066969342,-22.22222222222222,398.0,440.0,371.0,419.0,295.31937802772126,456.0865,424.0,0.0,-6.08648681640625
1073.0,435,445,454,432,348031,58.97475961954407,42.64705882352941,0.1374210948152458,0.1778186114268318,0.1151341718111927,8.026285843222468,-5.423505132668048,20.561026479661987,429.5,381.49375040685385,477.50624959314615,22.35448176630787,465.9,421.7,9.9594411897251,-57.35294117647059,407.5,447.0,392.5,427.25,303.4145329740544,438.8157,476.0,3.815704345703125,0.0
1084.0,490,514,514,487,271576,67.79537745910707,74.46808510638297,0.684804400073841,0.6920091509856334,0.6553963967619172,15.11938266827758,0.7949819596676608,23.459760698745,459.1,412.7452807149124,505.45471928508766,20.19373525815188,503.2,453.6,10.36789297658862,-25.53191489361702,460.0,476.5,416.5,468.25,321.2257104456228,485.69083,471.0,0.0,4.309173583984375
1088.0,472,472,486,470,289908,57.69747887662806,50.0,0.1101721973562161,0.0659124258877006,0.1909056225904418,7.223394253860647,-4.220743089108403,21.532448994446597,463.4,416.68212333593,510.11787666407,20.163088763085884,500.9333333333333,462.5333333333333,7.971215056739547,-50.0,467.0,481.5,418.0,474.25,327.1756475727878,479.71884,456.0,0.0,-7.718841552734375
1097.0,439,445,445,437,130011,44.27623863860907,8.536585365853659,0.0104621309402392,0.0700101604710624,0.1262129924231723,-5.800787797375392,-4.226936409030059,19.165389310796066,466.1,429.3038045445017,502.8961954554984,15.788970373524297,472.2,434.6,8.292898103220107,-91.46341463414636,468.0,463.5,423.0,465.75,337.56321879238413,442.8935,429.0,0.0,-3.89349365234375
1098.0,433,430,445,430,221815,41.95542969068909,4.615384615384615,0.0,0.0177917326073899,0.0820213833558156,-6.839521410253269,-4.212536017526348,18.74885037971645,463.15,425.67854419695897,500.621455803041,16.18113172969492,468.1,430.7,8.322207387627957,-95.3846153846154,468.0,449.5,423.0,458.75,338.5128385058928,440.02008,435.0,7.02008056640625,0.0
1104.0,441,450,450,440,129522,47.48807929129951,37.77777777777778,0.7161898660787053,0.7726177099822947,0.5659259765830483,-4.189424095858328,0.9493628920851068,15.953021794646896,448.95,418.8802477562699,479.01975224373007,13.395590708867392,453.6333333333333,426.6333333333333,6.134504695546804,-62.22222222222222,469.0,438.0,438.0,453.5,344.25472066559587,435.2676,438.0,0.0,5.732391357421875
1122.0,448,448,453,441,177352,48.32896946272242,32.608695652173914,0.0671955082920631,0.2480133016413869,0.5486051502508656,1.6160710828209517,-0.7843952984419791,12.814464956474302,449.75,431.6406101704307,467.8593898295693,8.053091641831815,469.6,443.2,5.784399649430332,-67.3913043478261,451.5,459.5,467.0,455.5,361.7866565850875,456.18542,432.0,0.0,-8.1854248046875
1124.0,443,438,447,435,158412,45.517048228485,18.181818181818183,0.0373844451241708,0.034859984472078,0.1195664125070022,-0.7755068738841828,-2.1788478928677435,13.019716614744189,449.6,431.3747428001878,467.82525719981226,8.107320818421812,466.4666666666666,441.8666666666666,5.416513761467883,-81.81818181818181,451.5,456.5,468.0,454.0,363.38495055632416,450.87473,435.0,0.0,-7.874725341796875
1126.0,427,432,438,423,351272,37.06521470974723,7.142857142857143,0.0,0.0124614817080569,0.0199276492960637,-4.370098054014477,-3.976549937064551,14.11597045794279,448.55,427.2570434180851,469.8429565819149,9.494128450302036,464.3333333333333,435.7333333333334,6.3550848085326805,-92.85714285714286,451.0,450.5,468.5,450.75,364.69387953221445,441.82336,433.0,14.8233642578125,0.0
1131.0,432,438,441,431,99434,42.081634129061904,16.363636363636363,0.1870493297376113,0.2021872243538273,0.1902677719868382,-4.848350371205015,-1.3902995198947514,12.722489395710635,445.5,421.5792976691878,469.4207023308122,10.738811371857338,450.5666666666667,423.7666666666667,6.130385055280216,-83.63636363636364,451.0,439.0,468.5,445.0,368.0054368273491,430.273,431.0,0.0,1.72698974609375
1133.0,430,430,434,429,74411,40.827260094369215,13.461538461538462,0.2150135242375603,0.1807799380853888,0.1873315498886876,-4.757249255406634,-0.8141641211455029,11.435216410525616,443.1,418.3460104225736,467.8539895774264,11.173093918946698,445.9,422.3,5.436535360516002,-86.53846153846153,451.0,436.5,468.5,443.75,369.2330215539183,428.87228,432.0,-1.127716064453125,0.0
1136.0,432,430,435,429,81509,43.27639940246888,28.125,0.7348919827811807,0.5048901819019171,0.3653346009869345,-3.773903889398639,0.2490558773473195,10.988272763273176,440.1,415.0568372604547,465.14316273954535,11.38066927495811,442.6666666666667,423.0666666666667,4.527953180348059,-71.875,451.0,438.0,459.0,444.5,371.0586256392583,428.73157,433.0,-3.2684326171875,0.0
