,adjclose,open,high,low,volume,other,RSI,adjclose_5,true_adjclose_5,buy_profit,sell_profit
1280.0,178,177,178,176,970,ok,51.857806098896354,177.61064,188.0,-0.3893585205078125,0.0
1281.0,180,180,180,180,693,ok,55.63215668813306,178.37045,185.0,-1.629547119140625,0.0
1282.0,180,180,180,180,50,ok,55.63215668813306,179.18507,183.0,-0.8149261474609375,0.0
1283.0,180,180,180,180,100,ok,55.63215668813306,179.91298,182.0,-0.0870208740234375,0.0
1284.0,183,180,183,180,1300,ok,61.31429938552208,181.11446,186.0,-1.8855438232421875,0.0
1285.0,188,186,189,186,2179,ok,68.54481805999114,183.35103,186.0,0.0,4.6489715576171875
1286.0,185,188,188,185,373,ok,61.15874674351431,185.14171,179.0,0.0,-0.1417083740234375
1287.0,183,182,183,182,407,ok,56.76708495893839,185.87613,184.0,2.876129150390625,0.0
1288.0,182,182,182,182,35,ok,54.65385950665648,185.77164,189.0,3.771636962890625,0.0
1289.0,186,185,186,183,3452,ok,60.920601125077816,186.05083,191.99999999999997,0.0508270263671875,0.0
1290.0,186,185,188,185,1090,ok,60.920601125077816,186.551,189.0,0.550994873046875,0.0
1291.0,179,184,184,179,282,ok,47.57621108445136,185.74265,191.99999999999997,6.742645263671875,0.0
1292.0,184,181,187,181,1017,ok,55.13569488320737,185.24184,184.0,0.0,0.0
1293.0,189,187,190,187,2691,ok,61.16625549349188,185.7986,182.0,0.0,3.2014007568359375
1294.0,192,192,198,192,1699,ok,64.26960370264102,187.48866,191.0,0.0,4.5113372802734375
1295.0,189,190,190,189,260,ok,59.1767950086002,188.84879,190.0,-0.151214599609375,0.0
1296.0,192,187,192,187,1482,ok,62.38660250944344,190.26353,190.0,0.0,1.7364654541015625
1297.0,184,189,189,184,1328,ok,50.89457196395195,190.33063,190.0,6.33062744140625,0.0
1298.0,182,184,184,182,1250,ok,48.48976506860889,189.28697,187.0,7.2869720458984375,0.0
1299.0,191,185,191,185,1577,ok,58.08715393333983,189.08458,190.0,0.0,1.9154205322265625
1300.0,190,194,197,190,270,ok,56.820360738446745,189.52895,191.99999999999997,-0.4710540771484375,0.0
1301.0,190,187,190,187,41,ok,56.82036073844675,190.01675,190.0,0.0,0.0
1302.0,190,193,193,190,100,ok,56.820360738446745,190.64386,190.0,0.0,0.0
1303.0,187,193,193,187,1117,ok,52.52804038447215,190.85388,187.0,0.0,0.0
1304.0,190,190,190,189,985,ok,56.0994737435512,191.09933,195.0,1.099334716796875,0.0
1305.0,192,192,192,192,10,ok,58.34916307164824,191.64633,190.0,0.0,0.353668212890625
1306.0,190,192,196,190,981,ok,55.29745724652236,192.09256,190.0,0.0,0.0
1307.0,190,191,196,190,1046,ok,55.29745724652236,192.44516,190.0,0.0,0.0
1308.0,187,190,190,187,2200,ok,50.685819998954095,192.0799,186.0,0.0,-5.07989501953125
1309.0,195,184,195,184,6374,ok,60.21441982052143,192.45766,189.0,0.0,2.5423431396484375
1310.0,190,193,193,190,750,ok,53.28457543423309,192.49635,193.0,2.4963531494140625,0.0
1311.0,190,190,190,190,677,ok,53.28457543423309,192.25954,187.0,0.0,-2.2595367431640625
1312.0,190,187,190,184,1390,ok,53.28457543423309,191.87018,186.0,0.0,-1.87017822265625
1313.0,186,187,190,186,11100,ok,47.789206744202005,190.88936,189.0,4.8893585205078125,0.0
1314.0,189,189,189,189,122,ok,51.80390683026475,190.10912,190.0,1.1091156005859375,0.0
1315.0,193,192,195,190,5743,ok,56.59620607197464,190.25949,190.0,0.0,2.740509033203125
1316.0,187,191,191,187,1078,ok,48.76363867877771,189.92433,200.0,2.9243316650390625,0.0
1317.0,186,190,190,186,2740,ok,47.58171257806215,189.24454,200.0,3.244537353515625,0.0
1318.0,189,187,189,187,511,ok,51.3883419240001,188.80518,200.0,-0.19482421875,0.0
1319.0,190,191,193,190,300,ok,52.62339363225479,188.84009,198.0,-1.159912109375,0.0
1320.0,190,191,191,189,2950,ok,52.62339363225479,189.07098,197.0,-0.92901611328125,0.0
1321.0,200,193,207,193,24852,ok,63.406003943496245,191.01097,195.0,0.0,8.989028930664062
1322.0,200,200,202,197,14108,ok,63.406003943496245,193.44489,191.99999999999997,0.0,6.55511474609375
1323.0,200,199,201,197,16870,ok,63.40600394349625,195.74937,199.0,0.0,4.2506256103515625
1324.0,198,200,200,197,5370,ok,59.995172087628056,197.29808,197.0,0.0,0.7019195556640625
1325.0,197,199,199,197,4360,ok,58.30628737866051,198.08934,199.0,1.0893402099609375,0.0
1326.0,195,196,197,195,913,ok,54.97318047514422,198.00087,198.0,3.0008697509765625,0.0
1327.0,192,198,198,190,6205,ok,50.32587587232427,197.12247,198.0,5.122467041015625,0.0
1328.0,199,195,199,195,2720,ok,59.02921702519038,196.88753,194.0,0.0,2.1124725341796875
1329.0,197,202,202,195,3217,ok,56.009711927843135,196.9194,195.0,0.0,0.080596923828125
1330.0,199,199,199,194,1350,ok,58.30650429866758,197.25487,194.0,0.0,1.7451324462890625
1331.0,198,196,199,193,470,ok,56.7121111011412,197.53032,197.0,0.0,0.4696807861328125
1332.0,198,198,200,195,200,ok,56.7121111011412,197.82938,196.0,0.0,0.170623779296875
1333.0,194,195,195,192,2965,ok,50.3277779398373,197.32336,195.0,3.3233642578125,0.0
1334.0,195,194,197,194,744,ok,51.788981515975415,196.67807,196.0,1.678070068359375,0.0
1335.0,194,193,194,193,340,ok,50.1986990038834,195.81505,196.0,1.8150482177734375,0.0
1336.0,197,195,198,195,125,ok,54.69343311311911,195.56128,193.0,0.0,1.438720703125
1337.0,196,199,199,196,1680,ok,52.977048912125554,195.58539,196.0,0.0,0.0
1338.0,195,195,195,193,3910,ok,51.24517223443965,195.43008,195.0,0.0,0.0
1339.0,196,195,197,195,2210,ok,52.90324973540376,195.4081,196.0,0.0,0.0
1340.0,196,196,196,196,250,ok,52.90324973540376,195.4403,194.0,0.0,0.5596923828125
1341.0,193,196,196,193,3995,ok,47.30577683316264,194.96751,193.0,0.0,0.0
1342.0,196,195,196,195,1151,ok,52.69583791311559,194.80981,193.0,0.0,1.190185546875
1343.0,195,197,197,195,1694,ok,50.8294184703355,194.70435,194.0,0.0,0.295654296875
1344.0,196,198,198,196,220,ok,52.63603376070799,194.86243,191.99999999999997,0.0,1.1375732421875
1345.0,194,198,198,194,2649,ok,48.7760815802822,194.77637,193.0,0.0,-0.7763671875
1346.0,193,196,196,192,5458,ok,46.92322703450017,194.3253,195.0,1.3253021240234375,0.0
1347.0,193,192,195,192,3210,ok,46.923227034500165,193.65137,191.99999999999997,0.0,-0.6513671875
1348.0,194,194,194,193,2000,ok,49.162899734208345,193.15164,191.99999999999997,0.0,0.848358154296875
1349.0,192,193,193,192,1010,ok,45.06696492143091,192.36528,195.0,0.3652801513671875,0.0
1350.0,193,193,193,192,1530,ok,47.42551582395307,191.75977,195.0,-1.240234375,0.0
1351.0,195,195,195,193,1254,ok,51.8758198570178,191.80884,191.99999999999997,0.0,3.191162109375
1352.0,192,195,195,192,3551,ok,45.63566980381165,191.58217,194.0,-0.4178314208984375,0.0
1353.0,192,191,192,191,978,ok,45.63566980381165,191.10506,193.0,-0.8949432373046875,0.0
1354.0,195,192,195,192,2332,ok,52.29140524724316,191.27171,195.0,0.0,0.0
1355.0,195,197,197,195,87,ok,52.29140524724316,191.84103,191.99999999999997,0.0,3.158966064453125
1356.0,192,196,196,192,1300,ok,45.7898062201608,191.8988,191.99999999999997,0.0,0.1011962890625
1357.0,194,195,195,193,2198,ok,50.23233789384775,192.07526,194.0,0.0,0.0
1358.0,193,194,195,193,178,ok,48.10941445549467,192.05719,191.99999999999997,0.0,0.94281005859375
1359.0,195,195,195,195,210,ok,52.438728370292125,192.36429,190.0,0.0,2.635711669921875
1360.0,192,196,196,192,3210,ok,46.21072005114612,192.24075,191.99999999999997,0.0,-0.240753173828125
1361.0,192,192,192,191,1814,ok,46.21072005114612,191.75111,188.0,0.0,0.2488861083984375
1362.0,194,195,195,193,40,ok,50.73465802567214,191.67177,190.0,0.0,2.3282318115234375
1363.0,192,196,196,192,330,ok,46.52104136633224,191.45802,190.0,0.0,0.5419769287109375
1364.0,190,190,190,189,3200,ok,42.70176734801729,190.60828,190.0,0.0,0.0
1365.0,192,187,192,187,1011,ok,47.35616606832404,189.97392,191.0,0.0,2.0260772705078125
1366.0,188,194,194,188,1812,ok,40.30451607442194,188.99289,191.0,0.992889404296875,0.0
1367.0,190,190,191,190,3995,ok,44.73564141451696,188.26552,191.99999999999997,-1.7344818115234375,0.0
1368.0,190,193,193,190,1211,ok,44.73564141451695,187.831,193.0,-2.16900634765625,0.0
1369.0,190,193,193,190,1211,ok,44.73564141451695,187.60712,191.0,-2.39288330078125,0.0
1370.0,191,191,191,191,874,ok,47.18393046783873,187.65738,188.0,0.0,3.342620849609375
1371.0,191,192,193,190,1140,ok,47.18393046783873,187.88753,194.0,-3.1124725341796875,0.0
1372.0,192,191,192,191,636,ok,49.764963969946834,188.3577,191.99999999999997,0.0,3.642303466796875
1373.0,193,192,193,192,1588,ok,52.27652813167874,189.1307,198.0,-3.869293212890625,0.0
1374.0,191,192,193,191,1280,ok,47.19443066796592,189.46252,196.0,-1.5374755859375,0.0
1375.0,188,190,190,188,405,ok,40.78891180706551,188.81847,194.0,0.8184661865234375,0.0
1376.0,194,188,194,188,820,ok,54.18280280628719,189.10571,191.0,0.0,4.894287109375
1377.0,192,193,193,192,1173,ok,50.11348376057802,189.45639,191.0,0.0,2.543609619140625
1378.0,198,193,202,192,10888,ok,59.85447863450828,190.99965,191.99999999999997,0.0,7.0003509521484375
1379.0,196,201,201,194,4438,ok,55.93382829528606,192.60568,198.0,-3.394317626953125,0.0
1380.0,194,194,194,194,10,ok,52.24815289055915,193.39795,198.0,-0.60205078125,0.0
1381.0,191,194,194,191,3620,ok,47.2217158655416,193.19069,200.0,2.1906890869140625,0.0
1382.0,191,193,194,191,3499,ok,47.22171586554159,192.49602,196.0,1.4960174560546875,0.0
1383.0,192,191,194,189,2830,ok,49.11420745965504,191.80606,196.0,-0.193939208984375,0.0
1384.0,198,195,200,195,8728,ok,58.68633272976832,192.38066,197.0,0.0,5.6193389892578125
1385.0,198,199,200,198,2097,ok,58.68633272976832,193.54625,199.0,-4.4537506103515625,0.0
1386.0,200,201,201,197,2250,ok,61.48703472432791,195.21397,162.0,0.0,4.7860260009765625
1387.0,196,204,204,196,7780,ok,53.653057443955504,196.31276,162.0,0.0,-0.3127593994140625
1388.0,196,199,199,196,1690,ok,53.653057443955504,196.79294,162.0,0.0,-0.792938232421875
1389.0,197,199,199,197,3230,ok,55.30416435500995,197.0803,162.0,0.0,-0.0803070068359375
1390.0,199,199,200,197,9395,ok,58.48930619391092,197.5786,162.0,0.0,1.4214019775390625
1391.0,162,160,162,157,1241,ok,24.171427763771405,192.55296,161.0,0.0,-30.552963256835938
1392.0,162,165,165,162,275,ok,24.171427763771405,185.38931,163.0,23.389312744140625,0.0
1393.0,162,163,163,162,560,ok,24.171427763771405,177.89467,161.0,0.0,-15.894668579101562
1394.0,162,162,162,160,850,ok,24.171427763771405,171.09619,163.0,9.09619140625,0.0
1395.0,162,164,165,162,1128,ok,24.171427763771405,165.59627,168.0,3.5962677001953125,0.0
1396.0,161,162,162,161,964,ok,23.62867135976795,161.25885,173.0,0.25885009765625,0.0
1397.0,163,159,163,159,1709,ok,27.15185924059095,158.36563,170.0,-4.634368896484375,0.0
1398.0,161,166,166,161,1068,ok,25.866772664973368,156.55182,173.0,-4.44818115234375,0.0
1399.0,163,158,163,158,433,ok,29.462112493492384,155.65042,179.0,-7.349578857421875,0.0
1400.0,168,163,168,163,2394,ok,37.60870064005845,156.28331,191.0,-11.716690063476562,0.0
1401.0,173,170,173,170,1380,ok,44.51030886615818,158.49081,188.0,-14.509185791015625,0.0
1402.0,170,175,175,170,1640,ok,41.541103510867984,160.96365,186.0,-9.036346435546875,0.0
1403.0,173,170,177,170,2169,ok,45.45928995846917,163.60721,184.0,-9.392791748046875,0.0
1404.0,179,176,180,175,2474,ok,52.33958391511565,166.85251,187.0,-12.147491455078125,0.0
1405.0,191,180,195,180,7025,ok,62.522487703993626,171.61931,171.0,0.0,19.380691528320312
1406.0,188,201,201,188,2008,ok,59.12165635179646,176.66473,180.0,0.0,11.33526611328125
1407.0,186,182,188,182,2203,ok,56.89961765289059,180.41405,183.0,0.0,5.5859527587890625
1408.0,184,187,187,183,1596,ok,54.6861799849186,182.81387,184.0,0.0,0.0
1409.0,187,187,187,180,6382,ok,57.36532863379835,184.52675,190.0,-2.4732513427734375,0.0
1410.0,171,190,190,169,3038,ok,42.82318295834968,184.12155,190.0,13.121551513671875,0.0
1411.0,180,174,180,174,2262,ok,50.43458954996954,183.11392,190.0,3.113922119140625,0.0
1412.0,183,183,185,179,2330,ok,52.69513966820576,182.44652,184.0,-0.5534820556640625,0.0
1413.0,184,186,189,184,1907,ok,53.45713442068932,182.30998,187.0,-1.6900177001953125,0.0
1414.0,190,184,190,184,1508,ok,57.84479803172131,183.04631,181.0,0.0,6.9536895751953125
1415.0,190,192,192,189,1530,ok,57.84479803172131,184.3449,178.0,0.0,5.6551055908203125
1416.0,190,190,190,184,1391,ok,57.84479803172131,185.73041,176.0,0.0,4.26959228515625
1417.0,184,187,187,184,358,ok,51.75144003490808,186.2154,183.0,0.0,-2.21539306640625
1418.0,187,187,187,179,4650,ok,54.34126801986629,186.50758,178.0,0.0,0.4924163818359375
1419.0,181,185,185,181,2600,ok,48.70984687803061,185.94247,179.0,0.0,-4.942474365234375
1420.0,178,183,183,178,120,ok,46.13543771878214,184.6427,170.0,0.0,-6.6427001953125
1421.0,176,181,181,176,2860,ok,44.44882819619986,182.86975,177.0,6.8697509765625,0.0
1422.0,183,179,183,179,1562,ok,51.17645565065935,181.85887,178.0,0.0,1.1411285400390625
1423.0,178,180,180,177,3431,ok,46.81519361197867,180.78868,176.0,0.0,-2.7886810302734375
1424.0,179,178,180,178,864,ok,47.77381032732282,179.88844,178.0,0.0,-0.8884429931640625
1425.0,170,176,179,170,9600,ok,40.669061093146375,178.27887,189.0,8.27886962890625,0.0
1426.0,177,173,182,173,3276,ok,47.24102858905268,177.25061,189.0,0.2506103515625,0.0
1427.0,178,177,183,177,3294,ok,48.12504146694136,176.83208,189.0,-1.1679229736328125,0.0
1428.0,176,181,181,176,800,ok,46.44874460754458,176.5833,189.0,0.5832977294921875,0.0
1429.0,178,176,178,175,6349,ok,48.38490455905775,176.51938,189.0,-1.480621337890625,0.0
1430.0,189,180,190,178,7446,ok,57.48871457913037,177.97758,190.0,-11.022415161132812,0.0
1431.0,189,189,201,186,7032,ok,57.48871457913036,180.47714,181.0,0.0,8.522857666015625
1432.0,189,186,189,185,1064,ok,57.48871457913037,182.86938,177.0,0.0,6.130615234375
1433.0,189,192,195,188,4580,ok,57.48871457913037,185.17473,176.0,0.0,3.8252716064453125
1434.0,189,189,193,189,5844,ok,57.48871457913037,187.06758,175.0,0.0,1.9324188232421875
1435.0,190,189,191,186,5715,ok,58.453675644342376,188.5581,172.0,0.0,1.44189453125
1436.0,181,187,187,181,4250,ok,47.912648639810655,188.38696,180.0,0.0,-7.386962890625
1437.0,177,181,181,177,3231,ok,44.10577288755552,186.7209,172.0,0.0,-9.720901489257812
1438.0,176,177,180,176,1620,ok,43.18204007401757,184.3061,168.0,0.0,-8.306106567382812
1439.0,175,175,178,174,2729,ok,42.22956798880245,181.6274,170.0,0.0,-6.6273956298828125
1440.0,172,174,174,172,887,ok,39.42040993726398,178.70145,168.99999999999997,0.0,-6.701446533203125
1441.0,180,171,183,168,4888,ok,49.13701959797495,177.24956,168.99999999999997,0.0,2.7504425048828125
1442.0,172,179,179,172,6195,ok,41.89961087813244,175.88988,166.0,0.0,-3.8898773193359375
1443.0,168,172,172,168,5474,ok,38.82073139524717,174.05942,165.0,0.0,-6.059417724609375
1444.0,170,170,173,167,380,ok,41.14929991123261,172.4124,162.0,0.0,-2.4123992919921875
1445.0,169,173,173,167,1827,ok,40.3228982750556,170.99165,157.0,0.0,-1.9916534423828125
1446.0,169,169,170,163,2686,ok,40.3228982750556,169.70409,156.0,0.0,-0.7040863037109375
1447.0,166,166,167,164,3879,ok,37.68936868785758,168.17648,157.0,0.0,-2.176483154296875
1448.0,165,165,165,165,10,ok,36.82598417801262,166.49768,154.0,0.0,-1.4976806640625
1449.0,162,165,165,162,110,ok,34.288301581162315,164.62943,154.0,0.0,-2.629425048828125
1450.0,157,165,165,154,2234,ok,30.51416306888254,162.42387,156.0,0.0,-5.4238739013671875
1451.0,156,158,159,154,4363,ok,29.807500480181147,159.94649,157.0,3.9464874267578125,0.0
1452.0,157,153,159,153,5882,ok,31.515499484677832,157.6798,162.0,0.6797943115234375,0.0
1453.0,154,155,156,154,4656,ok,29.21850067421397,155.40886,162.0,1.4088592529296875,0.0
1454.0,154,155,156,154,4607,ok,29.21850067421396,153.36609,170.0,-0.6339111328125,0.0
1455.0,156,156,159,154,2359,ok,32.99444425846765,152.10843,175.0,-3.891571044921875,0.0
1456.0,157,155,160,155,1208,ok,34.865436279264216,151.57422,171.0,-5.42578125,0.0
1457.0,162,159,163,159,2697,ok,43.37869248267927,152.4127,167.0,-9.587295532226562,0.0
1458.0,162,162,162,161,1100,ok,43.37869248267926,153.80515,165.0,-8.194854736328125,0.0
1459.0,170,163,170,161,4950,ok,54.43079687691978,156.61156,170.0,0.0,0.0
1460.0,175,173,178,173,3518,ok,59.72246575491288,160.66048,170.0,0.0,14.339523315429688
1461.0,171,174,174,171,1150,ok,54.29092391278617,164.16437,170.0,0.0,6.83563232421875
1462.0,167,168,168,165,1502,ok,49.44788657630005,166.17973,166.0,0.0,0.8202667236328125
1463.0,165,170,170,164,508,ok,47.181584512633535,167.00116,168.0,2.00115966796875,0.0
1464.0,170,164,172,164,3081,ok,52.98318665198488,167.70729,165.0,0.0,2.2927093505859375
1465.0,170,170,172,170,638,ok,52.98318665198488,168.34393,167.0,0.0,1.65606689453125
1466.0,170,170,171,167,968,ok,52.98318665198487,168.85475,166.0,0.0,1.1452484130859375
1467.0,166,169,170,166,277,ok,47.7433309573493,168.67096,164.0,0.0,-2.67095947265625
1468.0,168,166,168,165,1165,ok,50.38540734207523,168.35562,166.0,0.0,-0.355621337890625
1469.0,165,166,168,165,1706,ok,46.58098878406333,167.626,162.0,0.0,-2.626007080078125
1470.0,167,163,167,162,1860,ok,49.32790733353794,167.00462,163.0,0.0,-0.0046234130859375
1471.0,166,169,169,164,1242,ok,47.99887459375236,166.52603,164.0,0.0,-0.526031494140625
1472.0,164,164,164,163,1153,ok,45.36624074864981,165.72685,162.0,0.0,-1.7268524169921875
1473.0,166,165,167,165,3954,ok,48.41330620385785,165.27054,162.0,0.0,0.729461669921875
1474.0,162,169,169,160,9089,ok,43.22132133875929,164.62372,161.0,0.0,-2.62371826171875
1475.0,163,164,165,163,3077,ok,44.81469207929295,163.93515,160.0,0.0,-0.935150146484375
1476.0,164,163,164,160,3858,ok,46.433551340879774,163.42786,160.0,0.0,0.5721435546875
1477.0,162,165,167,162,2724,ok,43.674090874262006,162.89905,160.0,0.0,-0.8990478515625
1478.0,162,160,162,159,3375,ok,43.67409087426201,162.23483,163.0,0.234832763671875,0.0
1479.0,161,159,162,160,1231,ok,42.21916364255392,161.41289,165.0,0.4128875732421875,0.0
1480.0,160,163,164,160,3077,ok,40.75697298704959,160.5889,164.0,0.588897705078125,0.0
1481.0,160,160,163,159,4439,ok,40.75697298704959,159.81404,167.0,-0.1859588623046875,0.0
1482.0,160,160,160,160,400,ok,40.75697298704959,159.07494,164.0,-0.9250640869140625,0.0
1483.0,163,162,163,160,802,ok,47.561805124088885,159.18616,163.0,0.0,0.0
1484.0,165,160,165,160,1139,ok,51.556716694731385,160.09741,163.0,0.0,4.902587890625
1485.0,164,166,166,163,934,ok,49.52511027642708,161.18962,167.0,-2.8103790283203125,0.0
1486.0,167,167,167,161,4774,ok,55.22534233231057,162.79868,168.0,-4.201324462890625,0.0
1487.0,164,170,170,164,1776,ok,49.237162212660735,163.9803,170.0,-0.0196990966796875,0.0
1488.0,163,164,166,161,1291,ok,47.39244834545022,164.43605,166.0,1.4360504150390625,0.0
1489.0,163,166,166,163,2338,ok,47.39244834545022,164.49124,170.0,1.491241455078125,0.0
1490.0,167,166,170,165,6777,ok,55.18208200770916,165.17789,167.0,0.0,0.0
1491.0,168,167,170,167,3774,ok,56.9002605092092,166.23761,172.0,-1.76239013671875,0.0
1492.0,170,170,177,168,9232,ok,60.18763554766562,167.88799,171.0,-2.1120147705078125,0.0
1493.0,166,167,168,166,1775,ok,51.69507827608625,168.52104,173.0,2.5210418701171875,0.0
1494.0,170,166,170,166,6854,ok,58.06701766826267,169.2318,173.0,-0.7682037353515625,0.0
1495.0,167,169,169,167,3524,ok,52.476045849599736,169.34714,178.0,2.347137451171875,0.0
1496.0,172,169,175,167,7523,ok,59.47886370448765,170.04024,190.0,-1.9597625732421875,0.0
1497.0,171,173,178,169,10660,ok,57.649212441122266,170.90965,195.0,-0.0903472900390625,0.0
1498.0,173,172,173,170,4557,ok,60.28081707095759,171.88281,188.0,-1.1171875,0.0
1499.0,173,174,174,171,2249,ok,60.28081707095759,172.84744,184.0,-0.152557373046875,0.0
1500.0,178,172,179,172,6892,ok,66.34435909135613,174.45302,188.0,-3.5469818115234375,0.0
1501.0,190,180,192,179,28490,ok,75.86662133743242,177.78377,190.0,0.0,0.0
1502.0,195,199,204,195,28564,ok,78.58535460578265,182.49998,200.0,-12.500015258789062,0.0
1503.0,188,195,200,187,26338,ok,67.17567986766286,186.08557,200.0,-1.9144287109375,0.0
1504.0,184,190,193,184,28564,ok,61.666026849925295,187.88222,202.0,3.8822174072265625,0.0
1505.0,188,186,192,184,18855,ok,64.77717733455894,188.84799,200.0,0.847991943359375,0.0
1506.0,190,186,192,186,8573,ok,66.25200035363419,189.5082,200.0,-0.4918060302734375,0.0
1507.0,200,193,203,193,35809,ok,72.46096464911099,191.2527,203.0,-8.747299194335938,0.0
1508.0,200,208,208,200,28908,ok,72.46096464911099,193.6853,199.0,0.0,6.314697265625
1509.0,202,200,204,200,17261,ok,73.58808522050425,196.16577,200.0,0.0,5.834228515625
1510.0,200,204,204,199,16532,ok,70.48151231440696,198.1995,209.0,-1.800506591796875,0.0
1511.0,200,200,203,198,15967,ok,70.48151231440696,199.75641,215.00000000000003,-0.24359130859375,0.0
1512.0,203,204,207,201,12807,ok,72.50104490137345,201.36552,229.0,-1.6344757080078125,0.0
1513.0,199,202,205,199,11830,ok,66.01577700315663,202.17609,220.0,3.17608642578125,0.0
1514.0,200,199,201,199,15613,ok,66.81496800937435,202.51746,218.0,2.5174560546875,0.0
1515.0,209,204,212,201,32546,ok,72.97480560842857,203.76562,217.0,-5.234375,0.0
1516.0,215,213,218,213,53871,ok,76.15283043646997,206.04533,215.00000000000003,-8.954666137695312,0.0
1517.0,229,217,235,215,86698,ok,81.59223140334979,209.90701,211.0,0.0,19.092987060546875
1518.0,220,230,230,218,24689,ok,70.46500601849911,212.8629,215.00000000000003,0.0,7.1371002197265625
1519.0,218,224,227,215,22045,ok,68.23792480247764,214.86314,215.00000000000003,0.0,3.1368560791015625
1520.0,217,214,218,212,15410,ok,67.09606108203394,215.79596,215.00000000000003,0.0,1.20404052734375
1521.0,215,227,227,211,8635,ok,64.76194201546181,216.40018,217.0,1.400177001953125,0.0
1522.0,211,217,217,211,14030,ok,60.24773584249508,216.0604,220.0,5.060394287109375,0.0
1523.0,215,210,217,210,6275,ok,63.02343726395429,215.62733,220.0,0.6273345947265625,0.0
1524.0,215,214,217,211,19432,ok,63.02343726395429,215.36116,219.0,0.3611602783203125,0.0
1525.0,215,219,219,213,8498,ok,63.023437263954285,215.35776,219.0,0.357757568359375,0.0
1526.0,217,215,219,214,9042,ok,64.56842620728335,215.70532,220.0,-1.294677734375,0.0
1527.0,220,214,221,214,6993,ok,66.80869006910383,216.5582,219.0,0.0,3.441802978515625
1528.0,220,222,225,218,9506,ok,66.80869006910383,217.84435,221.0,-2.1556549072265625,0.0
1529.0,219,219,223,218,6720,ok,65.2146400542972,218.98802,221.0,-0.0119781494140625,0.0
1530.0,219,229,229,217,17200,ok,65.2146400542972,220.27284,220.0,1.2728424072265625,0.0
1531.0,220,220,222,218,7710,ok,66.1512966393611,221.25659,226.0,1.256591796875,0.0
1532.0,219,220,221,217,15139,ok,64.28709713474527,221.76851,230.0,2.7685089111328125,0.0
1533.0,221,223,224,219,22224,ok,66.33072790623868,222.29675,225.0,1.2967529296875,0.0
1534.0,221,225,229,218,27975,ok,66.33072790623868,222.88152,224.0,1.8815155029296875,0.0
1535.0,220,226,226,219,29908,ok,64.20036235322607,223.09886,228.0,3.0988616943359375,0.0
1536.0,226,220,230,220,52737,ok,70.35293801366089,223.75087,249.0,-2.2491302490234375,0.0
1537.0,230,228,234,225,31850,ok,73.60923318937546,224.96979,264.0,-5.03021240234375,0.0
1538.0,225,227,230,225,25941,ok,64.12762591730036,225.3013,257.0,0.301300048828125,0.0
1539.0,224,229,230,223,24797,ok,62.396515826049686,225.06511,252.0,1.0651092529296875,0.0
1540.0,228,228,230,225,22975,ok,66.3137284535546,225.04495,250.0,-2.955047607421875,0.0
1541.0,249,232,250,229,112049,ok,78.79993000136264,227.46034,248.0,0.0,21.539657592773438
1542.0,264,261,266,256,57451,ok,83.50348519427325,232.17241,249.0,0.0,31.827590942382812
1543.0,257,264,269,244,29566,ok,75.12674602926288,236.92429,245.0,0.0,20.075714111328125
1544.0,252,253,259,250,15294,ok,69.74480537090201,240.43114,247.0,0.0,11.568862915039062
1545.0,250,260,260,241,33444,ok,67.65694531022623,243.048,243.0,0.0,6.951995849609375
1546.0,248,250,250,244,39627,ok,65.54391096928191,244.35228,235.0,0.0,3.6477203369140625
1547.0,249,252,257,246,32299,ok,66.11377603483157,245.1543,241.0,0.0,3.845703125
1548.0,245,246,258,242,27222,ok,61.71679972250496,245.16977,249.0,0.169769287109375,0.0
1549.0,247,245,250,244,16808,ok,63.040362527729314,244.83116,246.0,0.0,2.1688385009765625
1550.0,243,250,250,242,10728,ok,58.67140815221919,244.05344,240.0,0.0,-1.053436279296875
1551.0,235,239,241,235,9406,ok,51.05100752530607,242.00972,244.0,7.0097198486328125,0.0
1552.0,241,237,243,233,7042,ok,55.69847070356144,240.24765,245.0,-0.752349853515625,0.0
1553.0,249,245,258,245,25402,ok,61.01354529951392,240.14688,245.0,0.0,8.853118896484375
1554.0,246,250,255,244,15711,ok,58.19396451783129,240.59602,252.0,-5.4039764404296875,0.0
1555.0,240,249,249,235,3980,ok,52.92600892538629,240.54945,245.0,0.5494537353515625,0.0
1556.0,244,237,244,237,4142,ok,55.79872299422452,240.40567,225.0,0.0,3.594329833984375
1557.0,245,248,249,240,10900,ok,56.51320852563242,240.6408,232.0,0.0,4.3592071533203125
1558.0,245,249,249,240,6184,ok,56.51320852563242,241.06651,245.0,0.0,0.0
1559.0,252,243,252,240,15185,ok,61.55788482615857,242.2085,240.0,0.0,9.79150390625
1560.0,245,257,257,241,6185,ok,54.72161035291128,243.11105,240.0,0.0,1.888946533203125
1561.0,225,241,245,225,21207,ok,40.78510164722062,241.53918,236.0,16.5391845703125,0.0
1562.0,232,222,233,217,17329,ok,45.97155326565167,238.84695,234.0,6.846954345703125,0.0
1563.0,245,236,247,234,10993,ok,54.02514652784745,237.45561,236.0,0.0,7.5443878173828125
1564.0,240,245,248,234,10791,ok,50.88351225222091,236.6646,234.0,0.0,3.3354034423828125
1565.0,240,240,242,236,3281,ok,50.883512252220925,236.06462,231.0,0.0,3.9353790283203125
1566.0,236,243,244,235,2805,ok,48.27871042480878,235.41818,231.0,0.0,0.581817626953125
1567.0,234,235,236,233,2976,ok,46.983623838112926,234.34447,254.0,0.3444671630859375,0.0
1568.0,236,235,236,234,1572,ok,48.47219456397395,233.33939,259.0,-2.660614013671875,0.0
1569.0,234,232,234,232,3136,ok,47.04953987737211,232.20172,257.0,-1.79827880859375,0.0
1570.0,231,230,237,230,7554,ok,44.91982804540949,230.90068,251.0,-0.0993194580078125,0.0
1571.0,231,228,237,225,37396,ok,44.91982804540949,229.62923,259.0,-1.3707733154296875,0.0
1572.0,254,235,254,235,34592,ok,60.72651499102101,230.93007,253.0,0.0,23.069931030273438
1573.0,259,266,275,251,54254,ok,63.19899130061687,234.72653,254.0,0.0,24.273468017578125
1574.0,257,260,260,252,17875,ok,61.53033589871273,238.57394,259.0,-18.426055908203125,0.0
1575.0,251,262,262,251,21406,ok,56.694173474558845,241.58553,260.0,-9.414474487304688,0.0
1576.0,259,255,259,253,12958,ok,61.08596101291344,244.27888,274.0,-14.721115112304688,0.0
1577.0,253,264,264,253,4448,ok,56.461182815372105,246.2502,301.0,-6.7498016357421875,0.0
1578.0,254,250,254,249,5811,ok,57.04489361730683,247.35727,297.0,-6.642730712890625,0.0
1579.0,259,257,260,253,19487,ok,59.93703102189704,248.5943,299.0,-10.40570068359375,0.0
1580.0,260,265,270,257,24884,ok,60.509707249774685,250.21704,290.0,-9.782958984375,0.0
1581.0,274,265,283,264,46278,ok,67.51148876051909,253.26254,283.0,-20.737457275390625,0.0
1582.0,301,287,301,277,76837,ok,76.25536660673971,259.03455,280.0,0.0,41.9654541015625
1583.0,297,316,316,291,17902,ok,73.1158227574459,265.90482,282.0,0.0,31.095184326171875
1584.0,299,302,311,295,26794,ok,73.69889822515881,272.72653,277.0,0.0,26.273468017578125
