,adjclose,open,high,low,volume,other,RSI,stoch,stochsignal,rsidata,rsidata_k,rsidata_d,macd,macddiff,macdsignal,adjclose_5,true_adjclose_5,buy_profit,sell_profit
87.0,1438,1445.0,1438.0,1380,1664,ok,58.85432351000404,61.81818181818182,63.463203463203456,0.4584057662532759,0.4080115489814929,0.3468015514468609,49.17756676414842,-13.602689599118278,62.7802563632667,1376.2296,1205.0,0.0,61.7703857421875
88.0,1325,1438.0,1410.0,1325,617,ok,51.27040895956848,32.467532467532465,52.64069264069264,0.0884656273131998,0.333606171758604,0.3612740539454295,33.09918523316492,-23.74485690408143,56.84404213724635,1346.0197,1200.0,0.0,-21.0196533203125
91.0,1338,1420.0,1392.0,1338,30,ok,51.21550026440956,38.01652892561984,46.35182998819363,0.1137060466759454,0.2233272999518058,0.2302130231469566,16.555796201193516,-23.38783476093475,39.94363096212827,1322.7595,1242.0,0.0,15.240478515625
96.0,1242,1290.0,1265.0,1217,1088,ok,46.53881062771436,28.666666666666668,37.48148148148149,0.1616884585521502,0.2908008769440134,0.2195752902193502,-24.20424254765635,-24.4734099691527,0.269167421496352,1218.3225,1210.0,0.0,23.677490234375
103.0,1212,1220.0,1215.0,1196,903,ok,45.42655966779624,29.55223880597015,30.149253731343283,0.1329498953455558,0.1425288381987213,0.1089133523857689,-32.08128587378428,-5.033562311368918,-27.047723562415364,1162.8514,1205.0,0.0,49.1485595703125
109.0,1264,1205.0,1264.0,1197,721,ok,51.95157192644476,98.73417721518987,44.365930737025536,1.0,0.436204049657082,0.2867433463284026,-14.378420157313258,9.31322274439342,-23.69164290170668,1231.1378,1245.0,0.0,32.8621826171875
110.0,1226,1264.0,1239.0,1218,358,ok,47.70366346536601,51.282051282051285,54.99228613950034,0.4408160077727373,0.5155944543547814,0.3803362869872416,-12.63527475635442,8.845094516281808,-21.480369272636228,1235.6499,1280.0,9.64990234375,0.0
112.0,1267,1249.0,1298.0,1250,1238,ok,52.38068072729119,72.32142857142857,68.12423687423689,1.0,0.7433245131673569,0.667414493563165,-3.535500647835533,12.28905174372159,-15.824552391557123,1282.2081,1293.0,15.2081298828125,0.0
123.0,1355,1319.0,1365.0,1338,1155,ok,62.91318090528323,93.19727891156462,92.26367630385488,1.0,1.0,0.94888485875887,21.43542850220024,10.191772129796624,11.243656372403612,1332.0994,1475.0,-22.900634765625,0.0
125.0,1371,1350.0,1371.0,1350,2701,ok,64.48344927567877,100.0,93.73242630385488,1.0,0.974743983029682,0.9831626553531212,27.254702996011247,10.792693502115,16.462009493896247,1354.8755,1474.0,-16.12451171875,0.0
126.0,1382,1371.0,1395.0,1368,2406,ok,65.79085002606497,91.5032679738562,93.1677559912854,1.0,0.974743983029682,0.974743983029682,30.16160270045725,10.959674565248804,19.201928135208448,1363.8784,1470.0,-18.12158203125,0.0
142.0,1461,1451.0,1500.0,1455,3040,ok,62.85433722180985,50.0,51.81731229076997,0.1311693860390996,0.0988189120359144,0.2415518663431729,21.37781877958787,-8.764358216525494,30.142176996113363,1475.822,1465.0,14.822021484375,0.0
143.0,1455,1461.0,1473.0,1450,1350,ok,60.96773084739476,43.75,43.85162601626018,0.0,0.0437231286796999,0.1234893820619222,18.332592373160423,-9.447667698362352,27.780260071522772,1473.2286,1462.0000000000002,18.2286376953125,0.0
146.0,1451,1469.0,1451.0,1441,385,ok,57.60965147895269,38.75,45.83333333333334,0.0,0.1207399454268075,0.0950676731777715,12.14784632259466,-8.821539495966189,20.96938581856085,1473.4073,1450.0,0.0,-22.4073486328125
147.0,1465,1451.0,1465.0,1430,2488,ok,60.58118761898235,56.25,52.08333333333334,0.2352259284711958,0.1991485882505395,0.1468761597013847,11.568629498444352,-7.520605056093196,19.089234554537548,1482.3378,1437.0,0.0,-17.3377685546875
154.0,1437,1440.0,1437.0,1405,1420,ok,50.99997386388823,33.68421052631579,21.920710868079297,0.0,0.0177734410587913,0.0460679606505881,-0.4520167664591099,-7.050529166658991,6.598512400199881,1435.7341,1443.0,-1.265869140625,0.0
162.0,1490,1426.0,1520.0,1454,7009,ok,61.991527433914,73.91304347826087,56.478477179320805,1.0,0.394183381583449,0.2000375573819568,3.090161681739346,1.0682870575823045,2.0218746241570416,1499.2333,1486.0,0.0,-9.2332763671875
174.0,1419,1410.0,1420.0,1410,1035,ok,40.2957111067026,15.833333333333334,12.904040404040414,0.1363538610014591,0.0454512870004864,0.0323491542427787,-10.576174760085678,-9.262025564326484,-1.3141491957591944,1403.4265,1125.0,0.0,15.573486328125
178.0,1120,1385.0,1131.0,1120,218,ok,12.211790962726695,0.0,3.301587301587311,0.0,0.0105509814089996,0.0257014104091616,-48.81443498809858,-32.26115230643957,-16.55328268165901,1325.1425,1152.0,205.1424560546875,0.0
181.0,1150,1145.0,1160.0,1145,570,ok,18.91815035395048,12.596401028277636,9.879669181522797,0.1449642033865966,0.0948278257231872,0.0496473725277044,-82.124105058846,-35.99933694098482,-46.12476811786118,1206.2627,1160.0,56.2626953125,0.0
197.0,1410,1504.0,1505.0,1376,3220,ok,60.86908570732966,62.5,82.12121212121214,0.7423333432131772,0.9141111144043924,0.9713703714681308,47.40006515290838,41.4753333857062,5.924731767202184,1399.1964,1510.0,-10.8035888671875,0.0
198.0,1455,1410.0,1455.0,1400,1858,ok,64.34620663019103,72.72727272727273,73.03030303030305,0.7843800280199168,0.8422377904110313,0.9187829682718076,53.00273614093976,37.66240349899006,15.3403326419497,1414.9552,1501.0,-40.0447998046875,0.0
202.0,1510,1535.0,1510.0,1480,3477,ok,64.97366358255296,83.33333333333333,89.49771689497716,0.7012786739068186,0.82308991607165,0.8473389968148156,70.4863564090133,23.21466615011694,47.27169025889636,1504.5359,1460.0,0.0,5.464111328125
218.0,1559,1528.0,1579.0,1535,11942,ok,65.83081616357846,88.63636363636364,86.79066681276406,1.0,0.8329410336030385,0.499607700269705,23.915523061127036,2.271193026927218,21.64433003419981,1567.763,1567.0,8.762939453125,0.0
223.0,1567,1575.0,1579.0,1550,6737,ok,63.471782048568016,92.45283018867924,92.3706403659234,0.8188802096568852,0.8474826314252883,0.7751006485915349,30.425059469043845,4.304098251061333,26.12096121798251,1571.2186,1661.0,4.2186279296875,0.0
227.0,1660,1693.0,1698.0,1660,2821,ok,67.3321117177826,85.40925266903915,94.18742586002372,0.6577629401670423,0.8630777060388505,0.9266203895247715,52.629427965878,13.24487404983008,39.38455391604791,1590.5526,1654.0,0.0,69.4473876953125
231.0,1665,1675.0,1683.0,1650,4852,ok,65.20995752807049,82.08955223880596,88.0231610310032,0.3769279628823982,0.5254427260009628,0.6060463701283942,45.37134775185518,0.4412964058350042,44.93005134602018,1631.5133,1650.0,0.0,33.4866943359375
243.0,1601,1583.0,1601.0,1578,3866,ok,51.13374283174847,38.607594936708864,34.59915611814347,0.3562159755520563,0.2929145896990525,0.2466767729294575,-5.280808616354761,-12.560259658867755,7.279451042512996,1608.439,1620.0,7.43896484375,0.0
245.0,1605,1605.0,1610.0,1591,2032,ok,51.81054111840962,50.78125,44.94779679708478,0.4591091602879194,0.4104008476272405,0.3436547897722116,-4.087507729565004,-7.185964885099553,3.098457155534548,1627.5607,1605.0,0.0,0.0
257.0,1890,1749.0,1923.0,1783,3388,ok,79.30538867785971,90.37900874635568,90.66305941262704,1.0,0.9340414007753768,0.9354567336077578,50.50719678337919,30.865798284138656,19.64139849924053,1749.0764,1885.0,0.0,140.923583984375
261.0,1851,1850.0,1860.0,1840,1719,ok,71.24537530777455,63.20987654320987,63.13345091122869,0.711222022161887,0.7283562108894245,0.7906039683064283,63.912166613531554,18.48431965463508,45.42784695889648,1808.8745,1887.0000000000002,-42.12548828125,0.0
262.0,1885,1851.0,1950.0,1850,2323,ok,73.75302925329842,71.60493827160494,66.36684303350971,0.8010674358424473,0.753442770474054,0.7538444346493488,65.72407604887371,16.236983271981792,49.48709277689192,1833.3158,1880.0,0.0,51.6842041015625
266.0,1887,1888.0,1889.0,1871,3654,ok,70.30594845410072,68.87052341597796,69.59058599462641,0.5165802917882248,0.6095670246797745,0.6936544458520424,57.26621865549305,0.9662084165304136,56.30001023896264,1880.147,1900.0000000000002,-6.85302734375,0.0
273.0,1921,1908.0,1998.0,1900,2905,ok,68.69606786300068,56.741573033707866,57.53623429942051,0.2946072662968124,0.1518618938826519,0.1889142762491557,38.60460097083342,-6.847392408726449,45.451993379559866,1948.3418,1880.0,0.0,-27.341796875
277.0,1878,1890.0,1901.0,1875,688,ok,58.42633645751148,18.91891891891892,22.07207207207209,0.0,0.0307215912404822,0.0532152015266338,20.50246224938587,-13.501068152676028,34.0035304020619,1890.0198,1852.0,0.0,-12.019775390625
283.0,1785,1852.0,1830.0,1785,2556,ok,40.89415216432479,0.0,17.003367003367014,0.0,0.0805475652405543,0.0955668442083353,-8.104824463128807,-18.253191126700056,10.148366663571249,1796.2686,1790.0,11.2685546875,0.0
294.0,1805,1830.0,1826.0,1805,1167,ok,45.47202534734069,39.85507246376812,53.14009661835749,0.3484545175984562,0.6119355571145647,0.6896027419847659,-6.376762745912174,0.141141627615509,-6.517904373527683,1809.3779,1780.0,0.0,-4.3779296875
299.0,1780,1804.0,1800.0,1780,1273,ok,43.33074651945239,27.272727272727277,30.00000000000001,0.2801610025629594,0.270270306199466,0.3370197280638542,-12.82305144523366,-3.701671552194336,-9.121379893039324,1766.1998,1735.0,0.0,13.8001708984375
303.0,1770,1770.0,1771.0,1740,1071,ok,41.84483166983974,25.0,20.454545454545457,0.1802064205035397,0.1802064205035397,0.1913124851768085,-16.176760072426987,-3.0174428564609634,-13.159317215966023,1749.0238,1685.0,0.0,20.9761962890625
315.0,1745,1726.0,1760.0,1730,2532,ok,49.1173693535315,68.0,61.18518518518519,0.9764456716553824,0.9295622489485856,0.8216092847178703,-10.632498974246571,10.271274138894269,-20.90377311314084,1716.5984,1804.0,-28.401611328125,0.0
323.0,1730,1745.0,1754.0,1730,1852,ok,46.15506515290605,40.32258064516129,56.496415770609325,0.3935448356670151,0.5607681976242803,0.7296102131698218,1.9270303967896325,3.5219231003523093,-1.5948927035626768,1706.8517,1740.0,-23.1483154296875,0.0
325.0,1750,1750.0,1755.0,1740,590,ok,49.82201018861584,52.63157894736842,48.52857951329938,0.5332424949439568,0.4947699494273694,0.5235753060816473,2.085690899190695,2.3611600021604766,-0.2754691029697817,1712.2366,1752.0,-37.763427734375,0.0
333.0,1738,1728.0,1740.0,1725,1064,ok,47.85979763863759,16.455696202531644,11.392405063291145,0.1874936563716801,0.0821359384146005,0.1298748966909242,-2.3297044401103904,-1.5028421847852962,-0.8268622553250943,1703.1118,1715.0,0.0,34.88818359375
337.0,1711,1721.0,1715.0,1706,1816,ok,41.54585807484304,16.949152542372882,26.94915254237289,0.0,0.028604609236994,0.0399023679770714,-7.526590622195727,-3.5401576110965856,-3.986433011099141,1710.5303,1773.0,-0.4697265625,0.0
346.0,1743,1748.0,1753.0,1725,1706,ok,50.47814836311383,50.588235294117645,54.117647058823536,0.4827751315198795,0.5364973918166794,0.6109881647850356,3.5608236493981167,2.3125181868312943,1.2483054625668224,1748.9011,1805.0,5.901123046875,0.0
347.0,1741,1743.0,1746.0,1735,1636,ok,49.80466853264683,48.23529411764706,51.76470588235295,0.446374689613435,0.5001147456894727,0.5377926971437387,2.763896271253998,1.2124726469497404,1.5514236243042574,1738.2979,1786.0,-2.7021484375,0.0
350.0,1779,1750.0,1779.0,1753,1603,ok,61.71967959565433,92.94117647058825,66.66666666666667,1.0,0.6897863442335277,0.5511796961957055,6.178875567760542,3.448068690349664,2.730806877410879,1772.9778,1800.0,-6.022216796875,0.0
356.0,1825,1800.0,1825.0,1801,3409,ok,66.09487265047593,100.0,89.45578231292518,0.92050693931307,0.8362096216509132,0.7886540348521147,19.063995987010685,6.599302525417082,12.464693461593605,1845.8967,1890.0,20.896728515625,0.0
363.0,1905,1889.0,1918.0,1880,2279,ok,67.67463966362334,70.04608294930875,67.36578833353026,0.4363977015025623,0.5138515310237981,0.6329456856879255,36.11627716659245,5.115887810176584,31.00038935641587,1904.7565,1915.0,-0.2435302734375,0.0
368.0,1915,1910.0,1915.0,1891,3186,ok,66.09585255229968,68.57142857142857,69.85347985347984,0.3086363818311443,0.3684268420399916,0.4078936634531742,29.396289558685112,-2.182090046075181,31.578379604760293,1935.8168,1870.0,0.0,-20.8167724609375
370.0,1903,1895.0,1905.0,1885,2029,ok,61.76513549896097,57.86163522012578,60.68478852223409,0.0853934729497691,0.1313432849269711,0.2298324319389876,22.51188640336386,-6.2275042112696575,28.73939061463352,1923.0842,1830.0,0.0,-20.084228515625
383.0,1853,1851.0,1859.0,1840,1193,ok,50.20382498748599,35.96491228070175,37.42690058479533,0.4305653373186853,0.4195521982851862,0.384175680274291,-4.742991261260613,-1.5105111240074782,-3.232480137253135,1839.6581,1820.0,0.0,13.3419189453125
385.0,1830,1834.0,1840.0,1830,787,ok,44.71806993488601,15.789473684210526,23.68421052631579,0.1751193062260226,0.2767916774266459,0.3500713891912821,-7.451377012137073,-2.9048547086958383,-4.546522303441234,1814.2727,2002.0,-15.727294921875,0.0
387.0,1820,1820.0,1828.0,1800,3564,ok,42.41207063339844,28.571428571428573,19.0197716513506,0.0914500293644691,0.1185463371579698,0.186099268288724,-10.287217374908778,-3.8378761056685846,-6.449341269240193,1804.0431,1940.0,-15.9569091796875,0.0
392.0,1940,1965.0,1965.0,1926,5604,ok,61.55405821752369,58.75,75.97222222222223,0.5957070255401786,0.7810522109249437,0.5961062586780989,22.968870401377217,18.1228689088516,4.846001492525617,1939.929,2000.0,-0.071044921875,0.0
398.0,1980,2000.0,1991.0,1965,2291,ok,63.5128005994784,75.41666666666667,80.41666666666667,0.6566639451403877,0.7514839529749112,0.7636168399658464,35.282189386304935,8.701448397792472,26.580740988512463,2020.0798,1980.0,0.0,0.0
399.0,1975,1980.0,1980.0,1950,2397,ok,62.334574997828575,73.33333333333333,77.50000000000001,0.6199970491093726,0.6941894329510289,0.7451636864129241,32.31806435668818,4.589858694540574,27.72820566214761,2013.6434,1975.0,0.0,0.0
400.0,1970,1975.0,1975.0,1941,3089,ok,61.11364693476671,71.25,73.33333333333333,0.5820012338029056,0.6195540760175553,0.6884091539811651,28.915260278022515,0.9496436926999224,27.965616585322596,2007.5504,1975.0,37.5504150390625,0.0
408.0,1976,1983.0,1980.0,1960,2340,ok,60.218836141076885,49.29577464788732,54.668753260302566,0.0,0.1336172756789859,0.1075203201138763,13.750031425317957,-5.8151708108824565,19.565202236200413,2013.7325,2030.0,37.7325439453125,0.0
417.0,2150,2200.0,2200.0,2100,7336,ok,73.50603410864488,68.96551724137932,84.89163378509751,0.4948757991382368,0.8316252663794123,0.9438750887931372,51.16225761900273,19.46037866047096,31.70187895853177,2116.056,2201.0,-33.944091796875,0.0
420.0,2200,2160.0,2201.0,2117,3228,ok,76.33759274097413,86.20689655172414,74.71264367816093,0.6003359453933768,0.4942135224634444,0.5289672104565579,54.50804638118552,12.758100923787566,41.74994545739796,2150.5027,2194.0,0.0,49.497314453125
423.0,2200,2201.0,2206.0,2195,8171,ok,75.8016664564274,84.61538461538461,85.05698005698007,0.5077837140426956,0.5547964203376904,0.5643927781145059,53.18662981430225,5.292155620590897,47.89447419371135,2209.4038,2201.0,9.40380859375,0.0
424.0,2198,2200.0,2208.0,2195,5454,ok,75.1907256997781,82.85714285714286,84.34269434269434,0.4016877776564668,0.4948350833202937,0.5450928892597449,50.43075046280592,2.029021015275653,48.401729447530265,2219.5889,2205.0,21.5888671875,0.0
425.0,2194,2198.0,2200.0,2191,1535,ok,73.90773090932005,80.83333333333333,82.76862026862027,0.3370596671158156,0.4155103862716593,0.4883806299765478,46.83580299849245,-1.2527411592302542,48.08854415772271,2229.0557,2213.0,35.0556640625,0.0
428.0,2201,2170.0,2210.0,2150,10578,ok,70.79953912356166,79.47368421052632,72.14615128607427,0.2104754615930816,0.0701584871976939,0.1429202859423532,34.26742148483572,-8.151693256250404,42.419114741086126,2230.293,2523.0,29.29296875,0.0
433.0,2523,2451.0,2567.0,2400,7026,ok,89.64795825975966,90.22222222222224,89.80561769823515,1.0,0.9341376464101748,0.7598112774340052,80.05557373348893,30.89250805873707,49.163065674751856,2370.8904,2474.0,0.0,152.109619140625
443.0,2750,2720.0,2790.0,2700,18668,ok,83.39188471168976,91.66666666666669,92.19806763285024,0.7271749528881025,0.699630817956204,0.6020791535874017,126.63386758468005,31.88000510217354,94.7538624825065,2636.6296,2300.0,0.0,113.370361328125
448.0,2300,2245.0,2300.0,2216,1243,ok,47.23178701275401,14.383561643835616,8.068330071754735,0.0857643652605336,0.0437537011358198,0.0246949533001455,-16.137848383594246,-55.15072807087337,39.01287968727912,2259.84,2245.0,0.0,40.159912109375
449.0,2386,2300.0,2386.0,2310,716,ok,52.103405852204006,29.10958904109589,14.79533594259622,0.2089334888335708,0.0982326180313682,0.0523839661831654,-12.395675926327383,-41.126844490885205,28.731168564557823,2255.455,2258.0,0.0,130.544921875
452.0,2357,2399.0,2405.0,2357,3302,ok,49.99117663797653,24.14383561643836,29.566210045662103,0.1555300043501387,0.2070095567981333,0.2035316105360588,-6.682889674407761,-18.534442999564774,11.851553325157017,2258.536,2210.0,0.0,98.464111328125
456.0,2250,2270.0,2275.0,2220,3809,ok,44.09850207062275,5.923344947735192,7.453900370706253,0.0132165107193587,0.0265165099534458,0.0359775280516327,-35.675670460592755,-22.500147867395263,-13.175522593197492,2191.1309,2110.0,0.0,58.869140625
461.0,2110,2125.0,2118.0,2095,3381,ok,36.03694895879512,6.25,9.375000000000002,0.0,6.47630097698008e-17,0.0,-67.35132116480145,-22.887234005457245,-44.4640871593442,2097.9167,2250.0,-12.083251953125,0.0
466.0,2250,2225.0,2260.0,2225,1385,ok,50.22905215988396,69.23076923076923,48.64906238040567,1.0,0.7466124678650164,0.5190990996917016,-27.98306077106736,16.660624575405826,-44.643685346473184,2161.38,2129.0,0.0,88.6201171875
467.0,2220,2250.0,2250.0,2220,287,ok,47.46687313824598,60.0,58.49980864906238,0.8053721155701532,0.8847461922656649,0.7205741577477537,-22.3198346611548,17.85908054825471,-40.17891520940951,2166.8826,2090.0,0.0,53.117431640625
468.0,2199,2220.0,2230.0,2199,163,ok,45.57744850962081,51.6,60.27692307692308,0.67224000668863,0.8258707074195945,0.8190764558500918,-20.1867441490881,15.993736848257129,-36.18048099734523,2158.0474,2080.0,0.0,40.95263671875
469.0,2210,2199.0,2230.0,2190,1484,ok,46.77262507835393,68.29268292682927,59.96422764227642,0.7564542032596807,0.7446887751728214,0.8184352249526935,-16.991354556817896,15.351301152421868,-32.342655709239764,2158.9468,2085.0,0.0,51.05322265625
474.0,2085,2080.0,2100.0,2035,2305,ok,36.47465282305582,22.22222222222222,15.678084099136726,0.0485935466217727,0.0275956130592289,0.1367609564247207,-39.18919707328723,-7.170541588319566,-32.01865548496767,2010.0428,2009.0,0.0,74.9571533203125
475.0,2075,2085.0,2105.0,2075,700,ok,35.635146615069246,17.77777777777778,18.09523809523809,0.0,0.0161978488739243,0.0456932126574346,-41.08168763078402,-7.250425716653076,-33.83126191413094,2002.5471,2015.0,0.0,72.452880859375
476.0,2057,2075.0,2085.0,2040,3039,ok,34.11315647151216,9.77777777777778,16.592592592592588,0.0,0.0161978488739243,0.019997103602359,-43.375713506811735,-7.635561274144635,-35.7401522326671,1994.5157,2060.0,-62.4842529296875,0.0
478.0,2060,2050.0,2061.0,2020,3221,ok,35.263847265275885,16.666666666666668,12.360914105594953,0.1047035829051118,0.034901194301704,0.0170330143918759,-43.348206631004814,-4.657911202127593,-38.69029542887722,1992.4315,2100.0,-67.5684814453125,0.0
479.0,2009,2060.0,2025.0,1995,1729,ok,30.809494945727906,5.283018867924528,10.862661135643869,0.0,0.034901194301704,0.0232674628678025,-47.031766165017416,-6.673176588912156,-40.35858957610526,1975.2057,2155.0,-33.7943115234375,0.0
481.0,2060,2015.0,2060.0,2010,1667,ok,39.58556363512408,27.659574468085108,13.59524353030386,0.5497711674641634,0.2050664668463347,0.098892755491563,-42.06834398758201,-0.1851010990054789,-41.88324288857653,1976.385,2102.0,-83.614990234375,0.0
494.0,2130,2133.0,2130.0,2100,1845,ok,51.85529720603449,55.29953917050691,54.19891469742503,0.9154168278019424,0.8916823894490798,0.8225444291525377,3.792709502942671,9.363951442720406,-5.571241939777736,2026.5203,2015.0,0.0,103.479736328125
495.0,2149,2130.0,2180.0,2100,1200,ok,54.96609445448954,55.932203389830505,56.60735031012715,1.0,0.96227246259396,0.8925352633125118,7.529349695898873,10.480473308541288,-2.951123612642415,2038.5763,2000.0,0.0,110.4237060546875
503.0,1955,1979.0,1970.0,1870,4854,ok,34.73131008261633,27.41935483870968,14.34415422037327,0.0,0.0155531637005557,0.061461442126809,-35.666745965525706,-14.945571813156487,-20.72117415236922,1891.7482,1910.0,0.0,63.2518310546875
509.0,1886,1910.0,1895.0,1881,1880,ok,38.01152799244382,28.235294117647054,24.369029663147305,0.5935051066498549,0.4471423275238662,0.2580972292032483,-54.0530517852535,-6.218364595101427,-47.83468719015208,1845.0985,1895.0,-40.9014892578125,0.0
514.0,1895,1900.0,1911.0,1895,1049,ok,41.19540024626573,48.83720930232558,40.43001316366827,0.9728939705922586,0.9205560075276052,0.8299923111916075,-32.156272148588414,9.019304301116414,-41.17557644970483,1868.9822,1945.0,-26.017822265625,0.0
518.0,1965,1950.0,2000.0,1965,438,ok,51.09700895691186,83.33333333333333,81.48148148148147,1.0,1.0,0.9969882189546952,-8.33492502114268,18.873825111321167,-27.208750132463848,1871.5769,1995.0,-93.423095703125,0.0
526.0,1950,1943.0,1950.0,1944,2145,ok,47.77517175223289,55.30303030303031,64.56960913482652,0.4712368110136017,0.6407600893121147,0.8134770872045238,7.068428037695867,4.46110556063063,2.607322477065237,1896.7673,1910.0,0.0,53.232666015625
531.0,1910,1900.0,1920.0,1890,1057,ok,42.53518929318253,16.80672268907563,21.90910847097459,0.1404458785629553,0.1672081086516995,0.211221829151629,-8.581041836256418,-6.749845457358152,-1.8311963788982653,1867.1659,2030.0,-42.8341064453125,0.0
535.0,1960,1935.0,1965.0,1940,1684,ok,52.62679571216761,58.8235294117647,46.218487394957975,0.8276275741287601,0.6292066587232755,0.4367075703240844,-1.8961949616211768,2.1130436243965702,-4.009238586017747,1925.7893,2015.0,-34.210693359375,0.0
540.0,2015,2013.0,2040.0,1995,2015,ok,58.887904668664056,56.56108597285068,55.80693815987934,0.7772007969103928,0.7666832036917276,0.8423693799020159,20.57542957701457,9.703619886958336,10.87180969005624,2004.7762,1915.0,0.0,10.2237548828125
542.0,1960,2000.0,2029.0,1960,1801,ok,47.9302449926603,31.67420814479638,46.00301659125188,0.3147411735541008,0.5768582703405251,0.6900978755389833,12.572978097332452,0.1011528306634481,12.471825266669004,1958.8542,1859.0,0.0,1.145751953125
547.0,1859,1915.0,1925.0,1859,21890,ok,32.82481246931687,0.0,9.606986899563314,0.0,0.0,0.0269186527472188,-18.463021875191544,-17.10632761258256,-1.356694262608983,1816.891,2035.0,-42.1090087890625,0.0
554.0,2069,2050.0,2090.0,2057,5985,ok,62.953416231042524,93.04635761589404,93.96866810710856,1.0,1.0,0.9075244342739808,23.662980998607736,17.477824357661003,6.185156640946734,2023.5127,2143.0,-45.4873046875,0.0
556.0,2052,2075.0,2074.0,2035,4170,ok,59.57930901243228,87.41721854304636,91.83222958057397,0.8707177187905313,0.9569059062635104,0.9856353020878368,28.91645989106587,14.582833366826485,14.333626524239383,2054.1846,2160.0,2.1845703125,0.0
558.0,2110,2078.0,2115.0,2078,6302,ok,65.65660156527329,98.4709480122324,93.04525165990536,1.0,0.9448197690625556,0.9488484814628736,35.633477971543016,14.334584697016428,21.298893274526588,2085.3376,2363.0,-24.662353515625,0.0
560.0,2160,2143.0,2190.0,2130,7131,ok,70.0834137752405,92.53731343283582,96.35818659586988,1.0,1.0,0.9775778772872,46.34769176271152,16.813809508029465,29.53388225468205,2119.1584,2335.0,-40.841552734375,0.0
564.0,2360,2363.0,2413.0,2310,6689,ok,81.27344970949068,88.79492600422833,91.79826557391536,0.9805482622556944,0.9935160874185648,0.997838695806188,91.29779255448192,33.98714141681252,57.31065113766941,2236.8594,2290.0,0.0,123.140625
569.0,2290,2254.0,2309.0,2250,2781,ok,64.18807901097897,67.46031746031746,56.17283950617283,0.2857964505519755,0.1556212627271106,0.2254424514886716,57.75470282523702,-6.689354315778246,64.44405714101526,2216.0676,2345.0,-73.932373046875,0.0
576.0,2390,2360.0,2420.0,2360,4442,ok,70.59818632799639,90.0990099009901,83.07354384087057,0.5455513916602177,0.4697456371898438,0.4152923330049505,54.080662688013945,-1.6292396944660084,55.70990238247995,2340.6372,2554.0,-49.36279296875,0.0
581.0,2554,2500.0,2661.0,2520,4717,ok,79.05012388281573,80.33088235294117,91.30562939461498,1.0,0.9579045696602472,0.8953592896083968,75.408477513849,12.229574210544264,63.17890330330473,2476.4434,2620.0,-77.556640625,0.0
588.0,2657,2610.0,2657.0,2559,11797,ok,80.06488714050411,98.71382636655947,91.07635394120774,1.0,0.9477593785465708,0.8605252594554953,79.71500744563173,6.259841601210667,73.45516584442106,2543.9292,2580.0,0.0,113.07080078125
589.0,2680,2657.0,2680.0,2600,2677,ok,81.15253703110868,100.0,94.8621341812816,1.0,0.9477593785465708,0.9091959139515388,82.93773312815665,7.586053826988476,75.35167930116818,2562.6665,2571.0,0.0,117.33349609375
591.0,2600,2652.0,2620.0,2600,856,ok,66.81483758435994,71.42857142857143,87.14285714285715,0.0,0.460891121321936,0.7342916515079252,70.22727823538571,-4.844345607097452,75.07162384248316,2535.1047,2480.0,0.0,64.895263671875
594.0,2571,2580.0,2612.0,2565,2070,ok,61.35946295660595,42.63157894736842,58.21052631578947,0.0,0.018371474597023,0.0608907372598905,43.64143459039269,-20.023959091165835,63.66539368155853,2514.1736,2472.0,0.0,56.826416015625
595.0,2583,2571.0,2600.0,2575,2243,ok,62.5718380161257,48.94736842105263,50.52631578947368,0.0612524893786722,0.0204174964595574,0.0190534818845343,37.52860516482633,-20.90943081338576,58.43803597821209,2517.3137,2415.0,0.0,65.686279296875
602.0,2513,2450.0,2550.0,2425,3681,ok,53.12119435865092,43.389830508474574,21.80790960451977,0.2967796547577984,0.1377539474222667,0.0622492809056405,-14.98742095940952,-20.552238977522077,5.564818018112552,2384.6726,2470.0,0.0,128.327392578125
606.0,2441,2418.0,2502.0,2270,4752,ok,45.6350981469729,50.0,34.278439091448746,0.2021905426580784,0.1796208698414496,0.2315941000792444,-21.42523253256786,-13.332788128579136,-8.092444403988726,2379.3362,2412.0,0.0,61.663818359375
609.0,2223,2360.0,2407.0,2223,7014,ok,30.53955183218514,0.0,28.58408647882332,0.0,0.1221196495615686,0.1733267643110043,-50.088392858278894,-28.92992239185492,-21.158470466423974,2309.2764,2424.0,86.2763671875,0.0
610.0,2365,2223.0,2400.0,2267,7514,ok,44.05679580606136,42.7710843373494,23.34793720335889,0.5985943652253786,0.1995314550751261,0.1703892005836519,-47.85399238359105,-21.35641753373365,-26.497574849857397,2313.3506,2397.0,-51.6494140625,0.0
613.0,2402,2462.0,2460.0,2380,8973,ok,47.09444772950111,50.42253521126761,58.22472990553764,0.7331130088483843,0.8039839352348183,0.6719190716688924,-25.52645996051388,2.712561660258864,-28.23902162077274,2334.4119,2320.0,0.0,67.588134765625
614.0,2424,2402.0,2488.0,2400,6112,ok,48.75492477418378,56.61971830985915,58.12206572769953,0.806645172982883,0.819768222226196,0.7942988482738323,-20.83203613613523,5.925588387710011,-26.75762452384524,2328.024,2260.0,0.0,95.97607421875
615.0,2397,2424.0,2410.0,2377,4050,ok,46.8130366567793,49.014084507042256,52.01877934272301,0.7206510689167785,0.7534697502493485,0.7924073025701208,-20.07213729122805,5.348389786093758,-25.420527077321804,2312.4478,2276.0,0.0,84.55224609375
617.0,2365,2230.0,2387.0,2250,2375,ok,46.72256501699778,40.0,30.328638497652587,0.7793457497750238,0.5995051652017981,0.6538599627962991,-33.80083740137752,-4.754457014940062,-29.04638038643746,2251.583,2325.0,0.0,113.4169921875
628.0,2345,2344.0,2375.0,2330,2614,ok,50.39934541305024,71.9298245614035,50.50917523694293,1.0,0.7702056985723873,0.44960808251355,-23.47947630520184,14.232667797392873,-37.71214410259471,2234.8857,2360.0,-110.1142578125,0.0
637.0,2340,2340.0,2375.0,2328,1374,ok,49.831527648959,69.68641114982579,63.87921022067364,0.7515896232664726,0.6654427605544743,0.592454675124127,-0.9107153848440248,3.882750225697991,-4.793465610542016,2223.9387,2350.0,-116.061279296875,0.0
640.0,2324,2320.0,2361.0,2310,1935,ok,48.54801214540016,41.80790960451977,52.220943235148304,0.4611153532041406,0.5476140046920434,0.6333216059355915,-2.8033800867870013,1.009927446323179,-3.813307533110181,2181.3328,2325.0,-142.667236328125,0.0
642.0,2350,2350.0,2359.0,2350,428,ok,51.28129461634387,56.49717514124294,51.60075329566856,0.7320848714168944,0.6417616986793098,0.5913885652149219,2.4077596835218174,4.3216410130388,-1.913881329516983,2209.0686,2200.0,0.0,140.931396484375
645.0,2325,2350.0,2376.0,2306,2519,ok,47.99443278154592,57.69230769230769,66.58273903496833,0.4579010664122069,0.7252562937651538,0.7783482621716399,3.067014433120221,1.827934003909075,1.239080429211146,2230.3071,2220.0,0.0,94.69287109375
665.0,1692,1680.0,1701.0,1670,3262,ok,24.10916043723671,18.686131386861312,18.244214338256096,0.4754811722563905,0.4177370552145374,0.4166057043150333,-120.67326874725131,5.369147873784343,-126.04241662103566,1687.1321,1707.0,-4.867919921875,0.0
667.0,1665,1680.0,1710.0,1665,2392,ok,22.857018652440644,15.65891472868217,17.443180746524828,0.4869151074979737,0.4717664180035183,0.4417746064539911,-106.9058154876452,13.254582074718924,-120.16039756236414,1667.1606,1720.0,2.16064453125,0.0
675.0,1950,1945.0,2000.0,1881,3945,ok,58.59042911867743,86.3013698630137,95.22011474066268,1.0,1.0,1.0,7.195067814782078,58.1259518287536,-50.93088401397152,1835.1056,1800.0,0.0,114.8944091796875
678.0,1938,1875.0,1938.0,1885,701,ok,56.13858146771504,83.01369863013699,76.16438356164385,0.9313850086243776,0.8787661772700416,0.9185559986104423,27.904230100556333,42.79356371247523,-14.8893336119189,1879.4738,1873.0,0.0,58.5262451171875
683.0,1873,1870.0,1890.0,1835,1493,ok,50.65306114310188,60.06289308176101,57.9664570230608,0.7194844583165231,0.7056367798159999,0.6736267875035166,13.304314388804642,9.05176263093907,4.252551757865571,1846.0331,1852.0,0.0,26.9669189453125
686.0,1880,1875.0,1889.0,1866,1918,ok,51.47852319564407,61.78343949044586,55.290496601637095,0.5095142334340355,0.5843295383084746,0.6318460002206381,11.21115801675819,4.296712031624479,6.914445985133712,1852.7094,1855.0,0.0,27.2906494140625
703.0,2012,2020.0,2030.0,1990,2342,ok,62.866798115872,87.79342723004694,83.09859154929576,0.9168315650159722,0.927239552975896,0.8343455069891528,35.29538264788016,9.880531238496165,25.414851409384,1931.1149,2012.0,0.0,0.0
707.0,2010,2021.0,2025.0,2001,4416,ok,59.35912891182021,75.11961722488039,84.25224934218937,0.5676866136819447,0.7461680323386407,0.8684805511258608,36.19538042680233,2.49467984236442,33.70070058443791,1967.2303,1998.0,0.0,42.7696533203125
709.0,2010,2012.0,2017.0,2000,1634,ok,59.22327212509962,75.11961722488039,75.43859649122807,0.2980755333597908,0.452620145880763,0.5929772341675345,29.33149915414788,-3.342707107476812,32.67420626162469,1974.0317,2000.0,0.0,35.96826171875
710.0,1990,2010.0,2010.0,1980,2813,ok,55.46971831314136,65.55023923444976,72.2488038277512,0.0,0.2633912746534482,0.4320516482724703,24.023976122787417,-6.920184111069819,30.94416023385724,1965.0406,1995.0,-24.9593505859375,0.0
716.0,1985,1995.0,1985.0,1975,1539,ok,53.07755535954167,48.66666666666666,54.22222222222222,0.0,0.0358270181652825,0.0949272000007949,8.73896245539163,-9.276192295030818,18.015154750422447,1988.2075,1960.0,0.0,-3.20751953125
718.0,1939,1947.0,1940.0,1905,3583,ok,43.64788370053212,21.656050955414013,31.218683651804668,0.0,0.0,0.0119423393884274,-3.242682650718052,-14.47788913452632,11.235206483808268,1937.2904,1925.0,0.0,1.7095947265625
731.0,1911,1925.0,1920.0,1910,681,ok,40.35883413883935,11.11111111111111,30.962059620596207,0.0,0.2326401519403552,0.4017332051925968,-10.75411846837983,-2.948368161019072,-7.805750307360757,1893.4395,1900.0000000000002,0.0,17.560546875
733.0,1901,1906.0,1917.0,1880,1952,ok,38.39185498325608,22.105263157894736,12.46101364522417,0.0,0.0,0.0975454075021278,-14.635151823834349,-4.647045194848621,-9.988106628985728,1862.5099,1887.0000000000002,0.0,38.4901123046875
740.0,1880,1870.0,1880.0,1840,794,ok,37.57540213628562,30.303030303030305,19.666227492314448,0.207368947841926,0.0691229826139753,0.0694902297185668,-17.751464674827503,-3.23564388504777,-14.515820789779731,1845.1565,1865.0,0.0,34.843505859375
743.0,1875,1875.0,1875.0,1860,232,ok,36.583988381601934,38.888888888888886,35.46296296296296,0.2200083371293655,0.2122320230740815,0.1885015145197057,-16.685822389940085,-0.9582587242822918,-15.727563665657794,1858.8359,1895.0,-16.1640625,0.0
755.0,1940,1925.0,1940.0,1900,1739,ok,55.62750139004532,84.61538461538461,83.33333333333333,0.8550056136508861,0.85651779304967,0.7882977031184968,9.151054116849991,8.182473416723534,0.9685807001264573,1908.1462,1650.0,0.0,31.853759765625
761.0,1615,1650.0,1640.0,1585,2258,ok,20.59574683758605,8.0,7.0550887021475255,0.0,0.0,0.1799738201954763,-59.78682972910679,-40.7133579927876,-19.073471736319185,1660.3079,1908.0,45.307861328125,0.0
763.0,1723,1602.0,1723.0,1634,2975,ok,38.48515486190904,38.44155844155844,17.818181818181817,0.4753805205097308,0.1584601735032436,0.0528200578344144,-66.05070572921,-29.03393422306179,-37.0167715061482,1628.3049,1910.0,-94.695068359375,0.0
770.0,2010,1935.0,2010.0,1963,2923,ok,64.05171218041026,100.0,96.80365296803652,1.0,1.0,0.988605938652139,30.924650015131647,35.08721384321907,-4.162563828087422,1898.8943,1881.0,0.0,111.105712890625
773.0,1925,1940.0,1965.0,1921,1089,ok,54.40945993247868,80.45977011494253,85.97701149425286,0.7812266055256878,0.8412493708980229,0.9100922186855837,32.02550448238276,17.33426354114793,14.691240941234827,1920.3864,1875.0,0.0,4.6136474609375
784.0,1909,1930.0,1930.0,1892,2117,ok,54.23355292674999,38.81578947368421,34.81359649122808,0.4447883170457297,0.3327400596668008,0.227626848311921,5.810661045359666,-0.6294023605433097,6.440063405902976,1868.7758,1911.0,-40.2242431640625,0.0
786.0,1905,1900.0,1910.0,1900,2986,ok,53.3615893742821,47.82608695652174,45.26951436562421,0.8051460244023225,0.6644647395701023,0.4980715383151993,6.4337729159165065,-0.020586839316584,6.4543597552330905,1896.9355,1920.0,-8.064453125,0.0
801.0,2250,2300.0,2305.0,2200,15694,ok,77.3547550209273,86.41975308641975,95.4732510288066,0.7865498503985897,0.9288499501328632,0.8651722055998431,78.8203553917649,44.92877812002974,33.891577271735166,2104.9246,2289.0,-145.075439453125,0.0
803.0,2300,2240.0,2346.0,2240,5450,ok,78.54382250489178,89.68609865470852,86.68548967502629,0.8189853983594186,0.7837148733017733,0.8522059657610899,96.82526410966057,41.88304029921484,54.942223810445725,2173.7224,2300.0,0.0,0.0
804.0,2310,2300.0,2346.0,2300,6054,ok,78.96443304583075,91.92825112107624,88.52165568657846,0.8304588711079709,0.7983512135382336,0.8087063868962133,102.4828903418902,38.032533225155575,64.45035711673462,2206.8394,2398.0,-103.16064453125,0.0
806.0,2289,2309.0,2310.0,2271,6686,ok,75.37785311150324,87.21973094170404,90.28400597907324,0.7326236455685753,0.7963345379374571,0.8066025134478094,99.8467137968455,22.028697236318465,77.81801656052704,2240.583,2470.0,-48.4169921875,0.0
809.0,2398,2300.0,2398.0,2320,7017,ok,80.9621247145319,100.0,92.30194319880418,0.8849521818787498,0.7894313907790917,0.763936466293039,95.42025341312136,9.975211353150884,85.44504205997049,2295.0215,2595.0,-102.978515625,0.0
811.0,2470,2490.0,2500.0,2450,5823,ok,80.97593172849035,95.0,98.16469926925238,0.7524025344703903,0.8705335617638396,0.843312372593319,110.2049030620201,16.353013944084182,93.85188911793593,2377.9,2700.0,-92.10009765625,0.0
817.0,2690,2701.0,2709.0,2660,7336,ok,86.24374376267068,81.67641325536063,84.93555511873366,0.8677720987393832,0.9559240329131278,0.9508007416342856,138.42922248249624,18.986706114778173,119.44251636771808,2572.5676,2556.0,0.0,117.432373046875
821.0,2579,2600.0,2600.0,2566,2958,ok,67.93388580967388,57.34126984126984,65.96791515886915,0.0,0.1749845189693876,0.4666931864351403,95.68347884815556,-20.643125607677263,116.32660445583284,2546.4197,2480.0,0.0,32.580322265625
822.0,2556,2580.0,2585.0,2555,1184,ok,64.76942959522546,49.78902953586498,57.134048012443,0.0,0.0,0.2143011186713911,79.13849786463106,-29.750485272961413,108.88898313759248,2523.246,2465.0,0.0,32.75390625
829.0,2499,2480.0,2510.0,2480,6420,ok,54.39922764363173,25.12690355329949,13.684184333631928,0.1307537120028316,0.0435845706676105,0.0151130732867678,3.440592006240422,-39.16386237723548,42.604454383475904,2402.9797,2578.0,-96.020263671875,0.0
832.0,2500,2515.0,2515.0,2496,3357,ok,53.62288688128915,31.34796238244514,30.923094059799823,0.1307974864522552,0.1662649048097088,0.1494418778096445,0.5665774283688734,-22.41295269560233,22.979530123971205,2419.812,2640.0,-80.18798828125,0.0
833.0,2505,2530.0,2530.0,2500,3986,ok,54.16956323520832,37.5,32.34018373831082,0.2091237916054677,0.1637469907198176,0.1654207362853645,-0.5420624954494997,-18.817274095536565,18.275211600087065,2424.3662,2510.0,-80.6337890625,0.0
838.0,2510,2601.0,2601.0,2490,6135,ok,49.48223168379177,33.84615384615385,64.54326923076923,0.0064134494958555,0.5837363944216815,0.7934173045546881,21.559607081059312,-1.4119965107493897,22.9716035918087,2496.4558,2560.0,-13.544189453125,0.0
841.0,2491,2525.0,2524.0,2425,7147,ok,47.36806466554895,28.0,47.7948717948718,0.0,0.2144152733613032,0.269574333764579,6.282005905660299,-12.435252426491456,18.717258332151754,2439.708,2440.0,0.0,51.2919921875
843.0,2560,2560.0,2580.0,2550,3841,ok,52.83726904832109,45.0,37.11111111111112,0.2599263850928533,0.148800913460151,0.1708128894314863,3.278397393209616,-9.874659293051709,13.153056686261325,2438.4548,2350.0,0.0,121.545166015625
854.0,2400,2355.0,2430.0,2345,1322,ok,44.42188034542147,33.333333333333336,22.225719031383864,0.4325059033392549,0.2461422926307306,0.1927487993090882,-43.36224016062579,-7.9174797073338254,-35.44476045329196,2295.7217,2275.0,0.0,104.2783203125
855.0,2356,2356.0,2356.0,2356,200,ok,41.07512341129962,18.666666666666668,23.569892473118284,0.2261897974467427,0.2725218116020632,0.2289473479305916,-43.43429503979405,-6.391627669201668,-37.04266737059238,2282.6826,2310.0,0.0,73.3173828125
856.0,2285,2340.0,2340.0,2280,2207,ok,36.31998415564461,1.5625,17.854166666666668,0.0,0.2195652335953325,0.2460764459427085,-50.30054791823613,-10.606304438114996,-39.69424348012114,2250.941,2266.0,0.0,34.05908203125
868.0,2288,2290.0,2290.0,2275,628,ok,42.89868421097438,59.036144578313255,52.31760374832663,0.8066374548824797,0.9211644874842096,0.8378773383522825,-24.902757960945564,13.100179798911078,-38.00293775985664,2168.6018,2180.0,0.0,119.398193359375
871.0,2205,2250.0,2255.0,2200,2830,ok,35.79746199816506,3.8461538461538463,51.05982905982905,0.0,0.6034432327046386,0.7989767015069932,-26.111280355004965,4.074098294482404,-30.18537864948737,2121.391,2020.0,0.0,83.60888671875
875.0,2100,2130.0,2130.0,2060,4339,ok,28.36977700794944,15.384615384615383,21.2678625722104,0.0,0.0,0.0162214227605282,-52.16210288138018,-14.652093442625926,-37.51000943875425,2039.1664,2300.0,-60.8336181640625,0.0
876.0,2020,2100.0,2100.0,2000,7340,ok,23.88146511711733,6.25,11.756993006993008,0.0,0.0,0.008110711380264,-65.34454129562619,-22.267625485497547,-43.07691581012864,2007.1748,1819.0,0.0,12.8251953125
882.0,1895,1850.0,1950.0,1850,3087,ok,34.60024537497007,18.6046511627907,39.239571797711335,0.3546912001438997,0.5140911970992522,0.7477617758279568,-75.76302437408776,-25.92781302625817,-49.83521134782959,1992.33,1890.0,0.0,-97.3299560546875
887.0,1890,1890.0,1890.0,1880,1024,ok,35.67199459829108,18.163672654690615,19.69394544244844,0.3901560580034979,0.400423039034713,0.4100898617963793,-87.11222026297332,-11.938171066912917,-75.17404919606041,1842.8934,1800.0,0.0,47.1065673828125
889.0,1854,1850.0,1865.0,1850,1084,ok,33.97233474584111,10.978043912175648,15.103127079174982,0.3339132413397066,0.3662953603767179,0.3860386182081276,-84.70303827925636,-6.0152104738123455,-78.68782780544402,1809.95,1821.0,0.0,44.050048828125
890.0,1842,1860.0,1860.0,1810,17060,ok,33.38967656193077,8.582834331337326,11.909514304723883,0.156385486916822,0.2883718366811593,0.3486882174236096,-83.58481648468751,-3.917590943394785,-79.66722554129272,1790.5145,1815.0,0.0,51.4854736328125
891.0,1830,1842.0,1844.0,1815,2620,ok,32.78414470333222,6.187624750499002,8.582834331337326,0.1317215321322115,0.2073400867962467,0.2873357612847078,-82.0812355777091,-1.9312080291330889,-80.150027548576,1778.2767,1800.0,0.0,51.7232666015625
896.0,1800,1800.0,1820.0,1800,6169,ok,33.16719366272996,0.0,8.189845474613685,0.2989112525083518,0.4501740843015223,0.396474156648182,-65.23437386677392,8.695168238752856,-73.92954210552678,1750.7168,1800.0,0.0,0.0
899.0,1860,1855.0,1870.0,1855,1657,ok,40.59711014403292,58.25242718446602,36.798428109107725,1.0,0.8981813687086321,0.6807195294882659,-42.090500263861486,19.8603450154362,-61.95084527929769,1807.0139,1815.0,0.0,52.986083984375
906.0,1826,1835.0,1835.0,1820,3689,ok,40.26093537028392,41.333333333333336,33.77777777777778,0.95475389601014,0.8624369532676347,0.7090930957762419,-24.639176321051536,13.230559152382485,-37.86973547343402,1781.6605,1927.0,-44.3394775390625,0.0
907.0,1830,1830.0,1830.0,1820,1925,ok,40.94971280123171,46.66666666666666,40.44444444444445,1.0,0.937705926563812,0.830500207698865,-20.78152679151276,13.670566945537011,-34.45209373704977,1795.1588,1920.0,-34.8411865234375,0.0
909.0,1850,1830.0,1860.0,1820,5613,ok,45.28525565151422,73.33333333333333,48.44444444444444,1.0,0.9170104977739854,0.9188816291494984,-13.931130507829494,14.005101744214368,-27.93623225204386,1809.6385,1905.0,-40.3614501953125,0.0
917.0,1898,1920.0,1904.0,1888,3551,ok,50.87900768831416,59.39393939393939,62.935234699940594,0.7044877774158873,0.7798362102019475,0.8124090681707178,14.286100356433964,8.148887219995851,6.137213136438112,1862.393,1900.0000000000002,-35.6070556640625,0.0
920.0,1890,1900.0,1900.0,1880,3302,ok,49.55708806311852,50.33112582781457,49.68311614327424,0.6179498298596422,0.5999573246773755,0.6499377332714057,8.378712652183367,0.5285252449207798,7.850187407262587,1830.8811,1935.0,-59.118896484375,0.0
922.0,1900,1925.0,1929.0,1890,3778,ok,51.435179218547184,55.172413793103445,55.25614676105656,0.5698958921471112,0.6597998177153479,0.6451916464485269,8.432576674884785,0.3029824431852059,8.12959423169958,1849.9362,1912.0,-50.0638427734375,0.0
924.0,1917,1905.0,1935.0,1905,4192,ok,55.09139917860752,43.52941176470589,43.42692430874346,0.8675953086381266,0.6045656925640145,0.6145280034479214,9.26394321414,0.9405358107115128,8.323407403428487,1865.3427,1900.0000000000002,0.0,51.6573486328125
930.0,1880,1900.0,1890.0,1880,1449,ok,44.9566535629888,5.2631578947368425,17.933723196881093,0.0,0.0786288990562972,0.2225641912172352,2.5540150456204174,-5.000450846217847,7.554465891838264,1806.3206,1950.0,-73.679443359375,0.0
943.0,1909,1925.0,1932.0,1909,6376,ok,50.694686135772166,29.62962962962963,25.0280583613917,0.3254365556477467,0.2195504327153522,0.1936913712703263,-0.0712730352347534,-3.146530792305575,3.0752577570708217,1876.8533,1895.0,0.0,32.146728515625
950.0,1910,1900.0,1919.0,1900,6955,ok,52.40698922231832,60.0,34.79250334672022,0.9013644396456456,0.4929743054083107,0.2416582101824788,-1.6103179688677756,-0.3160837179784108,-1.2942342508893647,1920.2963,2120.0,10.2962646484375,0.0
953.0,1985,1925.0,1986.0,1930,19150,ok,71.40475044205397,99.05660377358492,81.29472999349383,1.0,1.0,0.917982761892498,10.649572939872314,8.705270439794836,1.944302500077479,1988.2731,2060.0,3.2730712890625,0.0
957.0,2090,2099.0,2110.0,2089,9623,ok,75.31975600659662,65.625,69.6875,0.7769938434170912,0.8730744091660837,0.940161401286601,51.49001737899107,23.820932141053348,27.66908523793772,2086.9924,2092.0,-3.007568359375,0.0
962.0,2092,2091.0,2105.0,2082,6587,ok,69.41928585058865,65.49520766773163,62.90151102151901,0.5859096308712162,0.578664086009311,0.5509901874247953,40.18592062716016,2.984789565494353,37.201131061665805,2090.3127,2119.0,-1.687255859375,0.0
963.0,2090,2092.0,2099.0,2080,6121,ok,68.86446046674854,63.333333333333336,64.7417887992968,0.519713670470783,0.5699698426073944,0.5635880681210828,38.47626259047843,1.0201052230500949,37.45615736742833,2095.6545,2170.0,5.654541015625,0.0
967.0,2119,2133.0,2133.0,2115,16462,ok,72.32994562660446,61.42857142857143,66.62801606064018,0.4287214070227693,0.4657323664217456,0.4925302285779498,35.64595605225486,-1.2726156832216944,36.91857173547656,2132.386,2251.0,13.385986328125,0.0
973.0,2260,2251.0,2260.0,2231,12157,ok,80.43017246719714,91.52542372881356,88.84180790960454,0.7815484299262514,0.7679661648952306,0.841113248435437,59.13325716970621,9.237484308883118,49.89577286082309,2270.297,2281.0,10.297119140625,0.0
976.0,2237,2232.0,2260.0,2236,6911,ok,73.01737140520557,79.02439024390245,77.88617886178862,0.2673993020761251,0.2616707263089992,0.4366488578229086,47.4374078586734,-2.8642597738524813,50.30166763252588,2254.7166,2270.0,17.716552734375,0.0
978.0,2281,2302.0,2320.0,2281,7205,ok,73.33724963092165,82.66666666666667,87.0841534731137,0.1478225179124263,0.3432332607462527,0.3254070762058655,49.78905263355273,-0.5140125597859111,50.30306519333864,2297.2268,2269.0,0.0,-16.226806640625
979.0,2260,2281.0,2270.0,2251,7234,ok,68.15947577618581,71.42857142857143,84.55221386800336,0.0,0.254100160054211,0.3228835541209361,45.422920023402185,-3.904116135949167,49.32703615935135,2295.8606,2269.0,35.860595703125,0.0
980.0,2232,2260.0,2244.0,2200,11076,ok,61.88565810305099,57.073170731707314,70.38946960898181,0.0,0.0492741726374753,0.2155358644793128,38.17169451457266,-8.924273315822958,47.09596783039562,2280.448,2252.0,48.447998046875,0.0
981.0,2270,2232.0,2295.0,2260,17095,ok,66.4051407780027,75.0,67.83391405342626,0.2007806810989529,0.0669268936996508,0.1234337421304454,36.438212816750365,-8.52620401091621,44.964416827666575,2291.2097,2237.0,0.0,-21.209716796875
999.0,2220,2220.0,2230.0,2200,13154,ok,46.2497955445664,17.24137931034483,22.0689655172414,3.369655426356778e-16,1.2995450827102822e-18,0.0453960552795649,-3.4520587590950527,-12.30004594628503,8.847987187189977,2196.9617,2240.9999999999995,-23.038330078125,0.0
1003.0,2235,2200.0,2240.0,2200,2553,ok,51.47300293616276,44.73684210526316,22.80701754385967,0.5189206418362874,0.2742628994194697,0.125184083853392,-13.23990300327614,-8.51127622808915,-4.72862677518699,2177.106,2280.0000000000005,-57.89404296875,0.0
1014.0,2308,2330.0,2330.0,2290,8859,ok,58.69797596968469,55.830388692579504,49.46996466431097,0.7779183047668198,0.6904503413049543,0.660881250625168,12.842202037469631,3.1198305928681407,9.722371444601492,2251.5833,2450.0,-56.416748046875,0.0
1018.0,2471,2450.0,2509.0,2450,17785,ok,75.10035560411323,87.70226537216828,89.89767379908638,1.0,1.0,0.947780594473122,47.61514615922806,22.741070503505323,24.874075655722734,2373.9531,2380.0,0.0,97.046875
1020.0,2410,2450.0,2432.0,2382,7877,ok,63.14784701160748,60.24096385542169,76.28312603163465,0.4425590473953716,0.745993165557874,0.8925999939946522,46.839921848456015,13.468995009156515,33.3709268392995,2360.7524,2395.0,0.0,49.24755859375
1023.0,2380,2400.0,2400.0,2371,9924,ok,57.69932647046269,48.19277108433735,52.8781793842035,0.1884510116441172,0.288709605057943,0.3982714465591404,31.120556126185875,-3.5057638739957118,34.626320000181586,2313.8567,2330.0,0.0,66.143310546875
1028.0,2330,2363.0,2340.0,2281,6603,ok,47.627093182831686,30.888030888030887,39.79638979638981,0.0,0.0207398577303461,0.097089850161361,7.269462228945031,-14.917715006174529,22.18717723511956,2269.3691,2420.0,-60.630859375,0.0
1047.0,2350,2375.0,2420.0,2290,10863,ok,46.71671629700795,42.30769230769231,25.512820512820536,0.4703761332604433,0.2885107169768334,0.1455503686639707,-22.060630063890585,-16.6748265882498,-5.385803475640785,2220.9895,2290.0,0.0,129.010498046875
1052.0,2290,2290.0,2305.0,2275,5701,ok,41.47264566458245,29.310344827586206,25.58932398207677,0.3424184056752891,0.2987562471100002,0.3328937041590928,-29.13329503714704,-9.840844548810722,-19.292450488336318,2206.8967,2325.0,-83.103271484375,0.0
1056.0,2300,2300.0,2305.0,2280,5288,ok,44.00812316471436,44.18604651162791,37.96470394194295,0.7884024437587063,0.6131709837450688,0.4834121465624312,-23.77312505877944,-0.2068730237144223,-23.56625203506502,2221.0896,2365.0,-78.910400390625,0.0
1064.0,2450,2470.0,2495.0,2395,9151,ok,63.25473774297765,83.92857142857143,91.93081051806227,0.8501732087321043,0.9500577362440348,0.9666733989164604,27.655739487803203,22.936143056136466,4.719596431666739,2356.525,2411.0,0.0,93.47509765625
1065.0,2468,2499.0,2548.0,2450,54493,ok,65.12798601215172,71.73144876325088,84.36842522209163,0.9185154988100795,0.9228962358473948,0.953741914649382,32.65623673598611,22.3493122434555,10.306924492530614,2358.1572,2369.0,0.0,109.8427734375
1074.0,1781,1691.0,1781.0,1685,6711,ok,18.367212169483334,11.12398609501738,4.961128197086008,0.0325383295813515,0.0108461098604505,0.0095347190433946,-139.14254792374004,-92.87961345595346,-46.26293446778658,1923.9043,1788.0,142.904296875,0.0
1081.0,1790,1810.0,1810.0,1780,4046,ok,23.10142701275454,13.72549019607843,13.96530834556046,0.1675505486861366,0.155456084121368,0.1280905984688812,-133.0798761421181,-5.615519253888394,-127.46435688822972,1768.4535,1790.0,0.0,0.0
1083.0,1770,1780.0,1800.0,1760,2605,ok,22.20011338102772,11.409395973154362,12.517728940942536,0.1722330938692378,0.1652352722309839,0.1625861130013638,-116.40291099499132,8.355433069721855,-124.75834406471316,1751.3822,1765.0,0.0,18.6177978515625
1095.0,1725,1740.0,1758.0,1712,3671,ok,25.58731226773473,23.46938775510204,37.14411690602168,0.552944829774946,0.7601209617666754,0.8560511070539164,-45.51918888959813,17.54217283329878,-63.061361722896905,1665.8875,1716.0,0.0,59.112548828125
1099.0,1722,1703.0,1730.0,1703,4633,ok,29.61926676951414,39.16666666666666,27.1888888888889,1.0,0.5414431386309744,0.4164326918229522,-38.027341867066525,12.47913277034803,-50.50647463741456,1658.7396,1635.0,0.0,63.2603759765625
1115.0,1638,1630.0,1650.0,1618,2942,ok,38.999276925097526,66.19718309859155,70.07042253521128,0.7635641715619877,0.8119607162627211,0.8731437861223759,-14.201982808913954,10.47246512319228,-24.674447932106236,1649.7253,1580.0,0.0,-11.725341796875
1119.0,1590,1600.0,1605.0,1590,3275,ok,32.547892789749056,49.29577464788732,55.1643192488263,0.5505065978036989,0.6230052304104708,0.6853895216809814,-20.20036936031965,0.0249327624554602,-20.22530212277512,1551.905,1570.0,0.0,38.094970703125
1120.0,1580,1600.0,1605.0,1575,3618,ok,31.295286466869754,45.77464788732394,49.295774647887335,0.5091391550304992,0.5505481916892444,0.6205136215092921,-22.74543816973005,-2.016108837563948,-20.729329332166103,1526.202,1533.0,0.0,53.7979736328125
1121.0,1582,1575.0,1596.0,1565,3144,ok,31.860103611167915,46.478873239436616,47.18309859154931,0.5277922948616705,0.5291460158986228,0.5675664793327792,-23.72115393500781,-2.39345968227336,-21.32769425273445,1503.5969,1530.0,0.0,78.403076171875
1124.0,1570,1580.0,1581.0,1565,4956,ok,30.95723136318801,2.9585798816568047,18.61613467788984,0.0035849900006774,0.0353104419328453,0.1970001562611369,-24.15262558149948,-1.4111971609153535,-22.741428420584125,1477.6965,1475.0,0.0,92.303466796875
1128.0,1479,1483.0,1500.0,1421,3491,ok,20.506319881305476,25.32751091703057,11.05083168804846,0.0,0.0,0.0003983322222972,-37.68829191504847,-8.873998654034573,-28.81429326101389,1454.4263,1525.0,-24.57373046875,0.0
1131.0,1530,1549.0,1548.0,1525,3097,ok,36.78246277283692,56.18556701030928,42.21249792674972,1.0,0.5911344647366698,0.2829785320466685,-31.46840636930142,0.5666581627938356,-32.035064532095255,1511.91,1510.0,0.0,18.0899658203125
1133.0,1525,1525.0,1550.0,1525,5907,ok,37.28101409000698,56.52173913043478,59.85171074256687,0.8462997392919773,0.9487665797639924,0.8214562808568883,-23.269565065433422,6.006570613505037,-29.276135678938463,1527.923,1538.0,2.9229736328125,0.0
1136.0,1510,1500.0,1510.0,1495,2781,ok,35.67451484404809,55.625,53.01447590870669,0.7669479676472153,0.7431308936643116,0.7948549188331389,-20.577221050915117,4.850419331885419,-25.427640382800533,1498.6167,1540.0,-11.38330078125,0.0
1144.0,1504,1490.0,1512.0,1490,5013,ok,38.08416658073505,18.666666666666668,32.557625948930315,0.2405853904244368,0.374339627710369,0.5792551044701789,-9.998607345770324,1.0608113248366884,-11.059418670607013,1461.3899,1441.0,0.0,42.610107421875
1146.0,1506,1500.0,1515.0,1500,2713,ok,39.294849571158615,21.33333333333333,17.777777777777796,0.3152140960100567,0.2496659890024349,0.2858003577049289,-11.126972271552177,-0.0277492572575468,-11.09922301429463,1454.617,1365.0,0.0,51.383056640625
1160.0,1305,1343.0,1343.0,1295,11250,ok,25.22157427999892,4.524886877828054,26.19383021713767,0.2299455780076135,0.4460258156650024,0.5732876254052456,-37.45564313499858,-9.913218388519349,-27.542424746479234,1346.9424,1496.0,41.9423828125,0.0
1163.0,1412,1387.0,1412.0,1370,6199,ok,45.82066173152597,65.23809523809524,49.31216931216934,1.0,0.8385166485400468,0.6402209944627119,-26.67070943156523,2.7512444075270537,-29.42195383909228,1370.3937,1485.0,-41.6063232421875,0.0
1164.0,1454,1433.0,1458.0,1415,7357,ok,51.5719980639725,85.23809523809524,63.65079365079367,1.0,0.911684597648328,0.777344362465875,-16.186469660568036,10.5883873428194,-26.774857003387435,1398.9589,1471.0,-55.0411376953125,0.0
1167.0,1515,1550.0,1550.0,1495,7723,ok,58.50127689233479,87.27272727272727,91.27203912605374,0.9906499388475952,0.9968833129491984,0.9989611043163992,14.239597529091498,24.4646282160801,-10.225030686988603,1472.2501,1400.0,0.0,42.7498779296875
1169.0,1471,1485.0,1485.0,1465,2710,ok,51.78818765291529,71.27272727272727,78.30303030303031,0.7908187828430856,0.8779390285175318,0.9408294807899664,14.45098593983198,15.62309304605028,-1.1721071062183,1462.9965,1450.0,0.0,8.0035400390625
1172.0,1400,1400.0,1407.0,1388,8356,ok,43.01448286673543,45.45454545454545,45.45454545454548,0.5296484769920298,0.5250122470303663,0.6215362246248683,-5.370320404432277,-4.298953334502872,-1.0713670699294058,1395.5283,1436.0,-4.4716796875,0.0
1173.0,1420,1402.0,1421.0,1401,3487,ok,46.20428025234988,52.72727272727273,47.27272727272729,0.6246004247844915,0.5534073596633421,0.5634962074470309,-5.998966103403291,-3.942079226779108,-2.0568868766241826,1393.1418,1455.0,-26.858154296875,0.0
1177.0,1436,1442.0,1463.0,1436,3014,ok,48.473928898602445,34.104046242774565,43.503091666981526,0.3768798756515089,0.49635159381455,0.5793709949121065,0.0087610459272582,0.901501893246667,-0.8927408473194087,1408.9385,1440.0,-27.0615234375,0.0
1179.0,1449,1462.0,1465.0,1440,1385,ok,50.43274745151453,41.61849710982659,40.26974951830445,0.4949077158031452,0.4751949673819914,0.4681111967370319,2.301202672033014,2.1268193495326564,0.1743833225003576,1437.9572,1475.0,-11.0428466796875,0.0
1180.0,1440,1421.0,1449.0,1421,1235,ok,48.93011722250567,36.41618497109827,41.04046242774569,0.4121681083533678,0.4869577116159443,0.46497990267083,1.6017090752109198,1.1418606021684496,0.45984847304247,1436.2146,1481.0,-3.785400390625,0.0
1189.0,1570,1575.0,1606.0,1550,18088,ok,68.15497595768113,80.54054054054055,83.40570465570467,0.9435140136155852,0.9811713378718616,0.9383204895773742,28.27429318645113,15.386052413331646,12.888240773119486,1529.4962,1570.0,0.0,0.0
1196.0,1575,1560.0,1575.0,1550,8280,ok,64.85514772518921,48.91304347826087,48.70528022701938,0.7282377885705428,0.7353266254473608,0.7844816725128476,29.182275640852367,1.4693772614227392,27.712898379429628,1545.2793,1515.0,0.0,29.720703125
1197.0,1600,1598.0,1628.0,1592,9167,ok,68.56656065958191,56.39097744360903,51.18525639120608,0.9492660647145984,0.8010481041462697,0.7742153737610934,30.19725287709753,1.9874835981343184,28.209769278963208,1557.6869,1540.0,0.0,42.3131103515625
1199.0,1590,1585.0,1600.0,1565,4916,ok,63.315254203214906,49.800796812749006,55.31757681055229,0.5606834394015334,0.8366498347053772,0.8433997410933421,29.378477486624888,0.3573262877600811,29.021151198864807,1564.853,1600.0,-25.14697265625,0.0
1200.0,1556,1565.0,1590.0,1540,2911,ok,55.02572312013029,32.20338983050848,47.25504760618545,0.0,0.5202278131338445,0.7497929774225338,23.187324489422053,-4.667061367554204,27.854385856976258,1542.4899,1595.0,-13.5101318359375,0.0
1213.0,1535,1560.0,1560.0,1525,3218,ok,47.200415482619725,23.33333333333333,36.444444444444464,0.012247091748322,0.1994371771163885,0.1762308936236808,-1.3706721783610192,-7.326535361033192,5.955863182672172,1552.7296,1558.0,17.7296142578125,0.0
1216.0,1560,1562.0,1570.0,1560,2672,ok,52.1835719588868,30.76923076923077,32.4786324786325,0.3616097544124209,0.2694479254312048,0.1850997018106139,-1.1039971414893444,-3.231597430568188,2.1276002890788432,1561.2781,1550.0,0.0,-1.278076171875
1217.0,1560,1575.0,1577.0,1560,3167,ok,52.18357195888679,30.76923076923077,33.84615384615387,0.3616097544124209,0.3616097544124211,0.2613504614622657,-0.5041153368993037,-2.1053725007825177,1.601257163883214,1559.8696,1538.0,0.0,0.13037109375
1219.0,1560,1558.0,1560.0,1550,2503,ok,52.17710924988448,52.63157894736842,43.633603238866414,0.427738132701125,0.3806671835423325,0.3669671095780614,0.0721511267863661,-0.9192185366749044,0.9913696634612704,1570.3002,1557.0,0.0,-10.3001708984375
1225.0,1538,1550.0,1553.0,1535,4688,ok,46.280835819246064,30.0,39.38596491228072,0.0293836393511545,0.4149512721886541,0.3527368097949199,-3.1666007129938407,-1.762554221312165,-1.4040464916816755,1543.8668,1500.0,0.0,-5.8668212890625
1254.0,1506,1500.0,1510.0,1500,3583,ok,54.89774211832823,78.65168539325843,71.5355805243446,1.0,0.9594145286400476,0.9383181131863276,4.107798519887638,5.718800955765059,-1.611002435877421,1505.7936,1638.0,-0.2064208984375,0.0
1257.0,1530,1515.0,1530.0,1500,2912,ok,61.39860586126513,100.0,96.43243243243244,1.0,1.0,0.9864715095466824,10.754745986237594,7.169446403184286,3.5852995830533088,1528.6185,1635.0,-1.3814697265625,0.0
1258.0,1597,1540.0,1599.0,1540,11170,ok,73.81849251054466,98.56115107913668,98.61948279214468,1.0,1.0,1.0,19.31027210886259,12.579978020647426,6.730294088215166,1551.5769,1610.0,-45.423095703125,0.0
1261.0,1658,1669.0,1670.0,1656,6554,ok,80.21683506840364,94.0,93.9899749373434,1.0,1.0,1.0,42.593550526893296,20.844126960600008,21.749423566293288,1636.8718,1627.0,0.0,21.128173828125
1265.0,1620,1613.0,1643.0,1612,3897,ok,66.13681475258576,72.22222222222223,70.56980056980059,0.5184450032770372,0.5121990137574933,0.6255987619055118,32.518422327857934,2.2725879433060427,30.24583438455189,1635.6473,1638.0,15.6473388671875,0.0
1268.0,1622,1626.0,1629.0,1620,3329,ok,65.28754095744748,71.76470588235294,72.82135076252725,0.3133876648500427,0.4222329071411585,0.4764685793880321,25.81963912772835,-3.283596374612312,29.103235502340663,1643.61,1768.0,21.6099853515625,0.0
1269.0,1635,1630.0,1642.0,1625,3486,ok,67.72014152900661,79.41176470588235,73.92156862745101,0.395723642477534,0.3681817525683571,0.4270000043310017,25.012004710318934,-3.272984633617384,28.28498934393632,1657.5493,1780.0,22.54931640625,0.0
1271.0,1667,1638.0,1675.0,1652,15706,ok,73.07141296031571,94.07407407407408,84.88743645606392,0.5453445875798147,0.4354525094998872,0.3872559324416245,26.212293960361198,-0.999660915020936,27.21195487538213,1695.5083,1750.0,28.50830078125,0.0
1275.0,1758,1779.0,1779.0,1736,10168,ok,76.68670883881589,79.79797979797979,89.27229909888871,0.631271080455451,0.8770903601518171,0.904643694017236,49.72487286480873,11.892590808327142,37.83228205648159,1779.7675,1735.0,0.0,-21.7674560546875
1282.0,1729,1720.0,1730.0,1717,5422,ok,64.34823760022628,60.115606936416185,60.92824797314759,0.0720565916586273,0.0652649278514103,0.0850468411449178,25.19957582832467,-8.316214095672926,33.515789923997595,1761.1453,1737.0,32.145263671875,0.0
1284.0,1729,1730.0,1730.0,1718,4183,ok,64.18619750948413,52.73972602739726,57.45971416254101,0.0643283285652692,0.0722243650830976,0.0627569606097273,20.507686944003357,-8.695865790348908,29.20355273435226,1770.6954,1665.0,0.0,-41.6954345703125
1286.0,1766,1775.0,1799.0,1758,20703,ok,70.10875896529461,56.0,56.54960564549608,0.3467961604916239,0.2581706442436367,0.1665765528049871,23.413807163669844,-3.5787229513416854,26.99253011501153,1807.0833,1677.0,0.0,-41.083251953125
1288.0,1700,1737.0,1750.0,1699,13665,ok,51.32153283092802,0.9009009009009008,27.966966966966982,0.0,0.1155987201638746,0.2034990774875748,13.30322675090315,-9.85839736087144,23.16162411177459,1750.2319,1630.0,0.0,-50.23193359375
1290.0,1694,1670.0,1715.0,1670,19799,ok,50.36242417085074,31.764705882352946,15.79049637873169,0.2312084459088651,0.0770694819696217,0.0642227340444986,1.2660776079483185,-14.505727548785256,15.771805156733574,1717.6199,1185.0,0.0,-23.619873046875
1298.0,1264,1255.0,1270.0,1255,6829,ok,24.93106467853265,14.6875,10.62500000000002,0.1889818801065903,0.1275763168421567,0.0695033452550461,-127.09896807038216,-50.39533368250564,-76.70363438787653,1314.2308,1265.0,50.2308349609375,0.0
1299.0,1254,1274.0,1274.0,1254,5611,ok,24.4861656133382,13.354531001589825,13.253593667196627,0.1821852362907415,0.1719533668227153,0.1213706801571661,-124.2836819327324,-38.06403803588469,-86.21964389684771,1297.8978,1245.0,0.0,-43.8978271484375
1305.0,1215,1245.0,1245.0,1200,5817,ok,23.187203951463573,8.687258687258687,13.423131581345205,0.3435597250277013,0.3331753546653312,0.3254125790434919,-87.00168908674027,7.343011964656569,-94.34470105139684,1263.4534,1219.0,48.453369140625,0.0
1308.0,1200,1205.0,1209.0,1199,5616,ok,22.41993168060661,28.846153846153847,23.58440170940173,0.6789279195817653,0.5730482815046632,0.4555469600300204,-75.31117292429576,11.531697599621909,-86.84287052391767,1255.1956,1277.0,55.195556640625,0.0
1312.0,1273,1290.0,1291.0,1265,6476,ok,38.647488845864736,82.17821782178218,70.47962315028498,0.9522476704694416,0.9840825568231472,0.8662516530530517,-40.339334335160856,26.62004668022772,-66.95938101538857,1282.4465,1235.0,0.0,-9.446533203125
1320.0,1219,1225.0,1225.0,1210,4315,ok,31.640286183460432,28.712871287128717,34.983498349835,0.5410587069163054,0.592254383885625,0.6462271196466458,-21.036766077364742,8.289133280358122,-29.325899357722868,1234.518,1179.0,0.0,-15.5179443359375
1323.0,1203,1210.0,1210.0,1194,7767,ok,29.381405253385893,9.278350515463918,18.717783505154653,0.1892722581697909,0.4210305408824473,0.5093621991745101,-21.14819222194137,4.016404558292056,-25.164596780233428,1190.6997,1150.0,0.0,12.30029296875
1326.0,1165,1179.0,1180.0,1165,4291,ok,24.20792705035433,0.0,4.152428290359339,0.0,0.0,0.0992374767215783,-26.259987015552724,-1.3702576610372788,-24.889729354515445,1148.8276,1200.0,-16.17236328125,0.0
1328.0,1150,1130.0,1150.0,1121,10024,ok,27.43446248420591,18.238993710691823,6.079664570230622,0.404302770978338,0.1347675903261126,0.0449225301087041,-31.19364831793405,-4.074683231459023,-27.118965086475026,1149.2106,1168.0,-0.7894287109375,0.0
1338.0,1175,1166.0,1180.0,1170,7461,ok,42.173898728526346,62.06896551724138,54.7849670670283,1.0,0.9229757090700812,0.79675499538399,-12.562737848742929,5.174852263907951,-17.737590112650878,1173.279,1166.0,0.0,1.720947265625
1342.0,1179,1180.0,1190.0,1170,8116,ok,44.29721976406681,62.82051282051282,65.3846153846154,0.9813513540635682,0.993783784687856,0.9767827561762148,-5.316915433251324,6.440598319240262,-11.757513752491588,1136.5507,1167.0,0.0,42.4493408203125
1344.0,1170,1170.0,1170.0,1155,4113,ok,42.44771416734043,51.282051282051285,53.41880341880343,0.8322561656615487,0.8447491577611214,0.913065570552083,-5.147222378355991,4.296716560431475,-9.443938938787468,1114.209,1156.0,0.0,55.791015625
1355.0,1149,1165.0,1160.0,1145,4245,ok,38.33663005244746,8.88888888888889,14.537037037037049,0.0,0.1912566446532094,0.3235736977967307,-5.928614069460764,-0.241233344136889,-5.687380725323875,1098.5492,1020.0,0.0,50.4508056640625
1366.0,1089,1089.0,1097.0,1080,14120,ok,41.40648541495977,50.68493150684932,46.201464864699226,1.0,0.9264474034447886,0.8112594913833521,-20.15869514033216,0.6616446077661315,-20.820339748098288,1082.1149,1039.0,0.0,6.8851318359375
1367.0,1090,1089.0,1100.0,1089,9727,ok,41.686180870652166,51.72413793103448,48.901457150435554,1.0,0.9648584718851152,0.8922467055932306,-17.394879163216956,2.740368467905068,-20.135247631122024,1079.5123,1039.0,0.0,10.4876708984375
1372.0,1039,1035.0,1045.0,1025,12003,ok,33.97742218628866,24.369747899159663,18.96284829721363,0.7070103558036265,0.6709173838404112,0.7115268888344737,-21.806462667821734,-1.5181169955196978,-20.28834567230204,983.46704,1048.0,-55.532958984375,0.0
1374.0,1031,1030.0,1040.0,1030,6612,ok,32.48556031855256,23.07692307692308,26.43826761473821,0.1285352875863887,0.5141853330645473,0.6307043575695281,-21.359740958636397,-0.6907467342090712,-20.668994224427323,971.2449,1070.0,-59.755126953125,0.0
1379.0,1070,1062.0,1070.0,1058,10033,ok,48.08490154272993,66.66666666666667,51.85185185185187,1.0,0.9877147220939898,0.8019990768553336,-9.747228244201324,7.421648116556849,-17.168876360758173,1041.4684,1066.0,0.0,28.5316162109375
1389.0,1104,1075.0,1104.0,1075,18692,ok,58.930657820727056,100.0,74.53183520599252,1.0,0.8051366568697387,0.7469391002401865,4.189166115871785,5.092237943345795,-0.90307182747401,1079.0532,1075.0,0.0,24.94677734375
1390.0,1112,1104.0,1126.0,1106,19540,ok,60.94224302821433,82.92682926829268,82.69845619804515,1.0,0.9188231888152264,0.8174382515757191,7.819820192220732,6.978313615755793,0.8415065764649384,1093.8922,1060.0,0.0,18.1077880859375
1392.0,1095,1095.0,1096.0,1085,2594,ok,54.67509417875577,52.05479452054794,66.56250204726062,0.5980821092325752,0.7850943302643665,0.8743281598665891,8.710626851900315,5.021379399079532,3.689247452820784,1085.2161,1060.0,0.0,9.783935546875
1396.0,1068,1060.0,1075.0,1055,19270,ok,46.1582187433709,17.333333333333332,15.366818873668208,0.1648792147275875,0.1061957226160986,0.243074807585985,0.3810204777876151,-3.020913499697818,3.401933977485433,1037.2799,1044.0,0.0,30.7200927734375
1401.0,1044,1060.0,1060.0,1040,11768,ok,41.93769852383716,20.37037037037037,27.16049382716051,0.2078869587758367,0.2795538808675979,0.1936141117780236,-7.444788113828054,-4.473404171619593,-2.971383942208461,1043.3403,1025.0,0.0,0.65966796875
1402.0,1043,1044.0,1043.0,1035,8110,ok,41.67861864919583,19.444444444444443,25.000000000000018,0.1970884601654203,0.2635734654046978,0.2511285247382047,-8.212532905691205,-4.192919170786196,-4.019613734905009,1036.4143,1015.0,0.0,6.585693359375
1415.0,945,975.0,975.0,917,15347,ok,31.78452320485684,36.774193548387096,43.21545075534422,0.5666484493405657,0.6443056851823121,0.4836611016833113,-25.831682059766763,-3.43641553467981,-22.395266525086956,971.4199,999.0,26.419921875,0.0
1417.0,950,945.0,950.0,939,11371,ok,33.68456036173045,40.78947368421053,38.272856397794,0.7603596524777558,0.6633329608190027,0.656315472110558,-24.176315134401197,-0.9193636396330832,-23.25695149476811,953.5265,986.0,3.5264892578125,0.0
1420.0,999,972.0,1010.0,972,31730,ok,49.91521877028041,78.16901408450704,62.7654817795663,1.0,1.0,0.9093011206215774,-11.72550283088151,8.036120546273306,-19.761623377154816,965.802,990.0,0.0,33.197998046875
1422.0,986,990.0,1000.0,980,11944,ok,46.32568892407892,69.01408450704226,74.17840375586856,0.8844627781228186,0.9496333439372724,0.9792596983889794,-5.852507998198689,9.20949929631164,-15.06200729451033,970.60315,1002.0,-15.3968505859375,0.0
1432.0,1032,1055.0,1064.0,1032,8229,ok,55.96854322846287,57.75862068965517,75.60955341686154,0.5466046869295388,0.7841273662552818,0.9064621678446834,15.851002494280806,7.74645639881367,8.104546095467136,1025.3044,1009.0,0.0,6.695556640625
1437.0,1009,1011.0,1025.0,1009,6662,ok,48.01034413187352,29.41176470588235,31.372549019607856,0.0472507011427991,0.0891292651374954,0.2134306386535329,4.105127865828649,-4.239747116538744,8.344874982367394,1002.79584,1003.0,0.0,6.20416259765625
1441.0,1003,1010.0,1014.0,1003,7968,ok,46.52782707425269,8.235294117647058,14.505921180353344,0.0758283985870681,0.0850165024672753,0.0535023685954869,-1.633769961647431,-4.77205719381208,3.1382872321646484,1003.1447,1002.0,0.0,-0.14471435546875
1442.0,1003,1003.0,1010.0,996,3212,ok,46.52782707425269,8.235294117647058,10.980392156862758,0.0758283985870681,0.1102926353296314,0.0850165024672753,-2.2712587195931064,-4.327636761406204,2.056378041813097,1002.6197,1003.0,0.0,0.0
1443.0,1000,1003.0,1004.0,990,8898,ok,45.39754524713533,10.989010989010987,9.15319974143505,0.0281980244792702,0.0599516072178021,0.0850869150049029,-2.9892445591705155,-4.03649808078689,1.047253521616375,1002.4284,999.0,0.0,-2.42840576171875
1451.0,990,987.0,999.0,990,5307,ok,41.47692587830502,15.789473684210526,12.464087046885522,0.2120435422096113,0.070681180736537,0.0663299817535162,-5.218362846636865,-1.964370476578449,-3.2539923700584152,1005.3166,1000.0,15.31658935546875,0.0
1452.0,988,990.0,990.0,978,3069,ok,40.50685776872026,22.727272727272727,15.277939860738336,0.1101876301773868,0.107410390795666,0.0674840593139724,-5.539743363665025,-1.8286007948852872,-3.7111425687797377,1001.84375,980.0,0.0,-13.84375
1455.0,1000,1000.0,1013.0,999,2360,ok,48.3484353914756,50.0,58.33333333333334,0.5984156332290468,0.720829967565424,0.5732203305253202,-2.0856880097757085,1.0174885275160177,-3.103176537291726,1028.0131,975.0,0.0,-28.0130615234375
1457.0,980,1000.0,1000.0,980,5913,ok,39.4073688480459,4.545454545454546,34.848484848484865,0.0,0.3989437554860311,0.568914078342187,-3.6409850761709777,-0.6521259574051443,-2.9888591187658333,975.60333,955.0,0.0,4.39666748046875
1463.0,955,960.0,960.0,945,4558,ok,33.01650061452428,15.942028985507246,16.425120772946872,0.0,0.0,0.0511746787328169,-11.58547549248135,-4.38080496380614,-7.20467052867521,925.4573,941.0,0.0,29.542724609375
1465.0,958,960.0,963.0,955,947,ok,35.11613595079106,20.28985507246377,17.391304347826104,0.098581377076715,0.0328604590255716,0.0109534863418571,-11.672884091702826,-2.80578896285381,-8.867095128849016,928.4081,942.0,0.0,29.5919189453125
1466.0,942,955.0,959.0,940,3161,ok,29.758528347368117,2.73972602739726,12.99053669512277,0.0,0.0328604590255716,0.0219069726837143,-12.929680766977526,-3.250068510502807,-9.67961225647472,917.88306,942.0,0.0,0.0
1470.0,942,945.0,945.0,940,2308,ok,31.170280978692617,7.936507936507937,5.870476845709059,0.1062205029089689,0.0365030428552779,0.0214333332001794,-12.858499796966951,-1.0610255536822724,-11.79747424328468,910.9646,931.0,0.0,31.035400390625
1475.0,931,932.0,955.0,931,2623,ok,27.73816720239502,18.51851851851852,15.649963689179392,0.1270060974343493,0.0423353658114497,0.025914066704813,-11.73831033581655,0.3125607499778446,-12.050871085794396,921.3639,920.0,0.0,9.6361083984375
1483.0,940,942.0,953.0,928,12880,ok,48.63753534310448,70.58823529411765,45.09803921568629,1.0,0.967776534941576,0.967776534941576,-6.4703269103722505,4.192504440192629,-10.66283135056488,932.2222,920.0,0.0,7.77777099609375
1496.0,897,900.0,900.0,897,7248,ok,31.88682231977853,0.0,2.9761904761904905,0.0,0.0389977201841333,0.0779954403682664,-7.933360087767937,-0.0931174646868147,-7.840242623081123,858.349,907.0,-38.6510009765625,0.0
1499.0,909,910.0,913.0,907,5174,ok,43.243663805680015,38.70967741935484,32.942326490713604,0.9449883322691688,0.9127849719514304,0.5916764536693928,-4.188747159988793,2.372393437346757,-6.56114059733555,924.9662,903.0,0.0,-15.9661865234375
1508.0,900,910.0,910.0,894,6359,ok,38.76538276692388,21.428571428571427,33.74891774891776,0.4678941618083155,0.7249146116295538,0.7341730632225865,-1.9928400077828885,0.8530121118138663,-2.8458521195967545,866.78766,958.0,-33.21234130859375,0.0
1511.0,935,916.0,940.0,913,17869,ok,65.84961731909112,89.1304347826087,60.6625258799172,1.0,0.982224399316673,0.8678460144895787,2.3150171776843536,3.673599547506888,-1.3585823698225346,908.3156,945.0,-26.68438720703125,0.0
1513.0,958,960.0,965.0,954,11046,ok,74.18636184709706,88.88888888888889,88.50644122383255,1.0,1.0000000000000002,0.9902074427789443,10.274096898286984,7.959475052250459,2.314621846036525,959.48346,945.0,0.0,-1.48345947265625
1520.0,948,947.0,949.0,945,3171,ok,63.70168226761408,75.0,74.07407407407409,0.7039980302139153,0.7025091646887369,0.6898441394044769,9.115499995091568,0.911800137990662,8.203699857100906,947.058,970.0,-0.9420166015625,0.0
1522.0,950,949.0,952.0,946,7021,ok,64.4501891300216,75.75757575757575,74.7895622895623,0.6506664887881966,0.6774486997399425,0.6945219548210574,8.18238007126422,-0.0629714491599084,8.245351520424128,943.6905,970.0,-6.30950927734375,0.0
1535.0,962,970.0,970.0,960,6516,ok,58.46885155648282,42.10526315789474,53.351327035537565,0.0,0.1821465360180585,0.274881648758036,5.26075464919586,-2.208047791036397,7.468802440232257,995.2197,950.0000000000001,0.0,-33.2197265625
1536.0,961,961.0,964.0,950,3193,ok,57.33937571998928,32.35294117647059,44.477521102908106,0.0,0.0910732680090293,0.1945156692438056,4.184117858555624,-2.6277476653413068,6.81186552389693,984.92175,945.0,0.0,-23.9217529296875
1543.0,942,945.0,945.0,932,5114,ok,38.87136259085362,23.80952380952381,26.26984126984128,0.0,1.1102230246251563e-16,1.1102230246251563e-16,-3.4258190955470127,-4.390043018181485,0.9642239226344724,931.4722,930.0,0.0,10.52777099609375
1551.0,953,940.0,956.0,940,1245,ok,56.32057912884284,68.51851851851852,45.67901234567902,0.8365460567203101,0.4712495964014059,0.270709383738673,-3.841901020652472,1.1634001802829008,-5.005301200935373,960.90906,956.0,7.9090576171875,0.0
1559.0,940,940.0,945.0,940,1768,ok,43.91706425563775,30.232558139534884,36.20442147573932,0.3894617936536694,0.4321359165345297,0.5894662190733183,-0.8182569794571464,-0.408615984530768,-0.4096409949263784,917.9616,919.0,0.0,22.03839111328125
1560.0,952,941.0,952.0,940,2427,ok,53.36802399033763,58.13953488372093,39.534883720930246,0.705306395881638,0.5092658637906242,0.5050126836579869,-0.0607606155842859,0.279104303473674,-0.3398649190579599,932.9595,926.0,0.0,19.04052734375
1562.0,940,947.0,947.0,938,2099,ok,44.905173772707215,26.82926829268293,43.05161656267726,0.3680721531974215,0.5369152159880939,0.5300753919729648,-0.9617023779968576,-0.519492221352429,-0.4422101566444286,919.8685,918.0,0.0,20.1314697265625
1571.0,898,900.34,904.0,898,3792,ok,30.31008017750362,12.903225806451612,16.657516392381623,0.006199736631995,0.053476523529655,0.0581264068979699,-11.858466549393256,-3.765554171437934,-8.092912377955322,886.9447,865.0,0.0,11.0552978515625
1572.0,888,898.76,898.76,888,5967,ok,26.95694912548747,0.0,9.351580319322265,0.0,0.0144303699610176,0.0397722793809987,-13.087584061307552,-3.995737346681784,-9.091846714625769,878.46704,863.0,0.0,9.532958984375
1581.0,853,852.0,860.0,850,8181,ok,20.265647073002853,26.13636363636364,23.71212121212122,0.1886110481529669,0.0975119183624072,0.0440511624468307,-18.24945062217012,-2.054082084919866,-16.19536853725025,838.3599,862.0,-14.64007568359375,0.0
1583.0,851,855.0,860.0,845,3175,ok,21.176456917645623,24.705882352941178,26.75133689839573,0.2847160391872087,0.2650974741685473,0.1891476964272834,-16.550045484699922,-0.1176400272060398,-16.432405457493882,835.73065,850.0,0.0,15.26934814453125
1588.0,850,858.0,860.0,850,7082,ok,29.88020351236281,33.333333333333336,39.68253968253969,0.7052321239383572,0.8670316406948769,0.8300796540209566,-10.588339232367275,3.0927204695605983,-13.681059701927872,826.63556,864.0,-23.36444091796875,0.0
1594.0,865,864.0,880.0,864,6193,ok,43.800887129677726,58.333333333333336,63.46618357487924,0.9189106097726136,0.8866347320798703,0.9080111989645157,-2.819414996361047,4.258753561833295,-7.078168558194342,829.3819,841.0,0.0,35.61810302734375
1606.0,842,836.0,842.0,834,2708,ok,38.42094155940456,24.0,14.898550724637689,0.6247822454874855,0.3718223128655015,0.2236879272320543,-6.42938902298863,0.3830048563642361,-6.812393879352866,824.59296,842.0,0.0,0.0
1608.0,844,845.0,845.0,836,2128,ok,40.80095793169709,28.571428571428573,27.52380952380953,0.7692622992311038,0.7361318382316683,0.5528965960729245,-4.365168822235432,1.702907495976378,-6.06807631821181,847.7046,840.0,0.0,-3.70458984375
1609.0,850,844.0,850.0,844,2650,ok,46.93160315578053,40.81632653061224,33.12925170068028,1.0,0.861204423069173,0.7160239661408151,-3.0001126686316866,2.4543709196640986,-5.454483588295785,857.2619,838.0,0.0,-7.26190185546875
1612.0,838,842.0,850.0,838,4189,ok,37.9594853909154,28.571428571428573,36.44822610339852,0.5228278214070152,0.6365470210417301,0.7531492583848675,-2.93137647101662,1.2228159299898935,-4.154192401006513,828.449,837.0,0.0,9.551025390625
1616.0,830,834.0,835.0,830,6286,ok,33.13558699517213,0.0,14.285714285714292,0.2184708101388452,0.396223803435183,0.503138618402184,-4.024283128708589,-0.3139900335048016,-3.710293095203788,782.1847,830.0,0.0,0.0
1617.0,837,830.0,841.0,830,3605,ok,41.36934924738793,25.0,13.095238095238102,0.6362810816324826,0.4209725559690549,0.4515606814704642,-3.6043023615346783,0.0847925869352876,-3.689094948469966,793.7735,828.0,0.0,43.22650146484375
1626.0,825,826.0,830.0,825,2448,ok,36.15307796913415,20.0,16.66666666666667,0.2440590131580985,0.2118950052276863,0.2755916081501474,-4.45223938356321,-0.5709953534950394,-3.8812440300681703,761.9884,793.0,0.0,63.0115966796875
1627.0,822,830.0,830.0,818,3151,ok,33.98422324374714,14.814814814814817,17.160493827160497,0.0686389212576352,0.1855856491912775,0.2358379692873288,-4.691767918396408,-0.6484191106625898,-4.043348807733818,755.71173,789.0,0.0,66.28826904296875
1638.0,682,690.0,691.0,680,8715,ok,14.011637708449328,2.631578947368421,4.748805321659343,0.0,1.480297366166875e-16,0.2500130337077474,-34.003031019826835,-15.058414262023833,-18.944616757803004,644.85754,690.0,-37.1424560546875,0.0
1643.0,690,689.0,690.0,686,1672,ok,18.802777238384976,8.75912408759124,7.776220170477438,0.2009754723560619,0.1832386755360433,0.140364568372787,-32.42228005932441,-2.8319992534415483,-29.59028080588286,640.9817,722.0,-49.018310546875,0.0
1646.0,715,725.0,731.0,715,11208,ok,35.147593645445056,28.03030303030303,24.24242424242425,0.8865967483505303,0.7316883950853282,0.4978290983430706,-20.51354816308105,6.412799876688887,-26.92634803976994,681.2886,710.0,0.0,33.71142578125
1649.0,722,726.0,730.0,722,9174,ok,39.03848010309682,83.01886792452831,49.13760243948924,1.0,0.9829243609293522,0.9504421484569642,-11.339403371981348,9.182507291266994,-20.52191066324834,699.86615,712.0,0.0,22.13385009765625
1657.0,712,715.0,717.0,707,7019,ok,37.76810717795464,52.5,55.27777777777778,0.8880741679045061,0.8715467010737048,0.8490492729329328,-5.07010261671951,3.798505938814049,-8.868608555533559,664.9471,732.0,-47.05291748046875,0.0
1660.0,724,731.0,731.0,712,14196,ok,47.39884197743719,72.0,53.90476190476191,1.0,0.8701786746924233,0.8405347904964557,-1.9859612320601627,4.105253904237808,-6.09121513629797,672.8679,740.0,-51.132080078125,0.0
1666.0,736,742.0,743.0,736,7882,ok,53.9298636852992,61.224489795918366,68.70748299319727,0.7667659098787905,0.8883987075778449,0.9515140372875868,5.181437404051621,3.940003852047924,1.2414335520036972,721.12396,866.0,-14.87603759765625,0.0
1668.0,766,749.0,773.0,747,6057,ok,69.01043670297294,89.39393939393939,77.41702741702743,1.0,0.9222553032929304,0.8996842394828736,8.78239918833549,5.257730969081359,3.5246682192541305,748.5686,881.0,-17.431396484375,0.0
1673.0,881,875.0,890.0,859,15000,ok,87.95281455045807,89.8936170212766,92.91146327979928,1.0,1.0000000000000002,1.0000000000000002,38.39263710902844,18.13444683387351,20.25819027515493,854.1145,856.0,0.0,26.885498046875
1674.0,878,881.0,894.0,864,6811,ok,86.19994732677706,87.91208791208791,89.09312971463027,0.9543382977240908,0.984779432574697,0.9949264775248992,40.22106385537791,15.970298864178378,24.250764991199528,868.17065,847.0,0.0,9.829345703125
1677.0,868,875.0,880.0,866,8403,ok,78.96612652341427,80.60606060606061,84.51684110244742,0.7358639448218292,0.8390797754008418,0.9069628859880128,36.74994840938052,5.488590758454585,31.261357650925937,880.83655,850.0,0.0,-12.8365478515625
1682.0,850,856.0,869.0,850,8243,ok,65.17603792925328,62.6865671641791,63.67542567728867,0.1431820935195363,0.1169006615350776,0.2130091804028308,18.3788656568554,-7.361457596370492,25.74032325322589,842.565,848.0,0.0,7.43499755859375
1684.0,841,862.0,862.0,838,2950,ok,60.62610427929551,30.58823529411765,48.77276023972211,0.0,0.0701222796453401,0.1036622833498265,13.265041850264083,-8.408362873444755,21.67340472370884,818.80774,845.0,-22.1922607421875,0.0
1702.0,829,843.0,843.0,829,3935,ok,47.31043253525201,3.636363636363636,9.09090909090909,0.0,1.1102230246251563e-16,0.1757953118498607,-1.360825886712291,-2.5527916640496784,1.191965777337387,793.87646,827.0,0.0,35.12353515625
1712.0,812,814.0,814.0,805,4301,ok,38.596418491501005,11.39240506329114,11.947590495225404,0.0,0.0159092650901418,0.031449016119977,-6.103870710373144,-1.5309409669773937,-4.572929743395751,788.98987,800.0,0.0,23.0101318359375
1715.0,810,805.0,810.0,800,4883,ok,39.597491488250974,23.25581395348837,14.111468246465408,0.3976268254496689,0.1996676826034068,0.0915825742006651,-6.446191608817344,-0.8472447948473132,-5.598946813970031,802.9144,784.0,0.0,7.0855712890625
1736.0,812,815.0,815.0,805,17884,ok,52.19404418277656,50.943396226415096,47.31955675351902,0.6984275003106691,0.6196661563410107,0.6126377457742885,0.8281552551152345,1.0814726920565003,-0.2533174369412657,803.4207,800.0,0.0,8.57928466796875
1738.0,797,808.0,808.0,796,17431,ok,44.07815665426302,21.153846153846157,36.61103047895501,0.0,0.4136088772281368,0.5503589237986883,-0.7536122281877624,-0.5087181533412743,-0.244894074846488,780.80023,799.0,-16.19976806640625,0.0
1740.0,801,803.0,805.0,800,10926,ok,46.617564165671695,19.565217391304348,21.54403567447046,0.1606446197974072,0.1299635730330597,0.266929175717678,-1.1728254236616067,-0.6402527009888925,-0.5325727226727142,787.3635,790.0,0.0,13.636474609375
1760.0,778,772.0,780.0,771,5949,ok,37.660143377367305,50.0,37.22222222222222,0.6660122708633374,0.2320369176058415,0.1163261572360818,-4.608714327125654,0.5085843043046543,-5.117298631430308,782.3967,774.0,0.0,-4.396728515625
1764.0,758,769.0,769.0,756,6969,ok,23.634016389941024,5.882352941176471,23.0718954248366,0.0,1.480297366166875e-16,0.0740013634292598,-6.407126534279769,-1.0154152814737358,-5.391711252806033,726.0013,775.9999999999999,-31.99871826171875,0.0
1767.0,780,792.0,792.0,777,8861,ok,48.98144682189182,71.42857142857143,66.30952380952381,1.0,1.0000000000000002,0.666666666666667,-2.7224778450244003,1.900136156310647,-4.622614001335047,781.61993,770.0,0.0,-1.61993408203125
1785.0,772,777.0,780.0,770,4486,ok,52.35016972597216,71.42857142857143,61.90476190476191,1.0,0.9163019057261188,0.7702646002434204,-0.6609357684152428,2.164135135268212,-2.8250709036834545,768.5997,762.0,0.0,3.40032958984375
1788.0,765,770.0,770.0,757,16518,ok,47.63399444871924,51.282051282051285,60.74481074481074,0.742106518162048,0.8720052544975418,0.9349070185992412,0.1641860312946619,1.5298386621374385,-1.3656526308427763,755.09186,758.0,0.0,9.90814208984375
1789.0,763,765.0,765.0,760,4973,ok,46.30132913912058,36.36363636363637,51.43745143745144,0.5441279946943454,0.7453018665390018,0.8584256231600232,-0.2159342263587405,0.9197747235872288,-1.1357089499459694,740.24335,756.0,0.0,22.75665283203125
1790.0,762,768.0,768.0,754,4902,ok,45.61416808476781,33.333333333333336,40.32634032634033,0.4923399729540012,0.5928581619367983,0.736721760991114,-0.5845128186533657,0.4409569050340829,-1.0254697236874486,730.9855,762.0,0.0,0.0
1798.0,760,760.0,760.0,752,8041,ok,46.0843435428639,28.571428571428573,37.34907068240401,0.4071963537215693,0.6282423944100718,0.6463589033612016,-0.9764074038856734,0.2731017646083868,-1.2495091684940602,741.5923,755.0,0.0,18.40771484375
1799.0,768,764.0,780.0,762,25965,ok,52.85279248491451,57.142857142857146,38.44797178130512,1.0,0.6282423944100718,0.6534390065597014,-0.1450148758078739,0.8835954341489489,-1.028610309956823,758.0463,753.0,0.0,9.95367431640625
1808.0,755,753.0,755.0,745,7383,ok,45.04203810738007,28.571428571428573,10.599078341013826,0.4226981221921253,0.1408993740640419,0.0469664580213474,-3.1471108541700232,-0.9135036455997958,-2.2336072085702274,704.3162,730.0,0.0,50.68377685546875
1812.0,740,750.0,750.0,739,7681,ok,33.10964715786581,2.4390243902439024,13.193960511033682,0.0,0.1503710043758849,0.2754246108376096,-3.9338827360298874,-1.1778130169769965,-2.75606971905289,699.8432,725.0,0.0,40.15679931640625
1822.0,725,727.0,729.0,725,9772,ok,30.451069773637,5.405405405405405,5.405405405405406,0.2225382398239877,0.2225382398239879,0.17871285795634,-7.202468269565316,0.0070866644662572,-7.209554934031573,672.9171,747.0,-52.0828857421875,0.0
1826.0,743,736.0,745.0,736,4466,ok,53.728640244534965,76.92307692307692,47.09581376248044,1.0,0.9213113900984404,0.7669310539500889,-2.021756807257475,3.2717224005691907,-5.293479207826666,746.1936,743.0,0.0,0.0
1828.0,749,750.0,751.0,744,16206,ok,59.03440501049764,92.85714285714286,86.22303622303622,1.0,1.0000000000000002,0.9737704633661468,1.2367097684862074,4.413988451453188,-3.177278682966981,772.57715,753.0,23.5771484375,0.0
1840.0,675,673.0,687.0,673,17063,ok,28.26302348777915,14.705882352941176,14.70588235294118,0.1390570249849284,0.1322103810036045,0.0942789207410602,-17.851991485271924,-8.607657099152455,-9.24433438611947,601.95807,713.0,-73.04193115234375,0.0
1846.0,722,725.0,734.0,719,24397,ok,53.52196874468131,60.78431372549019,49.673202614379086,0.8067615390896322,0.6769057976115319,0.5353588746765195,-4.582345084994472,5.5571033798681295,-10.139448464862602,714.7187,730.0,-7.28131103515625,0.0
1849.0,726,722.0,728.0,720,30359,ok,55.01008733636877,89.1891891891892,67.9650238473768,1.0,0.8858860564073816,0.8259881012394777,1.388932708879565,6.655621996750669,-5.266689287871103,738.63513,764.0,12.6351318359375,0.0
1851.0,730,735.0,735.0,716,12535,ok,56.64365673961305,77.38095238095238,81.31703131703132,1.0,1.0000000000000002,0.9467497082775832,4.380403667079918,6.362301347553904,-1.981897680473986,738.2097,755.0,8.209716796875,0.0
1852.0,740,735.0,743.0,733,11175,ok,60.77330906034069,88.15789473684211,80.9732664995823,1.0,1.0000000000000002,0.9847876894751229,6.196401721409416,6.542639521506722,-0.3462378000973058,743.66705,745.0,3.66705322265625,0.0
1854.0,764,760.0,766.0,757,22863,ok,68.77949187501898,97.77777777777776,92.2111156444082,1.0,1.0000000000000002,1.0000000000000002,11.362397720049898,7.948129376430519,3.414268343619379,759.9006,710.0,0.0,4.09942626953125
1863.0,736,724.0,737.0,724,14728,ok,53.5964632821474,40.54054054054054,30.180180180180184,0.4277562874224529,0.3038147221365012,0.2203467609004179,0.8512594190671052,-2.38064720092036,3.2319066199874653,698.89136,726.0,0.0,37.108642578125
1864.0,752,740.0,754.0,740,37634,ok,59.410731995072304,62.16216216216216,42.34234234234234,0.646894300227733,0.4361989404918148,0.3192058272938562,3.186769295700856,-0.0361098594292879,3.222879155130144,724.2594,721.0,0.0,27.7406005859375
1865.0,738,757.0,758.0,733,33172,ok,53.13689892898236,43.24324324324324,48.64864864864865,0.4104354472478561,0.4950286782993475,0.4116807803092213,3.167201573479815,-0.0445420653202628,3.211743638800078,724.73645,720.0,0.0,13.2635498046875
1870.0,720,725.0,727.0,716,23380,ok,45.37799678918572,26.923076923076923,26.1800892948434,0.1824174277027514,0.1952848084624653,0.2588002487208903,-1.5225401551002733,-2.888925431576706,1.3663852764764326,704.8142,750.0,-15.185791015625,0.0
1882.0,870,830.0,875.0,828,83212,ok,84.98053878317566,96.875,90.15330188679243,1.0,1.0000000000000002,1.0000000000000002,26.99282589858717,14.892496731733118,12.100329166854053,817.9684,847.0,0.0,52.0316162109375
1900.0,660,627.0,659.0,594,40720,ok,34.075317786925254,22.448979591836736,7.482993197278916,0.0,1.8503717077085943e-16,0.0058597922337435,-36.56317865453764,-16.150991518664085,-20.412187135873552,690.36847,737.0,30.36846923828125,0.0
1901.0,725,670.0,726.0,670,8769,ok,46.13928807495765,50.775193798449614,24.40805779676212,0.5434727831412491,0.1811575943804165,0.0603858647934724,-30.023976701675792,-7.689431652641794,-22.334545049034,722.6928,744.0,-2.30718994140625,0.0
1912.0,765,750.0,765.0,744,43439,ok,53.76726433726717,89.52879581151832,82.02443280977313,1.0,0.8877230850825911,0.8545095308061649,2.0264699888471114,7.280090990530355,-5.253621001683244,738.5213,846.0,-26.47869873046875,0.0
1914.0,869,805.0,869.0,805,711,ok,68.54030957421026,100.0,96.50959860383944,1.0,1.0000000000000002,0.945687526357414,18.630665872773307,17.186475318472123,1.4441905543011844,771.9913,861.0,0.0,97.00872802734375
1916.0,865,885.0,886.0,857,69536,ok,66.30884352326723,64.84375,78.38541666666667,0.8618379335350074,0.9539459778450028,0.9846486592816678,31.387208481705443,19.78645528881195,11.600753192893494,774.6378,854.0,0.0,90.3621826171875
1926.0,824,824.0,824.0,810,47216,ok,53.75771817882056,27.624309392265197,34.05290654841744,0.0502304845509098,0.0862863102084857,0.2542537652307149,10.937076346945105,-8.01917184618772,18.956248193132826,802.0225,836.0,-21.97747802734375,0.0
1932.0,825,877.0,877.0,820,36200,ok,52.99286105252629,30.48780487804878,36.99186991869919,0.15924038492668,0.2977421436863392,0.2837625429766095,4.064064023065384,-4.5553554307305095,8.619419453795894,860.7827,817.0,0.0,-35.78271484375
1949.0,846,858.0,858.0,840,21968,ok,56.26053892989011,37.362637362637365,41.75824175824176,0.4514078057975387,0.6061373780229161,0.7761761070621237,6.505796028764621,0.4898648250194881,6.015931203745133,802.1244,856.0,-43.8756103515625,0.0
1954.0,856,839.0,864.0,853,28117,ok,60.806054934595736,35.61643835616438,36.4554794520548,0.6332811046794095,0.5384560780415907,0.427776882385183,5.243060576719017,-0.0724628136239511,5.315523390342968,820.4489,872.0,-35.55108642578125,0.0
1962.0,874,880.0,883.0,870,23447,ok,63.316935282577454,62.5,60.49107142857144,0.5201247901552037,0.5444822560422933,0.5861237470907134,8.519894796176459,0.5713781645830931,7.948516631593366,897.9749,880.0,23.97491455078125,0.0
1963.0,871,885.0,885.0,868,17676,ok,60.91183266513509,57.142857142857146,61.30952380952382,0.3672438891302637,0.4857635962406863,0.5218368988235561,7.642713540473778,-0.2446424728956708,7.887356013369449,904.06714,876.0,33.067138671875,0.0
1968.0,876,885.0,889.0,872,22147,ok,60.18499596328513,57.77777777777778,54.07407407407408,0.4304738605670631,0.4218465662712897,0.2611092832972803,5.006342661062263,-0.7805425339292169,5.78688519499148,914.6731,864.0,0.0,-38.673095703125
1977.0,859,860.0,874.0,859,18801,ok,47.162590426727135,53.84615384615385,38.95636527215475,0.0,2.220446049250313e-16,3.8857805861880484e-16,-1.3249394576095028,-2.6359279412492302,1.3109884836397276,878.769,903.0,19.76898193359375,0.0
1978.0,863,860.0,868.0,860,11214,ok,50.8179451347771,58.97435897435897,55.98290598290598,0.2294147216650791,0.0764715738883599,0.0254905246294536,-1.230138871216809,-2.0329018838852293,0.8027630126684202,892.5747,902.0,29.57470703125,0.0
1987.0,888,885.0,890.0,884,20507,ok,59.726368966828126,54.19847328244275,53.68956743002545,0.4758362986615304,0.4622033507091485,0.5618374454019626,6.170420008747442,0.7076332560738248,5.462786752673617,901.3337,883.0,0.0,-13.33367919921875
1988.0,880,890.0,890.0,875,34927,ok,53.27284878520049,48.09160305343512,52.162849872773535,0.2314178582407791,0.3943634851879469,0.4623434532196929,4.725807492091235,-0.5895834084659057,5.315390900557141,889.8941,887.0,9.89410400390625,0.0
1998.0,972,1000.0,1000.0,960,58491,ok,77.7019897068005,80.28169014084507,84.25631758747637,0.9135568911467588,0.9711856303822533,0.892005465667039,23.01152401919046,11.9377056310295,11.07381838816096,998.90155,1119.0,26.90155029296875,0.0
2007.0,1118,1070.0,1147.0,1057,164879,ok,66.54684428675132,64.6067415730337,63.55545760811228,0.1405800045060811,0.2907230621183834,0.4386440920393117,51.794050507468455,-0.3835179019237102,52.177568409392165,1100.0553,1227.0,-17.9447021484375,0.0
2011.0,1159,1064.0,1165.0,1064,110589,ok,68.63877887987945,70.07042253521126,60.75754941169652,0.2117447352283491,0.0991438736212349,0.0946171533274609,41.26045577686841,-5.25523100244866,46.51568677931707,1151.2964,1205.0,-7.70361328125,0.0
2024.0,1101,1080.0,1108.0,1048,240703,ok,42.65869456260218,10.557768924302788,47.2092425906798,0.0,0.1522867226180997,0.2557588185101882,38.861360572581816,-26.29041897747473,65.15177955005655,1186.8507,1096.0,0.0,-85.8507080078125
2032.0,1125,1182.0,1182.0,1120,67113,ok,45.974137160624,16.338582677165356,14.173228346456694,0.0912069883202266,0.0615682907226907,0.0316739053698898,-31.584192095729577,-20.27821922418723,-11.305972871542348,1092.2467,1117.0,0.0,32.7532958984375
2034.0,1132,1130.0,1147.0,1130,48737,ok,46.83195450547583,22.058823529411764,19.229581596418097,0.1739365166053957,0.1457353870963852,0.1087420624432039,-25.22750879015848,-8.513422356575276,-16.714086433583205,1103.2686,1109.0,0.0,28.7314453125
2036.0,1128,1180.0,1180.0,1115,79293,ok,46.38640420643892,24.022346368715084,23.36783875561397,0.1581147428319667,0.1633886674231099,0.1590540088177092,-21.45273000215093,-2.731347502096422,-18.721382500054503,1106.7705,1176.0,-21.2294921875,0.0
