date,adjclose,open,high,low,volume,other,RSI,stoch,stochsignal,rsidata,rsidata_k,rsidata_d,macd,macddiff,macdsignal,adjclose_5,true_adjclose_5,buy_profit,sell_profit
2019-12-25,1042.97,1043.49,1046.16,1040.86,225913000.0,ok,55.47127549668814,47.823779193205816,47.28492898171451,0.3447485529924032,0.4613568105013144,0.4688093503842083,1.873009152560826,-0.080791701865996,1.953800854426822,1158.6388,1038.22,0.0,-115.66879394531247
2019-12-26,1043.66,1042.2,1044.79,1042.11,284256000.0,ok,56.288205483662345,32.491103202847206,42.80952582883066,0.4001817700607606,0.4264189884878069,0.4564642100319442,1.923000595774738,-0.0246402069216671,1.9476408026964047,1157.3607,1036.01,0.0,-113.70071777343742
2019-12-29,1035.01,1042.96,1042.96,1032.74,118485000.0,ok,45.11418632368496,7.594513215122028,29.30313187039164,0.0,0.2483101076843883,0.3786953022245027,0.9489699739035586,-0.7989366630342774,1.747906636937836,1153.4431,1052.75,118.43311523437501,0.0
2019-12-30,1032.8,1036.75,1036.75,1028.17,126595000.0,ok,42.77766405957334,13.4358676726636,17.840494696877567,0.0,0.1333939233535872,0.2693743398419271,0.006579174242006,-1.393061970156664,1.39964114439867,1147.032,1078.62,114.23198242187505,0.0
2019-12-31,1034.84,1033.25,1036.68,1031.68,96873700.0,ok,45.579495077170094,19.35577481137504,13.462051899720176,0.1253605678134652,0.0417868559378221,0.1411636289919321,-0.4184460495794155,-1.4544697551824686,1.036023705603053,1139.8989,1097.64,105.05892578125008,0.0
2020-01-01,1038.22,1034.32,1038.22,1033.19,82437000.0,ok,49.9520369654226,34.20694349897888,22.33286199433913,0.5082422063639024,0.2112009247257895,0.1287939013390658,-0.3264030919849574,-1.0899414380704084,0.7635383460854509,1134.565,1086.43,96.34494140624997,0.0
2020-01-02,1036.01,1036.75,1038.22,1035.2,114475000.0,ok,47.27728102761543,40.93994778067872,31.500888697010836,0.3330449037386011,0.3222158926386566,0.1917345577674223,-0.5002646745865604,-1.011042416537609,0.5107777419510486,1131.2556,1085.01,95.24561523437501,0.0
2020-01-05,1052.75,1034.45,1057.37,1031.79,211739000.0,ok,63.30535945060693,84.1780821917811,53.108324490479525,1.0,0.6137623700341682,0.3823930624662043,1.2518869392836225,0.5928873578660588,0.6589995814175634,1134.3169,1112.31,81.56689453125,0.0
2020-01-06,1078.62,1054.07,1078.62,1054.07,373372000.0,ok,75.63359222360137,100.0,75.03934332415322,1.0,0.7776816345795341,0.5712199657507858,5.306784673829043,3.718228073929184,1.5885565998998592,1145.4199,1127.12,66.79992187500011,0.0
2020-01-07,1097.64,1079.27,1098.34,1079.27,579964000.0,ok,80.7533750455528,99.00242268775855,94.39350162651316,1.0,1.0000000000000004,0.7971480015379004,10.092472374901718,6.803132620001486,3.2893397549002312,1163.2471,1116.76,65.6070703124999,0.0
2020-01-08,1086.43,1097.98,1102.73,1085.06,272283000.0,ok,71.25102681765647,78.13841201716743,92.38027823497528,0.7497782666556376,0.9165927555518796,0.8980914633771376,11.90634356638634,6.8936030491888864,5.012740517197454,1181.0594,1143.92,94.62944824218744,0.0
2020-01-09,1085.01,1087.07,1090.68,1080.51,143764000.0,ok,70.12535256628107,76.23390557939909,84.45824676144164,0.7201363133610438,0.8233048600055609,0.9132992051858132,12.708616400835352,6.15670070691032,6.551915693925034,1195.6841,1163.3,110.67408203125001,0.0
2020-01-12,1112.31,1085.46,1112.31,1085.46,357041000.0,ok,77.4887750407717,100.0,84.7907725321888,0.9140345257528852,0.7946497019231894,0.8448491058268762,15.982814498705466,7.544719043824344,8.438095454881122,1209.2107,1181.24,96.90069335937505,0.0
2020-01-13,1127.12,1112.95,1138.09,1112.95,554586000.0,ok,80.32230751453298,90.02001455604072,88.75130671181323,0.9886488621324574,0.874273233748796,0.8307425985591816,19.497375788623003,8.847424266993505,10.649951521629498,1222.9056,1165.36,95.78563964843761,0.0
2020-01-14,1116.76,1128.12,1128.94,1113.19,244485000.0,ok,73.36549501039512,80.59497816593891,90.20499757399315,0.8054577559354912,0.902713714606945,0.8572122167596431,20.2946681424271,7.71577329663808,12.57889484578902,1234.0013,1170.03,117.24134277343751,0.0
2020-01-15,1143.92,1118.41,1149.24,1118.41,382533000.0,ok,78.59871185007873,95.60584785661192,88.7402801928638,0.9432620709518894,0.9124562296732798,0.8964810593430065,23.362557469935386,8.62693009931709,14.735627370618293,1244.2966,1161.41,100.37663085937493,0.0
2020-01-16,1163.3,1145.33,1168.56,1145.33,614117000.0,ok,81.40610460272097,96.25329439418763,90.81804013891276,1.0,0.916239942295794,0.9104699621920056,27.06004743784388,9.859536053780468,17.20051138406341,1255.286,1140.19,0.0,-91.98601074218755
2020-01-19,1181.24,1163.3,1182.64,1163.3,636986000.0,ok,83.55646737878718,99.07260201377842,96.9772480881926,1.0,0.9810873569839634,0.936594509651012,30.941520812253884,10.992807542552375,19.948713269701507,1267.3824,1121.73,0.0,-86.14244628906249
2020-01-20,1165.36,1179.34,1201.76,1158.9,619801000.0,ok,75.25956815871804,78.58445608048474,91.30345082948357,0.7713041538540137,0.9237680512846717,0.9403651168548092,31.09657596462989,8.918290155942707,22.178285808687185,1277.9634,1139.74,0.0,-112.6033789062501
2020-01-21,1170.03,1166.52,1180.71,1162.32,384523000.0,ok,76.01387307400125,81.33199976466435,86.3296859529758,0.7920958250889132,0.8544666596476427,0.9197740226387588,30.954846786899,7.021248782569447,23.93359800432955,1285.9373,1138.62,0.0,-115.90725585937503
2020-01-22,1161.41,1175.07,1176.75,1161.4,892202000.0,ok,71.67023568224478,76.26051656174624,78.72565746896505,0.4130577083142097,0.6588192290857127,0.812351313339342,29.134766200148988,4.160934556655548,24.97383164349344,1291.4963,1130.67,0.0,-130.08633789062492
2020-01-23,1140.19,1162.69,1165.61,1138.43,432924000.0,ok,62.24130979557015,58.3113277811633,71.9679480358579,0.0,0.4017178444677081,0.6383345777336874,24.799284159923214,-0.1396379868561794,24.9389221467794,1292.2172,1148.92,152.02716308593745,0.0
2020-01-26,1121.73,1141.29,1142.3,1120.98,326338000.0,ok,55.4117003787485,34.66405420850685,56.41196618380542,0.0,0.1376859027714036,0.399407658774941,19.138474745448093,-4.640357921065046,23.77883266651314,1287.2719,1175.96,165.54185058593748,0.0
2020-01-27,1139.74,1121.74,1139.75,1118.73,246998000.0,ok,60.020817583409055,48.84948453608249,47.27495550858416,0.1637646246868636,0.0545882082289549,0.1979973184893551,16.75338490962713,-5.620358205508808,22.373743115135937,1279.6927,1172.6,139.9527490234375,0.0
2020-01-28,1138.62,1139.87,1150.51,1137.6,372122000.0,ok,59.60815837704433,47.92577319587621,43.81310398015514,0.1491026022098558,0.1042890756322402,0.0988543955441991,14.566325642648737,-6.245933977989765,20.8122596206385,1271.8851,1158.62,133.2651318359376,0.0
2020-01-29,1130.67,1139.37,1142.25,1130.45,238882000.0,ok,56.63180934941546,38.87360275150478,45.21628682782111,0.0433511839222294,0.1187394702729834,0.0925389180447257,11.811288973067576,-7.200776518056742,19.01206549112432,1264.0269,1162.39,133.35685546874993,0.0
2020-01-30,1148.92,1131.17,1152.39,1131.16,366099000.0,ok,61.39699368388083,40.50219569868264,42.43385721535449,0.2126609648295936,0.13503825032056,0.1193555987419274,11.642713276244422,-5.895481771903917,17.53819504814834,1258.1265,1153.81,109.20646484374993,0.0
2020-02-02,1175.96,1149.46,1178.15,1149.46,587905000.0,ok,67.15538392672472,70.87049791125666,50.08209878714797,0.4172599314096327,0.2244240267204857,0.1594005824380092,14.243137158039644,-2.636046312086957,16.879183470126602,1256.9136,1141.42,0.0,-80.95357421874996
2020-02-03,1172.6,1177.99,1183.17,1170.89,441261000.0,ok,65.84108480763653,65.01499700059975,58.79589687017963,0.3705621165339087,0.3334943375910454,0.2309855382106966,15.31594534402052,-1.250590500884865,16.566535844905385,1259.254,1142.21,0.0,-86.65402832031259
2020-02-04,1158.62,1177.17,1177.17,1156.59,339622000.0,ok,60.53277185305912,48.04287606889063,61.309456993582295,0.1819546587222981,0.3232589022219469,0.2937257555111589,14.126135069043812,-1.9523206206892605,16.078455689733072,1262.3788,1156.69,0.0,-103.75878417968761
2020-02-05,1162.39,1161.09,1163.89,1157.64,345625000.0,ok,61.43572166547454,52.58340358906431,55.21375888618485,0.2140369926216748,0.255517922625961,0.3040903874796507,13.373645617972445,-2.1638480574085044,15.537493675380947,1264.9998,1153.71,0.0,-102.6097558593749
2020-02-06,1153.81,1160.87,1164.11,1152.74,260566000.0,ok,58.17371811710488,42.24978923280735,47.62535629692072,0.1340643911305932,0.1766853474915225,0.251820724113143,11.5698591920966,-3.1741075866274784,14.74396677872408,1265.7578,1144.77,0.0,-111.94781250000005
2020-02-09,1141.42,1152.48,1153.64,1140.02,276963000.0,ok,53.73658715127115,35.21104903786473,43.34808061991208,0.0,0.1160337945840898,0.1827456882338573,8.660454769464195,-4.866809607407909,13.527264376872104,1263.9447,1149.92,122.52470214843743,0.0
2020-02-10,1142.21,1142.75,1147.36,1136.43,231984000.0,ok,53.97762482211341,36.436995654872746,37.96594464184823,0.0134405260829074,0.049168305737834,0.1139624826044816,6.522954063213092,-5.603448250927212,12.126402314140304,1260.2255,1191.04,118.01546386718746,0.0
2020-02-11,1156.69,1143.38,1157.76,1141.59,462156000.0,ok,58.269320017400034,58.907510862818135,43.5185185185185,0.337789813943707,0.1170767800088719,0.0940929601102648,6.493004091898229,-4.506718577793661,10.99972266969189,1257.6534,1198.57,100.96344238281245,0.0
2020-02-12,1153.71,1157.01,1164.48,1151.85,347190000.0,ok,57.08941294539637,54.28305400372437,49.875853507138366,0.2498603898866985,0.2003635766377714,0.122202887461492,5.980865739090632,-4.015085544481005,9.995951283571635,1256.4088,1194.82,102.69881347656246,0.0
2020-02-13,1144.77,1154.39,1156.81,1143.46,314636000.0,ok,53.5839262385264,40.40968342644311,51.2000827643285,0.0,0.1958834012768022,0.1711079193078148,4.485785748529906,-4.408132428033385,8.893918176563291,1255.2949,1202.72,110.52492187500002,0.0
2020-02-16,1149.92,1144.77,1149.92,1138.73,312641000.0,ok,55.28717941684979,36.93095599393023,43.87456447469919,0.1255025965121302,0.1251209954662766,0.173789324460283,3.913612279783592,-3.984244717423759,7.897856997207351,1253.8845,1288.74,103.96452148437493,0.0
2020-02-17,1191.04,1150.56,1191.79,1150.56,695490000.0,ok,66.01156714905235,98.77730681447667,58.70598207828329,0.9157189445709264,0.3470738470276859,0.2226927479235878,7.990292047569255,0.0739480402895225,7.916344007279733,1257.1362,1293.5,66.09623046875004,0.0
2020-02-18,1198.57,1192.38,1214.91,1189.61,720533000.0,ok,67.54663213711889,80.4895522388058,72.06593834907086,1.0,0.6804071803610192,0.3842006742849935,11.4481128241232,2.8254150534747744,8.622697770648426,1265.1415,1306.39,66.57147949218756,0.0
2020-02-19,1194.82,1197.19,1201.02,1187.28,366268000.0,ok,65.94918665788279,74.40112130479085,84.55599345269106,0.8855919840439287,0.9337703095382852,0.6537504456423298,13.139368846824029,3.61333686094048,9.526031985883549,1274.9019,1356.86,80.08185546875006,0.0
2020-02-20,1202.72,1194.6,1202.72,1193.01,476004000.0,ok,67.68311954268364,84.46738022426089,79.78601792261914,1.0,0.96186399468131,0.8586804948602044,14.861981187288166,4.268759361123694,10.593221826164472,1284.9694,1440.15,82.24936035156247,0.0
2020-02-23,1288.74,1206.46,1291.94,1206.46,1261360000.0,ok,79.76553124967866,97.94225451739436,85.60358534881532,1.0,0.96186399468131,0.952499432966968,25.243738331626677,11.72041320436976,13.523325127256912,1300.6661,1414.91,11.926137695312491,0.0
2020-02-24,1293.5,1295.13,1330.01,1290.28,1498800000.0,ok,80.20653096818674,81.13958053517925,87.84973842561145,1.0,1.0000000000000002,0.9745759964542065,32.32683615162296,15.042808819492834,17.284027332130123,1320.8699,1319.51,27.369873046875,0.0
2020-02-25,1306.39,1298.08,1305.91,1268.09,732771000.0,ok,81.389402219427,87.7983262733754,88.96005377531628,1.0,1.0000000000000002,0.987287998227103,37.85782140614833,16.459035259214566,21.39878614693377,1340.7561,1342.14,34.3661035156249,0.0
2020-02-26,1356.86,1307.4,1356.86,1307.4,1278650000.0,ok,85.1351681304528,100.0,89.64596893618483,1.0,1.0000000000000002,1.0,46.354729201717646,19.964754443827104,26.389974757890545,1362.0093,1281.18,0.0,-5.1492773437501
2020-02-27,1440.15,1358.2,1434.36,1320.56,2033380000.0,ok,89.05149791809806,101.9434095257276,96.58057859970096,1.0,1.0000000000000002,0.9999999999999996,60.33901782083444,27.15923445035512,33.17978337047932,1387.8925,1266.93,0.0,52.25754394531259
2020-03-01,1414.91,1450.45,1483.16,1414.91,2459200000.0,ok,82.00100319522055,80.18465290479924,94.04268747684225,0.8012129280635694,0.9337376426878568,0.9779125475626188,65.71287124094397,26.026470296371716,39.686400944572256,1415.8882,1183.57,0.0,-0.9781835937499181
2020-03-02,1319.51,1415.47,1416.03,1319.51,1055080000.0,ok,62.01524829004127,52.48671718491418,78.2049265384803,0.2377191798662399,0.6796440359766035,0.8711272262214864,57.20558789581128,14.015349560991211,43.19023833482007,1434.1201,1252.03,0.0,-114.61011718750001
2020-03-03,1342.14,1315.92,1370.0,1263.45,1597650000.0,ok,64.24163165280913,59.05699271259763,63.90945426743696,0.3004915450814824,0.4464745510037642,0.686618743222741,52.42597007952668,7.38858539576529,45.03738468376139,1444.0007,1211.61,0.0,-101.8607324218749
2020-03-04,1281.18,1343.55,1343.55,1279.59,1157290000.0,ok,54.905782439805854,41.35818598844468,50.96729862865212,0.0,0.1794035749825745,0.4351740539876469,41.053741216921935,-3.186914773471564,44.2406559903935,1444.9729,1154.61,0.0,-163.79290039062494
2020-03-05,1266.93,1283.29,1291.92,1244.05,880820000.0,ok,52.967998218126255,34.98797354179196,45.13438408094471,0.0,0.1001638483604945,0.2420139914489439,30.5944535781598,-10.916961929786964,41.511415507946765,1438.0804,1155.71,0.0,-171.15044433593744
2020-03-10,1183.57,1266.09,1266.09,1183.57,556745000.0,ok,43.33332717102829,0.0,25.448719843412164,0.0,4.070817756958907e-16,0.093189141114356,13.345700307456127,-22.53257216039251,35.87827246784864,1422.3651,1122.55,0.0,-238.79511230468756
2020-03-11,1252.03,1184.06,1252.03,1179.92,910450000.0,ok,51.186219567006354,23.77984434771135,19.589272629834387,0.171767423491706,0.057255807830569,0.0524732187303542,8.697779520119184,-21.74439435818357,30.44217387830275,1403.8632,1106.74,0.0,-151.83315917968753
2020-03-12,1211.61,1252.22,1258.12,1207.35,855408000.0,ok,47.041218969886025,10.450468275952984,11.410104207888065,0.0811032405336426,0.0842902213417833,0.0471820097241171,0.7785310864016992,-23.73091423352084,24.50944531992254,1384.8054,1120.39,0.0,-173.1954199218751
2020-03-15,1154.61,1199.35,1199.35,1153.03,866548000.0,ok,41.88962903088313,0.4785993396540535,11.56963732110608,0.0,0.0842902213417833,0.0752787501713781,-11.049061190894465,-28.446805208653608,17.397744017759145,1363.3728,1093.26,0.0,-208.7628027343751
2020-03-16,1155.71,1154.47,1174.75,1132.9,657975000.0,ok,42.02158576701728,6.512305144749599,5.813790920118831,0.0027979539243815,0.0279670648193418,0.0655158358343023,-18.83112347665724,-28.983093995533107,10.151970518875869,1340.3118,1067.15,0.0,-184.60176757812496
2020-03-17,1122.55,1156.48,1159.49,1115.53,639602000.0,ok,39.13645240414149,1.9095286021271327,2.966811028843548,0.0,0.0009326513081275,0.0377299791564171,-27.43079311924248,-30.06621091049468,2.6354177912521983,1316.598,1041.5,0.0,-194.04802246093755
2020-03-18,1106.74,1122.27,1134.32,1084.19,536673000.0,ok,37.803758334475965,5.652054039150801,4.691295928675797,0.0,0.0009326513081275,0.0099441224785318,-34.4556068691968,-29.6728197283592,-4.782787140837602,1292.6271,1016.28,0.0,-185.8870751953125
2020-03-19,1120.39,1099.09,1129.02,1068.16,681334000.0,ok,39.71256218013706,12.585542168674705,6.715708269984165,0.0372465958727108,0.0124155319575706,0.0047602781912748,-36.94484583535768,-25.729646955616065,-11.215198879741616,1270.6293,1090.0,0.0,-150.2392724609374
2020-03-22,1093.26,1119.22,1125.43,1089.98,94927000.0,ok,37.26464895270247,6.048192771084316,8.095262992969893,0.0,0.0124155319575706,0.0085879050744225,-40.76802719874422,-23.64226265520208,-17.12576454354214,1249.7892,1172.3,156.5291845703125,0.0
2020-05-12,1067.15,1092.87,1092.87,1067.15,2991530.0,ok,35.02689897036211,0.0,6.211244979919626,0.0,0.0124155319575706,0.0124155319575702,-45.30570746975855,-22.543954340973123,-22.761753128785426,1228.8535,1085.17,161.7035156249999,0.0
2020-05-13,1041.5,1066.64,1066.64,1041.5,1607240.0,ok,32.93456212572485,0.0,2.016064257028058,0.0,4.070817756958907e-16,0.0082770213050468,-50.17420969491013,-21.92996525289977,-28.24424444201037,1207.038,1088.52,165.5379638671875,0.0
2020-06-29,1016.28,1033.88,1033.88,973.22,157412000.0,ok,30.97531999622342,11.627467393945928,3.875822464648595,0.0,4.070817756958907e-16,0.0041385106525233,-55.10344062353556,-21.48735694522016,-33.616083678315405,1184.4738,1109.81,168.19375488281253,0.0
2020-06-30,1090.0,1014.44,1090.0,1011.73,52980700.0,ok,41.86254421142,36.642610605585176,16.090025999843654,0.4950385808106731,0.1650128602702248,0.0550042867567414,-48.959614089658544,-12.274824329074503,-36.68478976058404,1167.3757,1135.64,77.375732421875,0.0
2020-07-01,1172.3,1093.8,1172.3,1093.8,111282000.0,ok,51.129888308740206,67.97555229282617,38.74854343078571,0.9972128277581676,0.497417136189614,0.2208099988199459,-34.358706508468,1.860866601692834,-36.21957311016084,1162.4536,1124.85,0.0,9.846386718749955
2020-07-02,1085.17,1185.81,1199.45,1085.17,170150000.0,ok,43.26659390537007,39.29448929448933,47.97088406430018,0.6081507587576667,0.7001340557755028,0.4541880174117801,-33.09699987188014,2.49805859062456,-35.5950584625047,1164.9558,1124.47,79.78581054687493,0.0
2020-07-05,1088.52,1085.43,1101.41,1068.44,329606000.0,ok,43.62557665596567,40.47034047034048,49.24679401921861,0.6276620001771975,0.744341862231011,0.6472976847320422,-31.03527676826684,3.647825355390289,-34.68310212365713,1167.8453,1123.34,79.32533691406252,0.0
2020-07-06,1109.81,1089.08,1109.81,1078.96,257217000.0,ok,45.96560208698031,60.37660787693936,46.71381254725634,0.743765971978042,0.6598595769709691,0.7014451649924939,-26.47802927025623,6.564058282720723,-33.04208755297695,1170.9155,1124.53,61.105527343750055,0.0
2020-07-07,1135.64,1111.15,1145.86,1111.15,349152000.0,ok,48.745348495922784,71.79419175175708,57.54704669967892,0.8816873784720791,0.7510384502091066,0.7184132964703619,-19.803561141501632,10.59082112918026,-30.39438227068189,1176.5117,1128.62,0.0,-40.8717187499999
2020-07-08,1124.85,1135.85,1139.66,1116.56,241195000.0,ok,47.64275990334965,67.02470936657379,66.39850299842335,0.8269807444486464,0.8174780316329229,0.7427920196043325,-15.89902611072057,11.59628492796906,-27.49531103868963,1183.4587,1153.0,58.60874023437509,0.0
2020-07-09,1124.47,1126.73,1129.49,1109.03,238252000.0,ok,47.60192310843167,66.85673871723466,68.55854661185514,0.8249545638684043,0.844540895596377,0.8043524591461351,-12.849248160780236,11.716850302327517,-24.56609846310775,1190.3015,1193.99,65.83151367187497,0.0
2020-07-12,1123.34,1125.99,1141.07,1121.95,298823000.0,ok,47.47161594741925,66.35724704946288,66.7462317110904,0.8184891730452489,0.8234748271207669,0.8284979181166885,-10.549049870431643,11.213638874140884,-21.76268874457253,1196.5342,1282.86,73.19417968750008,0.0
2020-07-13,1124.53,1126.94,1134.54,1117.09,268116000.0,ok,47.63418760404207,66.88326039870925,66.69908205513555,0.8265554165937072,0.8233330511691205,0.830449591295421,-8.566096734624352,10.557273607958544,-19.12337034258289,1201.7417,1286.0,77.21169921875003,0.0
2020-07-14,1128.62,1127.76,1131.77,1123.25,270583000.0,ok,48.22726710168535,68.69115501922815,67.31055415580005,0.8559819708342644,0.8336755201577405,0.8268277994825421,-6.529213165803867,10.07532574142322,-16.604538907227088,1206.1193,1265.25,77.49926269531261,0.0
2020-07-15,1153.0,1128.62,1159.02,1128.62,478374000.0,ok,51.73624964814636,79.46779825840956,71.6807378921156,1.0,0.8941791291426576,0.8503959001565057,-2.2508933363526467,11.482916456699554,-13.7338097930522,1211.8086,1243.74,58.80859375,0.0
2020-07-16,1193.99,1153.6,1196.13,1153.6,468082000.0,ok,57.01169728263339,97.58652698581088,81.91516008781615,1.0,0.9519939902780884,0.8932828798594951,5.316979467622332,15.240631408539626,-9.923651940917294,1221.2147,1246.73,27.22472167968749,0.0
2020-07-19,1282.86,1211.4,1282.86,1211.4,10514400.0,ok,65.7521432773288,100.0,92.35144174807344,1.0,1.0000000000000002,0.9487243731402484,20.292250061293544,24.17272160176867,-3.880471540475126,1237.6453,1263.23,0.0,45.2147363281249
2020-07-20,1286.0,1349.11,1378.83,1274.98,1501150000.0,ok,66.01506645446017,70.09246431908245,89.2263304349644,1.0,1.0000000000000002,0.9839979967593626,30.49336923565147,27.49907262090128,2.9942966147501937,1263.1833,1261.98,0.0,22.816650390625
2020-07-21,1265.25,1295.68,1299.89,1260.27,838902000.0,ok,62.59519631011079,63.40732626695448,77.83326352867893,0.8496659440773673,0.9498886480257894,0.9832962160085962,34.48751658494484,25.19457597615572,9.292940608789124,1286.7603,1254.36,0.0,-21.51025390625
2020-07-22,1243.74,1267.02,1274.74,1242.04,498373000.0,ok,59.17305800513442,56.47733496568834,63.32570851724171,0.6944098096515885,0.8480252512429857,0.9326379664229246,34.00735878729688,19.771534542806204,14.235824244490676,1304.0287,1233.49,0.0,-60.28868652343749
2020-07-23,1246.73,1246.02,1247.29,1223.13,417383000.0,ok,59.50447823333751,55.94757728348953,58.61074617204407,0.6752737079758192,0.739783153901592,0.8458990177234552,33.16793219170586,15.145686357772146,18.022245833933717,1315.2905,1238.53,0.0,-68.56052734374998
2020-07-26,1263.23,1248.68,1263.26,1248.34,521503000.0,ok,61.36817325120597,57.15344699777615,56.52611974898463,0.7494051497325277,0.7063628891199789,0.7647237647548518,33.60195992335366,12.463771271535958,21.138188651817703,1323.4336,1197.04,0.0,-60.20359374999998
2020-07-27,1261.98,1266.68,1272.98,1257.34,580084000.0,ok,61.13861432278444,56.690140845070445,56.597055042112,0.7370256344781061,0.7205681640621514,0.722238069027907,32.93346156687949,9.436218332049425,23.497243234830066,1330.0054,1204.09,0.0,-68.02537109374998
2020-07-28,1254.36,1264.42,1265.91,1250.04,464769000.0,ok,59.67320154653466,53.86582653817641,55.90313812700762,0.6579997392870593,0.7148101744992315,0.7139137425604535,30.81145130643131,5.851366457280996,24.960084849150316,1334.725,1179.91,0.0,-80.3649755859376
2020-07-29,1233.49,1250.28,1250.28,1232.88,519466000.0,ok,55.73308026875965,44.47161305111946,51.67586014478872,0.4455192585761498,0.6135148774471054,0.6829644053361624,26.26471702003641,1.0437057367088798,25.22101128332753,1336.6204,1187.83,0.0,-103.13036132812499
2020-07-30,1238.53,1234.23,1242.75,1222.15,399293000.0,ok,56.480402482709536,46.39718804920916,48.24487587950163,0.4812726829145199,0.5282638935925767,0.6188629818463041,23.032784253639196,-1.7505816237506728,24.783365877389866,1336.3353,1220.76,0.0,-97.80532714843753
2020-08-02,1197.04,1240.28,1240.28,1197.13,630190000.0,ok,49.127617391881,28.87158619610297,39.91346243214381,0.0506161707999708,0.3258027040968805,0.4891938250455205,15.619650878015364,-7.330971999499603,22.950622877514967,1333.111,1214.21,136.07096191406254,0.0
2020-08-03,1204.09,1195.95,1213.68,1183.07,379183000.0,ok,50.31131816397302,30.16266336277528,35.14381253602909,0.0700935213900945,0.2006607917015287,0.3515757964636616,10.892184571953976,-9.64675064444879,20.538935216402766,1326.9014,1218.02,122.81136718750008,0.0
2020-08-06,1179.91,1191.03,1191.18,1164.34,304010000.0,ok,46.32960211241616,11.681392354482162,23.57188063778676,0.0,0.0402365640633554,0.1889000199539211,4.668203309196997,-12.696585525764617,17.36478883496161,1317.191,1201.73,137.28104003906242,0.0
2020-08-09,1187.83,1181.68,1187.83,1159.07,306645000.0,ok,47.787191548926735,13.087004004368398,18.310353240541897,0.0740439448714181,0.0480458220871712,0.0963143926173513,1.1299396384217744,-12.98787935723187,14.117818995653645,1306.1072,1182.37,0.0,-118.27717773437507
2020-08-10,1220.76,1190.27,1220.76,1190.14,511305000.0,ok,53.44813381316685,28.07153258099748,17.613309646615964,0.3616136036754286,0.1452191828489493,0.0778338563331582,2.31472180088781,-9.44247775581267,11.75719955670048,1297.6549,1188.96,0.0,-76.89490722656251
2020-08-11,1214.21,1224.06,1233.33,1211.82,379621000.0,ok,52.235003233520445,39.156369833830446,26.77163547306539,0.3630608909412774,0.266239479829375,0.1531681615884981,2.348899053929017,-7.52664040221717,9.875539456146187,1292.4479,1188.49,0.0,-78.23787597656246
2020-08-12,1218.02,1216.76,1218.77,1203.42,284965000.0,ok,52.90461292987455,50.9639491657301,39.39728386018596,0.4372098091486301,0.3872947679217791,0.2662511435333674,2.737863597909609,-5.710140686589263,8.448004284498872,1290.1824,1173.38,0.0,-72.16237304687502
2020-08-13,1201.73,1224.05,1224.05,1200.51,361174000.0,ok,49.69671559448447,37.45061890966557,42.52364596974199,0.2238984974698381,0.3413897325199156,0.3316413267570228,1.1291757863923522,-5.855062798485216,6.984238584877568,1289.642,1178.8,0.0,-87.91196777343748
2020-08-16,1182.37,1199.03,1199.03,1172.41,541408000.0,ok,46.117700606292985,20.454744974102308,36.28977101649928,0.0,0.2203694355394898,0.3163513119937277,-2.161995436048983,-7.316987216741241,5.154991780692258,1288.1056,1183.6,105.73559082031261,0.0
2020-08-17,1188.96,1182.81,1188.96,1175.42,376680000.0,ok,47.50359500043717,26.240014046176874,28.04845930998154,0.0922643202871616,0.1053876059190002,0.2223822579928014,-3.651768245735639,-7.045408021142318,3.393639775406679,1284.9202,1199.67,95.96016601562496,0.0
2020-08-18,1188.49,1193.71,1197.01,1184.62,326766000.0,ok,47.40993578592371,27.536503182328747,24.743754067535928,0.0953292088081019,0.0625311763650882,0.1294294059411923,-4.643789737722955,-6.429943610503708,1.7861538727807529,1280.9381,1201.59,92.44811035156249,0.0
2020-08-19,1173.38,1187.59,1187.59,1171.18,270963000.0,ok,44.38046236979616,15.689069181011035,23.15519546983884,0.0,0.0625311763650882,0.0768166528830584,-6.893859170758105,-6.944010434831086,0.050151264072981,1275.5676,1224.53,102.18762695312489,0.0
2020-08-20,1178.8,1174.4,1185.32,1174.4,122999000.0,ok,45.72030768342841,23.577915869980885,22.267829411106845,0.1107315657043905,0.0686869248374978,0.0645830925225576,-7.677021762220647,-6.181738421034902,-1.495283341185745,1269.5204,1220.47,90.72038574218755,0.0
2020-08-23,1183.6,1180.86,1185.88,1175.98,166629000.0,ok,46.93937114438314,30.205639699544346,23.15754158351204,0.2822013116121213,0.1309776257721709,0.0873985756582518,-7.495578078238623,-4.800235789642303,-2.6953422885963203,1264.1028,1213.03,80.50278320312509,0.0
2020-08-24,1199.67,1185.67,1199.67,1185.67,529781000.0,ok,50.914078922251086,54.67277134392693,36.15210897115068,0.7205396218046267,0.3711574997070466,0.190274016772238,-5.39950397380062,-2.1633293481634395,-3.2361746256371804,1262.2542,1217.97,62.58415039062493,0.0
2020-08-25,1201.59,1203.59,1209.34,1198.92,344977000.0,ok,51.3826699319832,57.258281712900605,47.378897585457246,0.7722167268539815,0.5916525534235769,0.3645958929675977,-3.603711902243731,-0.2940298212852403,-3.3096820809584906,1263.6598,1237.76,62.06979003906258,0.0
2020-08-26,1224.53,1206.09,1230.73,1203.65,688202000.0,ok,56.7011794628708,88.14974414220313,66.69359906634351,1.0,0.830918782886203,0.5979096120056083,0.2756927867894774,2.868299894198375,-2.592607107408897,1270.303,1234.8,45.77297851562503,0.0
2020-08-27,1220.47,1230.71,1236.82,1218.61,503463000.0,ok,55.54307937587807,75.09140767824506,73.49981117778287,0.9060038406657605,0.8927401891732476,0.7717705084943421,2.499832009163356,4.073951293257803,-1.574119284094447,1279.6799,1226.66,59.20993164062497,0.0
2020-08-30,1213.03,1221.35,1221.35,1207.31,225458000.0,ok,53.39102211942196,63.75685557586836,75.66600246543881,0.7313340353128128,0.8791126253261914,0.8675905324618802,3.149117594775589,3.7785895030960286,-0.6294719083204395,1288.4471,1209.3,0.0,-75.41714355468753
2020-08-31,1217.97,1214.67,1218.87,1211.37,617248000.0,ok,54.64752519322163,71.28275441803787,70.04367255738372,0.8333169851937023,0.8235516203907589,0.8651348116300656,4.069139293599619,3.758888961536047,0.3102503320635722,1296.2793,1206.45,0.0,-78.30929687499997
2020-09-02,1237.76,1232.21,1242.63,1227.22,839193000.0,ok,59.372676473577854,93.18404478656387,76.07455159349,1.0,0.854883673502172,0.8525159730730403,6.80361999171032,5.194695727717399,1.608924263992922,1305.2073,1204.56,0.0,-67.44727539062501
2020-09-03,1234.8,1248.14,1248.14,1228.09,543101000.0,ok,58.39272611081318,82.66632016631999,82.37770645697385,0.9346360480192524,0.9226510110709852,0.8670287683213048,8.19724565974434,5.270657116601134,2.9265885431432057,1314.0372,1208.39,0.0,-79.23723144531255
2020-09-06,1226.66,1258.77,1258.77,1223.05,682923000.0,ok,55.67148135122669,63.34056399132329,79.730309648069,0.7531255159024469,0.8959205213072333,0.8911517352934629,8.053894376910193,4.10184466701359,3.952049709896603,1321.9384,1214.21,0.0,-95.27835449218742
2020-09-07,1209.3,1228.29,1228.61,1207.46,403755000.0,ok,50.28889565972136,43.52094988012322,63.17594467925545,0.3941001141675824,0.6939538926964275,0.8375084750248817,5.827036838730919,1.4999897030674525,4.3270471356634665,1324.9073,1228.89,115.60734863281255,0.0
2020-09-08,1206.45,1213.11,1213.11,1197.15,319632000.0,ok,49.443715877280205,40.26715378467864,49.04288921870833,0.3377255335625763,0.4949837212108688,0.6949527117381762,3.82693689039138,-0.400088196217669,4.227025086609049,1322.993,1225.89,116.54304199218745,0.0
2020-09-09,1204.56,1207.08,1207.26,1198.61,405698000.0,ok,48.85729683626721,35.74730354391359,39.84513573623843,0.2297761803140144,0.3205339426813914,0.5031571855295621,2.139659472023368,-1.669892491668545,3.809551963691913,1317.651,1221.31,113.09100097656255,0.0
2020-09-10,1208.39,1208.91,1220.4,1205.85,313037000.0,ok,50.14763742736574,39.147240004831616,38.38723244447456,0.2580380838431793,0.275179932573257,0.3635658654885053,1.3458711464350015,-1.970944653805529,3.316815800240531,1311.1743,1249.37,102.7843164062499,0.0
2020-09-13,1214.21,1208.36,1214.21,1203.37,590714000.0,ok,52.12435320475353,39.04240766073871,37.97898373649459,0.3106931448194365,0.2661691363255438,0.287294337193397,1.410514497968279,-1.5250410418178015,2.9355555397860806,1305.422,1268.79,91.21199707031246,0.0
2020-09-14,1228.89,1215.75,1234.35,1215.75,769664000.0,ok,56.77952558690152,51.509250243427566,43.23296596966592,0.7533944587720519,0.4407085624782229,0.3273525437923408,3.0514897904365625,0.0927474005203854,2.958742389916177,1302.7075,1264.47,73.8175195312499,0.0
2020-09-15,1225.89,1230.49,1238.9,1222.53,474111000.0,ok,55.5899359571463,46.64070107108091,45.73078632508234,0.6402659107989174,0.5681178381301356,0.4249985123113003,3.777312466947024,0.6548560616246766,3.122456405322347,1301.8011,1242.1,75.9111474609374,0.0
2020-09-16,1221.31,1218.81,1223.65,1218.41,322474000.0,ok,53.73886607366348,39.20804933463145,45.786000216379925,0.4642313835323169,0.6192972510344291,0.5427078838809288,3.676959935474315,0.4436028241215743,3.2333571113527406,1300.9701,1243.97,79.66009277343755,0.0
2020-09-17,1249.37,1239.15,1254.74,1223.42,901369000.0,ok,62.07176551000152,84.74521259331368,56.86465433300864,1.0,0.7014990981104118,0.6296380624249918,6.634569051111157,2.720969551806733,3.913599499304424,1304.6055,1244.9,0.0,-55.23546875000011
2020-09-20,1268.79,1268.22,1287.72,1265.08,1002610000.0,ok,66.56106470176898,79.09903941702542,67.68410044832346,1.0,0.8214104611774392,0.714068936774093,10.673297105104211,5.40775808463983,5.265539020464382,1313.3433,1258.64,0.0,-44.553261718750036
2020-09-21,1264.47,1283.35,1283.74,1256.89,914801000.0,ok,64.72574311516117,74.32924809539581,79.39116670191159,0.8963315831663053,0.9654438610554354,0.8294511401144283,12.721965954652203,5.9651415473502585,6.756824407301947,1324.6187,1254.61,0.0,-60.14865234374997
2020-09-22,1242.1,1274.36,1274.67,1239.78,837936000.0,ok,56.09956662659766,49.63012034890124,67.6861359537741,0.4090807022183682,0.7684707617948915,0.851775028009255,11.338651432002736,3.66546161976063,7.673189812242104,1333.5042,1243.79,91.40415039062509,0.0
2020-09-23,1243.97,1242.85,1246.33,1232.62,498982000.0,ok,56.62003079934548,51.69482168488459,58.55139670972716,0.4384791995722574,0.5812971616523107,0.7717372615008787,10.310096911849769,2.109525679686131,8.200571232163638,1338.1395,1239.61,0.0,-94.16952636718747
2020-09-24,1244.9,1258.02,1258.02,1239.2,470375000.0,ok,56.89373937682459,52.72165176106883,51.34886459828483,0.4539396698833531,0.4338331905579933,0.594533704668398,9.447760529722927,0.9977514380474304,8.450009091675497,1339.977,1258.48,95.07705078124991,0.0
2020-09-27,1258.64,1257.92,1266.02,1245.33,941621000.0,ok,60.82635597822036,67.8922380479188,57.43623716462401,0.6760741121824421,0.5228309938793513,0.5126537820298847,10.144965980852248,1.3559655113414006,8.789000469510848,1342.18,1274.04,83.5400537109374,0.0
2020-09-28,1254.61,1261.69,1264.59,1252.21,512252000.0,ok,59.12263665751843,62.84367635506669,61.15252205468472,0.5798392692018209,0.5699510170892057,0.508871733842183,9.928713799389923,0.911770663903262,9.016943135486663,1343.7596,1270.15,89.1496435546876,0.0
2020-09-29,1243.79,1257.75,1257.75,1243.4,328881000.0,ok,54.69321900595792,47.91938352104328,59.551765974676194,0.2769428652893857,0.5109520822245499,0.5345780310643685,8.331830469011038,-0.5480901331805015,8.87992060219154,1343.5872,1269.69,99.79715820312504,0.0
2020-09-30,1239.61,1256.44,1258.85,1235.22,410906000.0,ok,53.040001223544536,42.96384113811494,51.242300338074905,0.0634249717451462,0.3067357020787846,0.4625462671308463,6.557643710501907,-1.8578215133517075,8.415465223853614,1341.8116,1275.22,102.2016455078126,0.0
2020-10-01,1258.48,1245.03,1260.91,1244.63,843913000.0,ok,59.056717626178624,59.37196053911352,50.08506173275719,0.4449883999379165,0.2617854123241498,0.3598243988758277,7.265794995717897,-0.919736182508574,8.185531178226471,1340.9019,1266.51,82.42185546874998,0.0
2020-10-04,1274.04,1267.29,1279.89,1267.29,1070350000.0,ok,63.23924042497246,80.26258837108631,60.86613001610487,0.7543222630271436,0.4209118782367358,0.3298109975465563,9.304867612763246,0.8954691476294201,8.409398465133826,1343.1829,1256.01,0.0,-69.14286132812504
2020-10-05,1270.15,1274.99,1283.33,1269.16,734956000.0,ok,61.546525236065584,74.65012263742612,71.4282238492086,0.629131282921697,0.6094806486289194,0.4307259797299346,10.052624789664604,1.314581059624624,8.738043730039982,1347.1595,1258.4,0.0,-77.00954589843741
2020-10-06,1269.69,1276.55,1276.55,1265.87,577703000.0,ok,61.33744362789833,71.95956454121308,75.62409184990845,0.61366788327832,0.6657071430757205,0.5653665566471248,10.270268645555234,1.2257799324122018,9.044488713143032,1351.7383,1250.7,0.0,-82.04828124999995
2020-10-07,1275.22,1276.29,1276.29,1266.87,796786000.0,ok,62.96622308149276,77.3139745916516,74.64122059009688,0.7341302608285448,0.6589764756761877,0.6447214224602754,10.781596036157453,1.3896858584115357,9.391910177745917,1356.8138,1247.12,0.0,-81.59384277343747
2020-10-08,1266.51,1280.58,1286.26,1264.71,734394000.0,ok,58.76687368491496,63.18046234153624,70.81800049146692,0.4900735027768221,0.6126238822945628,0.6457691670154898,9.901116305310325,0.4073649020515262,9.493751403258798,1360.783,1249.02,0.0,-94.27295898437501
2020-10-11,1256.01,1267.81,1269.36,1254.14,523272000.0,ok,54.084133418950486,43.60551826994791,61.36665173437853,0.1023735373575469,0.442192433654305,0.571264263875018,7.881250903606087,-1.2900003997221692,9.171251303328257,1361.4901,1243.0,0.0,-105.48011230468751
2020-10-12,1258.4,1259.02,1259.27,1247.43,445088000.0,ok,54.963808768196245,48.06114839671915,51.61570966940104,0.1886226518133189,0.260356563982563,0.4383909599771431,6.555757517153552,-2.092395028939764,8.648152546093316,1359.4021,1250.67,0.0,-101.00209960937491
2020-10-13,1250.7,1261.44,1264.25,1249.47,376016000.0,ok,51.53798824681185,30.32915360501573,40.6652734238942,0.0,0.0969987297236222,0.266515909120163,4.621940916219501,-3.220969303899053,7.842910220118553,1354.5831,1258.41,103.88312988281245,0.0
2020-10-14,1247.12,1254.79,1256.08,1245.92,435717000.0,ok,49.97827056597864,23.31504702194332,33.90178300789268,0.0,0.0628742172711066,0.1400765036590968,2.773081515173544,-4.055862963956008,6.828944479129552,1347.7977,1279.95,100.67772949218761,0.0
2020-10-15,1249.02,1247.03,1258.87,1247.03,387503000.0,ok,50.82879085635633,27.037617554858866,26.89393939393925,0.0641371105900551,0.021379036863352,0.0604173279526932,1.6374976943225192,-4.153157427845627,5.790655122168146,1340.068,1292.05,91.04799316406252,0.0
2020-10-18,1243.0,1254.49,1257.09,1242.54,297260000.0,ok,48.04157389258568,15.242946708463908,21.865203761755307,0.0,0.021379036863352,0.0352107636659365,0.1430817763434788,-4.5180586766597335,4.661140453003212,1331.6494,1347.2,88.6494140625,0.0
2020-10-19,1250.67,1241.64,1250.67,1240.1,269487000.0,ok,51.67733571726764,30.2703761755487,24.183646812957104,0.2392315831469273,0.1011228979123278,0.0479603238796768,-0.0414053219221841,-3.7620366199403175,3.720631298018133,1324.1207,1340.92,73.45072753906243,0.0
2020-10-20,1258.41,1253.15,1259.18,1252.29,270452000.0,ok,55.09233189866976,39.666377816291465,28.393233566767965,0.4639368807743389,0.2343894879737558,0.1189638075831448,0.6920703958676313,-2.4228487217204018,3.114919117588033,1319.1107,1326.37,60.70071777343742,0.0
2020-10-21,1279.95,1266.98,1279.95,1266.98,793400000.0,ok,62.94139528936563,86.33015597920291,52.08896999034764,0.9804019166381812,0.5611901268531495,0.2989008375797439,3.575409894688619,0.3683926216804685,3.2070172730081503,1320.6642,1314.75,40.714184570312455,0.0
2020-10-22,1292.05,1291.93,1294.13,1281.07,1038390000.0,ok,66.48511541597173,96.15028687766028,74.04894022438482,1.0,0.814779599137507,0.5367864046548037,6.8249925137577065,2.8943801925996446,3.930612321158062,1329.0242,1312.58,36.974169921875045,0.0
2020-10-28,1347.2,1303.28,1347.2,1302.47,1760700000.0,ok,77.19098103187686,100.0,94.16014761895435,1.0,0.9934673055460608,0.789812343845572,15.030876978453534,8.880211725836377,6.1506652526171575,1346.2745,1309.54,0.0,0.9254638671875455
2020-10-29,1340.92,1363.52,1366.29,1335.67,1655890000.0,ok,74.28119050660294,79.89539583168248,92.01522756978086,0.9001766824495117,0.9667255608165044,0.9249908218333568,19.63517051013332,10.78760420601293,8.847566304120392,1367.2325,1301.64,0.0,-26.312543945312427
2020-11-01,1326.37,1351.29,1351.29,1323.19,1228790000.0,ok,67.89528062332852,68.3651636421269,82.75351982460307,0.681101561890141,0.8604260814465512,0.9402063159363716,20.716900099686427,9.495467036452828,11.2214330632336,1385.3712,1300.37,0.0,-59.00121582031261
2020-11-02,1314.75,1329.94,1331.53,1314.04,846640000.0,ok,63.22081632292483,59.15682700689441,69.1391288269012,0.5207393192528672,0.700672521197507,0.8426080544868536,19.66212302333588,6.752551968081825,12.909571055254055,1397.2911,1288.85,0.0,-82.5411376953125
2020-11-03,1312.58,1311.42,1318.5,1308.41,555793000.0,ok,62.35740334727469,57.43719787621839,61.65306284174651,0.4911190607164138,0.5643199806198077,0.7084728610879548,18.206298797134423,4.237382193504292,13.96891660363013,1403.0608,1295.97,0.0,-90.48079101562507
2020-11-04,1309.54,1315.01,1315.01,1308.04,476578000.0,ok,61.098513732645394,55.028132181630895,57.20738568824785,0.4479315746514772,0.4865966515402531,0.5838630511191888,16.41248701612767,1.9548563299980304,14.45763068612964,1404.3466,1310.84,94.80655761718754,0.0
2020-11-05,1301.64,1313.73,1313.73,1300.34,966688000.0,ok,57.83113458981511,48.767731198985786,53.7443537522783,0.3358408166056267,0.4249638173245063,0.4919601498281885,13.889296475774245,-0.4546673682843174,14.343963844058562,1403.0402,1321.05,101.4001611328124,0.0
2020-11-08,1300.37,1309.03,1311.14,1298.82,881242000.0,ok,57.300629454319136,47.76131230683886,50.51905856248512,0.317641299443547,0.3671378969002174,0.4262327885883252,11.660811744770172,-2.1465216794307125,13.807333424200884,1399.9916,1321.05,99.62157714843761,0.0
2020-11-09,1288.85,1295.14,1300.19,1288.05,867826000.0,ok,52.588152545924224,38.63222125366509,45.053754919829856,0.1559749957044616,0.2698190372512122,0.3539735838253115,8.552209665439705,-4.204099007008944,12.756308672448649,1394.7087,1319.78,105.85874023437509,0.0
2020-11-10,1295.97,1295.34,1300.42,1292.79,756369000.0,ok,55.04876742057817,44.27450669625176,43.55601341891852,0.1321422972584802,0.2019195308021633,0.2796254883178639,6.982998112681798,-4.618648447813481,11.60164656049528,1389.007,1322.48,93.03695800781247,0.0
2020-11-11,1310.84,1297.72,1311.18,1297.13,887278000.0,ok,59.74735036614689,51.35964912280698,44.75545902424122,0.2909908437686475,0.1930360455771968,0.221591537876857,7.377913628980423,-3.378986345211885,10.756899974192308,1385.0968,1351.92,74.25680175781258,0.0
2020-11-12,1321.05,1316.2,1321.75,1312.71,,ok,62.635279229271205,54.44567515859427,50.02661032588427,0.4083728295339516,0.2771686568536934,0.224041411077684,8.603215377804645,-1.722947677110131,10.326163054914776,1384.3833,1359.41,63.333300781250045,0.0
2020-11-18,1319.78,1316.14,1320.35,1307.72,1184770000.0,ok,61.99364644532252,40.55470347648264,47.30474953954956,0.382293194653148,0.3996796179070174,0.348697925235409,9.307507738405093,-0.6408041649759202,9.948311903381011,1385.2758,1399.81,65.49575683593753,0.0
2020-11-19,1322.48,1328.56,1329.3,1316.98,1196290000.0,ok,62.86461051246015,44.00562372188147,43.82473239397862,0.4737214762249199,0.4214625001373402,0.3967958729966245,9.425807956674362,-0.4180031573653213,9.843811114039683,1387.2675,1437.56,64.78745605468748,0.0
2020-11-22,1351.92,1335.83,1364.47,1335.83,2050190000.0,ok,70.73864327379738,83.57759748756878,56.045974895310906,1.0,0.6186715569593564,0.4799378916679042,12.54597087407842,2.1617278080309887,10.384243066047432,1394.065,1549.89,42.14494140624993,0.0
2020-11-23,1357.97,1354.87,1366.66,1353.14,1584850000.0,ok,72.05020897699208,88.94542679048462,72.17621599997823,1.0,0.824573825408307,0.6215692941683341,15.06556570897328,3.74505811434068,11.320507594632602,1403.8107,1542.37,45.84066894531247,0.0
2020-11-24,1359.41,1372.47,1372.47,1357.49,1424920000.0,ok,72.367680471141,84.5297322909264,85.68425218965989,1.0,1.0000000000000004,0.8144151274558875,16.59551854028382,4.220008756520974,12.375509783762846,1415.4875,1500.94,56.07754882812492,0.0
2020-11-25,1399.81,1371.35,1399.81,1371.01,2162780000.0,ok,79.42778077220358,100.0,91.15838636047027,1.0,1.0000000000000004,0.9415246084694356,21.73238670661499,7.485501538281714,14.246885168333275,1430.6243,1507.32,30.814267578125055,0.0
2020-11-26,1437.56,1415.73,1452.46,1409.25,2746760000.0,ok,83.63526718361075,90.9372909190438,91.82234106999005,1.0,1.0000000000000004,1.0,28.941644038730143,11.755807096317495,17.18583694241265,1449.7971,1498.59,12.237119140625055,0.0
2020-11-29,1549.89,1459.02,1555.05,1457.86,4313000000.0,ok,90.11432083403258,98.06741573033712,96.33490221646024,1.0,1.0000000000000004,1.0,45.692324563680586,22.805190097014343,22.88713446666624,1476.8058,1433.69,0.0,73.0842138671876
2020-11-30,1542.37,1596.32,1622.47,1537.29,4006870000.0,ok,87.61351190583676,76.0480832486095,88.35092996599677,0.9333582659173784,0.9777860886391266,0.9925953628797088,55.30928086330846,25.93771711731377,29.371563745994685,1508.0322,1465.59,0.0,34.33777343749989
2020-12-01,1500.94,1552.08,1552.08,1497.74,2451390000.0,ok,75.22716672564194,63.13698131521476,79.08416009805374,0.5754479065863379,0.836268724167906,0.9380182709356774,55.98904618494498,21.29398595116024,34.695060233784744,1532.377,1457.91,0.0,-31.436953124999945
2020-12-02,1507.32,1510.88,1519.97,1492.84,1974550000.0,ok,75.79467658158133,64.60625806848216,67.93044087743542,0.528446729067199,0.6790843005236389,0.8310463711102235,55.785450699040666,16.872312372204732,38.913138326835934,1548.9849,1427.31,0.0,-41.664863281250064
2020-12-03,1498.59,1512.76,1536.37,1491.18,1917920000.0,ok,73.31955907775173,60.641779189833166,62.79500619117664,0.4027610602744421,0.5022185653093268,0.6725238633336234,53.29727479029111,11.507309170764144,41.78996561952697,1559.5958,1435.77,0.0,-61.00582519531258
2020-12-06,1433.69,1494.78,1494.78,1433.69,1749670000.0,ok,58.1236930945265,40.02223987291502,55.09009237707672,0.0,0.3104025964472142,0.4972351540933928,43.04996120423493,1.0079964677663753,42.04196473646856,1561.6509,1481.54,127.96087890624995,0.0
2020-12-07,1465.59,1433.44,1466.5,1424.5,1577960000.0,ok,62.26365301232593,50.15726767275612,50.27376224516804,0.1294116499216701,0.1773909033987045,0.3300040217184147,38.446881164387605,-2.8760668576647603,41.322948022052366,1558.2749,1503.64,92.68490234375008,0.0
2020-12-08,1457.91,1496.01,1496.01,1450.87,1211550000.0,ok,60.7075942079911,46.132442960489726,45.437316835386895,0.0807705661328324,0.0700607386848346,0.185951412843584,33.46186579944674,-6.288865778084499,39.75073157753124,1552.9404,1503.72,95.03042968749992,0.0
2020-12-09,1427.31,1464.35,1464.35,1424.34,1078140000.0,ok,54.82810578117876,31.914596706670384,42.73476911330534,0.0,0.0700607386848346,0.1058374602561241,25.78921651505675,-11.169212049979592,36.95842856503634,1544.6049,1504.67,117.29485839843755,0.0
2020-12-10,1435.77,1433.63,1439.37,1415.46,906874000.0,ok,56.09416034839195,30.679835146474552,36.242291604544825,0.035879579754213,0.0388833819623489,0.0596682864440056,20.787898083501887,-12.936424385227568,33.724322468729454,1534.2556,1493.27,98.48561523437502,0.0
2020-12-13,1481.54,1446.65,1481.54,1441.37,1366450000.0,ok,62.25742578666838,46.81485395124159,36.46976193479545,0.2105445425178508,0.0821413740906884,0.0636951649126235,21.90247057320471,-9.457481516419795,31.359952089624507,1527.0131,1448.92,0.0,-45.473061523437536
2020-12-14,1503.64,1491.47,1506.09,1487.37,1984030000.0,ok,64.82497647665032,52.7439751849201,43.412888094212015,0.2833081043262259,0.176577408866097,0.099200721639711,24.587793021068364,-5.417727254844916,30.00552027591328,1525.4596,1470.0,0.0,-21.8195947265624
2020-12-15,1503.72,1530.5,1530.5,1491.35,1576480000.0,ok,64.83430234205687,44.306350248569565,47.95505979491035,0.2835723963562037,0.2591416810667605,0.1726201546745149,25.84609513265127,-3.327540114609608,29.17363524726088,1528.0419,1540.9,24.321870117187473,0.0
2020-12-16,1504.67,1542.99,1542.99,1490.72,1634700000.0,ok,64.9531312949058,43.09453649582148,46.71495397643699,0.2869399707098412,0.284606823797424,0.2401086379100934,26.18341276207525,-2.3921779881485072,28.57559075022376,1533.3501,1565.18,28.680097656249927,0.0
2020-12-17,1493.27,1512.36,1512.36,1489.1,1803900000.0,ok,62.23540041117752,37.58755615670738,41.66281430036608,0.2259326787606178,0.2654816819422214,0.2697433956021349,24.503449326564123,-3.257713138927709,27.761162465491832,1538.0305,1547.42,44.76051757812502,0.0
2020-12-20,1448.92,1496.25,1496.25,1447.11,2427610000.0,ok,52.95281660665267,24.49128970868106,35.05779412040324,0.0,0.1709575498234868,0.2403486851877102,17.80919190629561,-7.961576447356979,25.77076835365259,1539.8949,1524.3,90.97489746093743,0.0
2020-12-21,1470.0,1431.4,1477.11,1405.72,2145600000.0,ok,56.28995566079568,46.827420412326056,36.3020887592381,0.1460975182321354,0.1240100656642515,0.1868164324766528,15.083552408176727,-8.54977275638069,23.63332516455742,1538.9236,1533.75,68.923583984375,0.0
2020-12-22,1540.9,1498.73,1545.18,1498.35,2475030000.0,ok,65.22453210837972,96.93101964721068,56.083243256072535,0.602536980036986,0.2495448327563742,0.1815041494147037,20.70450405372003,-2.343056888669913,23.047560942389943,1542.9055,1524.05,0.0,-2.005517578124909
2020-12-23,1565.18,1572.16,1596.12,1556.95,2385530000.0,ok,67.66228239874081,83.75000000000009,75.83614668651222,1.0,0.5828781660897077,0.318811021503444,26.77714953573195,2.9836708746736065,23.793478661058344,1553.3472,1554.6400000000003,0.0,11.832832031250064
2020-12-24,1547.42,1584.51,1584.51,1537.43,2458760000.0,ok,64.12150283670007,74.4222689075631,85.0344295182579,0.7592856455776089,0.7872742085381987,0.5398990691280932,28.341024201425853,3.6380364322940046,24.70298776913185,1566.5292,1585.22,19.109174804687427,0.0
2020-12-27,1524.3,1554.22,1554.22,1520.94,1678760000.0,ok,59.73883509085907,62.27941176470589,73.48389355742296,0.4613368411962604,0.7402074955912902,0.7034532900730651,26.153554236932223,1.160453174240299,24.993101062691924,1576.4,1656.1400000000003,52.100024414062545,0.0
2020-12-28,1533.75,1524.27,1535.58,1510.0,1514300000.0,ok,60.91475135294753,67.24264705882356,67.98144257703079,0.5412796670411637,0.5873007179383448,0.7049274740226107,25.04546255192577,0.0418891913870709,25.00357336053869,1582.4395,1644.9400000000003,48.689453125,0.0
2020-12-29,1524.05,1540.02,1543.25,1521.66,1597890000.0,ok,59.00956661399192,62.14810924369748,63.89005602240892,0.4117586656747947,0.4714583913040734,0.599655534944569,22.58319021286161,-1.93630651814167,24.51949673100328,1585.6079,1635.7000000000003,61.557910156250045,0.0
2020-12-30,1554.64,1535.0,1554.64,1525.84,1747640000.0,ok,62.94550214789911,78.21428571428581,69.20168067226889,0.6793370801148516,0.5441251376102705,0.5342947489508958,23.722157726277374,-0.6378712037807261,24.3600289300581,1588.4983,1647.4999999999998,33.8582910156249,0.0
2020-12-31,1585.22,1567.53,1604.37,1563.68,2214250000.0,ok,66.41707782556757,90.35992952428902,76.9074414940907,0.9153467168166634,0.6688141542021038,0.5614658943721488,27.321637544780287,2.369286891777751,24.952350653002537,1594.4089,1660.55,9.188935546874973,0.0
2021-01-03,1656.14,1599.57,1656.18,1599.57,2810540000.0,ok,72.785145270088,99.9840293859299,89.51941487483485,1.0,0.8648945989771722,0.6926112969298485,37.01555846757788,9.650566251660267,27.364992215917606,1606.3394,1720.3,-49.8006445312501,0.0
2021-01-04,1644.94,1680.11,1685.94,1633.46,2086480000.0,ok,70.51119366697276,85.36863892655771,91.90419927892547,0.8853411698794756,0.9335626288987134,0.8224237940259961,41.55911963722588,11.355301937046615,30.20381770017926,1621.1919,1723.1699999999998,-23.748105468750055,0.0
2021-01-05,1635.7,1648.85,1648.85,1625.69,1314840000.0,ok,68.60685320083566,82.07122974805509,89.14129935351417,0.7893191394636462,0.8915534364477078,0.8966702214411973,42.64752934371791,9.954969314830912,32.692560028886994,1633.8433,1737.71,-1.8567382812500455,0.0
2021-01-06,1647.5,1635.46,1651.81,1635.46,1450750000.0,ok,69.73114050398607,86.28220683748481,84.57402517069914,0.8460087658928032,0.8402230250786422,0.8884463634750207,43.65809582367001,8.772428635826415,34.885667187843595,1644.336,1734.55,-3.1639404296875,0.0
2021-01-07,1660.55,1649.27,1666.04,1645.79,1891140000.0,ok,70.96939996615012,90.93926200842192,86.43089953132055,0.8899227382681908,0.8417502145415471,0.8578422253559652,44.72878139441059,7.87449136525359,36.854290029157,1654.1981,1735.57,-6.3518798828124545,0.0
2021-01-10,1720.3,1670.88,1720.66,1670.2,3105500000.0,ok,75.8422604199977,99.83806396473386,92.3531776035468,1.0,0.9119771680536652,0.8646501358912845,51.00348298913468,11.319354367982143,39.68412862115254,1667.5575,1738.3699999999997,-52.742504882812455,0.0
2021-01-11,1723.17,1750.21,1716.22,1723.17,2683700000.0,ok,76.05021013993155,101.19149340168993,97.32293979161516,1.0,0.9633075794227306,0.9056783206726472,54.40109191908891,11.7735706383491,42.62752128073981,1682.759,1730.32,-40.41096679687507,0.0
2021-01-12,1737.71,1737.81,1742.34,1714.46,1482070000.0,ok,77.12454337156275,98.007230782474,99.67892938296586,1.0,1.0000000000000002,0.9584282491587982,57.022374835622486,11.515882843906134,45.50649199171635,1696.9979,1727.89,0.0,40.712075195312536
2021-01-13,1734.55,1745.34,1751.19,1733.52,1515080000.0,ok,76.32323180128039,93.10087482897298,97.43319967104556,0.9557652443607202,0.9852550814535738,0.9828542202921012,57.0755488313589,9.255245471714034,47.82030335964487,1709.7582,1724.06,0.0,24.791821289062455
2021-01-17,1735.57,1741.16,1748.16,1728.01,1988660000.0,ok,76.40843645296997,93.5237779344085,94.8772945152851,0.9604687917530172,0.972078012037913,0.9857776978304952,55.81637162269885,6.396854610443185,49.41951701225567,1721.0344,1745.4199999999998,-14.535576171874936,0.0
2021-01-18,1738.37,1746.54,1747.98,1733.85,1826480000.0,ok,76.65677508279673,94.4146734631638,93.67977540884836,0.9741778145770712,0.9634706168969368,0.9736012367961407,53.87875845071903,3.567393150770691,50.31136529994834,1730.3951,1769.6399999999999,-7.974858398437391,0.0
2021-01-19,1730.32,1765.43,1765.43,1717.44,1925880000.0,ok,74.23724009920285,85.34579907341704,91.09475015699638,0.7963682292184021,0.910338278516164,0.9486289691503376,50.31438987624597,0.0024196610380968,50.31197021520787,1738.1718,1762.83,7.851752929687564,0.0
2021-01-20,1727.89,1755.69,1755.69,1721.91,1792230000.0,ok,73.48325145971204,81.3928128872367,87.05109514127246,0.6599296167511245,0.810158553515533,0.8946558163095442,46.33780444509807,-3.179332616087841,49.51713706118591,1743.7001,1752.71,15.8100732421874,0.0
2021-01-21,1724.06,1747.96,1748.29,1720.76,1724630000.0,ok,72.23791875604175,75.05727722175322,80.59862972746892,0.4262969751688142,0.627531607046114,0.78267614635927,42.01886132121581,-5.998620591976092,48.0174819131919,1746.7455,1711.63,0.0,-22.685483398437555
