date,open,high,low,adjclose,volume,adjclose_5,true_adjclose_5,buy_profit,sell_profit
2010-07-07,2125.0,2175.0,2135,2135.0,802,2177.065,2230.0,42.06494140625,0.0
2010-07-13,2125.0,2167.0,2150,2150.0,510,2129.2363,2200.0,-20.763671875,0.0
2010-07-14,2150.0,2230.0,2156,2230.0,470,2142.045,2176.0,0.0,87.955078125
2010-07-15,2230.0,2433.0,2250,2384.0,214,2234.5771,2174.0,0.0,149.4228515625
2010-07-20,2205.0,2210.0,2180,2207.0,2303,2238.3145,2140.0,0.0,-31.314453125
2010-07-27,2150.0,2140.0,2133,2140.0,460,2088.9612,2160.0,-51.038818359375,0.0
2010-08-05,2155.0,2165.0,2135,2135.0,1449,2148.5093,2120.0,0.0,-13.50927734375
2010-08-16,2126.0,2130.0,2110,2121.0,1397,2089.081,1872.0000000000002,0.0,31.9189453125
2010-08-18,2090.0,2090.0,1985,2005.0,861,2049.9421,1872.0000000000002,0.0,-44.942138671875
2010-09-07,1750.0,1871.0,1750,1871.0,620,1818.8339,1999.0,-52.1661376953125,0.0
2010-09-08,1871.0,2058.0,1908,2058.0,1692,1918.9642,1999.9999999999998,0.0,139.0357666015625
2010-09-09,2058.0,2140.0,1970,2018.0,8224,1981.8687,1965.0,0.0,36.13134765625
2010-09-15,1999.0,2010.0,1972,2000.0,1443,2007.9847,1949.9999999999998,0.0,-7.9847412109375
2010-09-16,2000.0,2000.0,1960,1965.0,1215,1954.1864,2033.9999999999998,-10.8135986328125,0.0
2010-09-29,1350.0,1404.0,1377,1390.0,243,1554.5897,1470.0,164.5897216796875,0.0
2010-10-03,1420.0,1420.0,1408,1408.0,424,1467.7905,1441.0000000000002,59.79052734375,0.0
2010-10-07,1430.0,1475.0,1455,1470.0,275,1499.548,1490.0,29.5479736328125,0.0
2010-10-10,1470.0,1528.0,1498,1500.0,571,1538.5295,1484.9999999999998,0.0,-38.529541015625
2010-10-20,1503.0,1490.0,1490,1490.0,20,1436.1426,1455.0,0.0,53.857421875
2010-11-15,1442.0,1445.0,1430,1430.0,477,1442.8469,1402.0000000000002,0.0,-12.846923828125
2010-11-16,1430.0,1421.0,1410,1421.0,278,1421.2557,1400.9999999999998,0.0,-0.2557373046875
2010-12-01,1360.0,1361.0,1334,1334.0,317,1345.0277,1264.0,0.0,-11.0277099609375
2010-12-02,1334.0,1331.0,1312,1313.0,406,1321.2325,1236.0,0.0,-8.2325439453125
2010-12-08,1239.0,1264.0,1220,1264.0,901,1246.0516,1162.0,0.0,17.9483642578125
2011-01-09,1314.0,1310.0,1310,1310.0,20,1319.5701,1321.0,9.570068359375,0.0
2011-01-13,1325.0,1350.0,1330,1330.0,24,1336.667,1325.0,0.0,-6.6669921875
2011-01-19,1320.0,1330.0,1320,1320.0,110,1324.5704,1330.0,4.5704345703125,0.0
2011-02-10,1331.0,1340.0,1325,1325.0,401,1330.3314,1320.0,0.0,-5.3314208984375
2011-02-17,1305.0,1320.0,1301,1320.0,678,1314.0094,1305.0,0.0,5.9906005859375
2011-02-27,1305.0,1280.0,1255,1260.0,224,1271.7509,1272.0,11.7508544921875,0.0
2011-03-24,1153.0,1174.0,1145,1174.0,702,1166.7194,1082.0,0.0,7.2806396484375
2011-03-30,1097.0,1076.0,1030,1040.0,1340,1057.3658,1111.0,17.3658447265625,0.0
2011-04-11,1115.0,1112.0,1070,1112.0,536,1107.1061,1063.0,0.0,4.8939208984375
2011-04-13,1112.0,1218.0,1100,1218.0,389,1185.5579,1075.0,0.0,32.442138671875
2011-04-21,1063.0,1075.0,1062,1075.0,451,1072.8599,1045.0,0.0,2.14013671875
2011-05-08,1030.0,1040.0,1030,1040.0,445,1044.7208,1155.0,4.7208251953125,0.0
2011-05-18,1193.0,1172.0,1150,1172.0,939,1181.3419,1150.0,0.0,-9.3419189453125
2011-05-26,1150.0,1149.0,1127,1149.0,127,1143.7543,1060.0,0.0,5.2457275390625
2011-06-13,965.0,955.0,903,933.0,2673,942.44434,1085.0,9.4443359375,0.0
2011-06-14,933.0,915.0,855,868.0,1716,897.03217,1193.0,29.03216552734375,0.0
2011-06-20,987.0,1085.0,1006,1085.0,1974,1093.5048,1123.0,8.5047607421875,0.0
2011-06-27,1228.0,1219.0,1106,1106.0,552,1192.7196,1140.0,86.7196044921875,0.0
2011-07-03,1140.0,1118.0,1059,1065.0,863,1095.0284,1140.0,30.0284423828125,0.0
2011-07-14,1190.0,1252.0,1213,1252.0,883,1250.7523,1370.0,-1.2476806640625,0.0
2011-07-20,1321.0,1373.0,1326,1356.0,814,1361.2413,1294.0,0.0,-5.2413330078125
2011-07-21,1356.0,1380.0,1345,1370.0,1285,1363.4952,1289.0,0.0,6.5047607421875
2011-07-27,1265.0,1294.0,1245,1294.0,2033,1273.3915,1240.0,0.0,20.6085205078125
2011-08-01,1250.0,1254.0,1241,1246.0,495,1252.9863,1234.0,0.0,-6.986328125
2011-08-17,1225.0,1231.0,1210,1231.0,645,1226.9165,1180.0,0.0,4.08349609375
2011-09-05,975.0,970.0,953,954.0,1249,937.9291,946.9999999999999,0.0,16.0709228515625
2011-09-07,917.0,920.0,900,903.0,824,897.0133,925.0000000000001,-5.9866943359375,0.0
2011-09-08,903.0,901.0,882,885.0,1387,891.75116,900.0,6.75115966796875,0.0
2011-09-19,900.0,918.0,900,918.0,830,946.6551,950.0000000000001,28.65509033203125,0.0
2011-09-29,940.0,959.0,955,955.0,434,956.26587,950.0000000000001,0.0,-1.265869140625
2011-10-02,955.0,980.0,974,980.0,272,976.195,931.0,0.0,3.80499267578125
2011-10-18,948.0,966.0,945,950.0,330,954.1361,915.0,0.0,-4.1361083984375
2011-10-23,939.0,935.0,915,915.0,302,925.98175,996.0,10.98175048828125,0.0
2011-10-25,901.0,915.0,850,915.0,1637,893.0345,901.0,0.0,21.96551513671875
2011-11-14,870.0,887.0,866,867.0,553,884.00824,870.0,17.00823974609375,0.0
2011-11-17,875.0,909.0,892,909.0,24,912.8975,859.9999999999999,0.0,-3.89752197265625
2011-11-21,885.0,880.0,870,870.0,120,885.34485,872.0,15.3448486328125,0.0
2011-12-01,865.0,887.0,870,870.0,264,887.85486,840.0,0.0,-17.8548583984375
2011-12-06,850.0,850.0,848,850.0,342,855.1173,790.0,0.0,-5.1173095703125
2011-12-19,809.0,805.0,800,801.0,439,811.60895,827.0000000000001,10.60894775390625,0.0
2012-01-04,892.0,875.0,842,865.0,490,871.8829,873.9999999999999,6.88287353515625,0.0
2012-01-09,830.0,846.0,830,846.0,195,836.8279,861.0,-9.172119140625,0.0
2012-01-17,879.0,865.0,820,861.0,2244,852.50635,830.0,0.0,8.49365234375
2012-01-23,836.0,843.0,826,835.0,1255,846.20245,831.9999999999999,0.0,-11.20245361328125
2012-01-25,835.0,840.0,825,840.0,442,843.9266,850.0,3.92657470703125,0.0
2012-01-29,830.0,830.0,823,830.0,496,837.19293,824.0000000000001,0.0,-7.19293212890625
2012-02-08,830.0,841.0,830,841.0,187,855.0463,843.0,14.04632568359375,0.0
2012-02-23,850.0,850.0,845,850.0,79,854.2514,887.0,4.25140380859375,0.0
2012-02-27,844.0,847.0,831,847.0,1055,842.73505,883.0000000000001,-4.26495361328125,0.0
2012-02-28,847.0,867.0,845,867.0,825,863.13055,882.0,-3.86944580078125,0.0
2012-03-12,885.0,882.0,880,880.0,256,893.71704,873.9999999999999,0.0,-13.717041015625
2012-03-19,867.0,882.0,853,882.0,281,879.3679,867.0,0.0,2.632080078125
2012-03-27,861.0,873.0,850,867.0,342,873.50806,875.0,6.508056640625,0.0
2012-03-28,867.0,867.0,850,867.0,317,873.38116,901.9999999999999,6.38116455078125,0.0
2012-03-29,867.0,867.0,850,867.0,64,873.88824,895.0,6.88824462890625,0.0
2012-04-02,852.0,880.0,852,880.0,270,882.9491,890.0,2.9490966796875,0.0
2012-04-08,902.0,895.0,879,895.0,318,906.8469,1075.0,11.846923828125,0.0
2012-04-11,890.0,925.0,885,910.0,1173,921.5118,1130.0,11.51177978515625,0.0
2012-04-17,1075.0,1182.0,994,1000.0,2664,1107.2705,1450.0,107.2705078125,0.0
2012-04-22,1130.0,1200.0,1130,1200.0,3423,1181.8009,1400.0,-18.1990966796875,0.0
2012-05-14,1302.0,1276.0,1200,1219.0,2577,1253.9164,1445.0,34.9163818359375,0.0
2012-06-13,1210.0,1220.0,1201,1220.0,197,1215.7975,1212.0,0.0,4.2025146484375
2012-06-17,1212.0,1205.0,1194,1205.0,306,1207.502,1264.0,2.501953125,0.0
2012-06-18,1205.0,1224.0,1200,1210.0,320,1219.408,1226.0,9.407958984375,0.0
2012-07-05,1302.0,1293.0,1276,1293.0,789,1291.1425,1319.0,-1.8575439453125,0.0
2012-07-08,1293.0,1281.0,1265,1281.0,1230,1281.4432,1355.0,0.4432373046875,0.0
2012-07-12,1310.0,1319.0,1301,1319.0,1100,1313.0946,1430.0000000000002,-5.9053955078125,0.0
2012-07-18,1371.0,1395.0,1368,1382.0,2406,1380.6384,1470.0,-1.361572265625,0.0
2012-07-19,1382.0,1443.0,1400,1430.0,1362,1418.4618,1450.0,-11.5382080078125,0.0
2012-07-23,1475.0,1502.0,1478,1483.0,3631,1481.0424,1450.0,0.0,1.9576416015625
2012-08-01,1450.0,1470.0,1450,1460.0,2222,1462.3438,1451.0,0.0,-2.34375
2012-08-06,1470.0,1481.0,1470,1478.0,897,1485.4795,1455.0,0.0,-7.4794921875
2012-08-14,1461.0,1473.0,1450,1455.0,1350,1453.3005,1462.0,-1.699462890625,0.0
2012-08-22,1465.0,1472.0,1451,1462.0,1036,1460.7638,1440.0,0.0,1.2362060546875
2012-09-04,1460.0,1459.0,1432,1455.0,683,1453.8373,1490.0,-1.1627197265625,0.0
2012-09-20,1482.0,1470.0,1445,1470.0,350,1464.5975,1419.0000000000002,0.0,5.4024658203125
2012-09-23,1470.0,1460.0,1442,1452.0,921,1455.495,1400.0,0.0,-3.4949951171875
2012-10-03,1385.0,1131.0,1120,1120.0,218,1147.5154,1152.0,27.515380859375,0.0
2012-10-07,1125.0,1145.0,1133,1145.0,1039,1141.8279,1157.0,-3.172119140625,0.0
2012-10-08,1145.0,1160.0,1145,1150.0,570,1147.2771,1160.0,-2.722900390625,0.0
2012-10-31,1224.0,1248.0,1224,1247.0,806,1255.9458,1447.0000000000002,8.94580078125,0.0
2012-11-12,1410.0,1455.0,1400,1455.0,1858,1455.7047,1501.0,0.7047119140625,0.0
2012-11-26,1501.0,1492.0,1470,1478.0,1592,1482.2563,1460.0,0.0,-4.25634765625
2012-11-29,1499.0,1470.0,1452,1460.0,513,1466.8949,1498.0,6.8948974609375,0.0
2012-12-03,1445.0,1460.0,1403,1460.0,1078,1445.4902,1450.0,0.0,14.509765625
2012-12-12,1450.0,1485.0,1450,1480.0,1125,1460.2502,1546.9999999999998,-19.749755859375,0.0
2012-12-16,1490.0,1534.0,1500,1528.0,4987,1512.9282,1574.9999999999998,-15.07177734375,0.0
2012-12-17,1528.0,1579.0,1535,1559.0,5971,1547.5436,1567.0,-11.4564208984375,0.0
2012-12-26,1567.0,1623.0,1560,1615.0,5465,1580.0034,1689.0,-34.99658203125,0.0
2013-01-08,1665.0,1665.0,1653,1654.0,619,1650.9285,1650.0,0.0,3.071533203125
2013-01-28,1605.0,1610.0,1591,1605.0,2032,1610.8508,1605.0,0.0,0.0
2013-02-03,1580.0,1625.0,1595,1620.0,4537,1597.1625,1655.0,-22.8375244140625,0.0
2013-02-04,1620.0,1624.0,1600,1622.0,1449,1596.12,1730.0,-25.8800048828125,0.0
2013-02-07,1608.0,1611.0,1600,1606.0,1056,1607.0273,1890.0,1.02734375,0.0
2013-02-20,1866.0,1870.0,1813,1840.0,3753,1856.2236,1870.0,16.2236328125,0.0
2013-02-27,1899.0,1875.0,1862,1870.0,1777,1868.6156,1925.0,-1.3843994140625,0.0
2013-02-28,1870.0,1889.0,1868,1888.0,1426,1894.5004,1900.0000000000002,6.5003662109375,0.0
2013-03-13,1900.0,1911.0,1872,1908.0,3412,1927.0854,1880.0,0.0,-19.08544921875
2013-03-17,1921.0,1916.0,1900,1904.0,2533,1946.8815,1852.0,0.0,-42.8814697265625
2013-04-29,1770.0,1795.0,1770,1770.0,1506,1805.2249,1704.0000000000002,0.0,-35.224853515625
2013-05-09,1690.0,1702.0,1685,1685.0,998,1701.3159,1750.0,16.31591796875,0.0
2013-05-12,1685.0,1718.0,1660,1681.0,3800,1698.6387,1725.9999999999998,17.638671875,0.0
2013-05-14,1718.0,1722.0,1690,1690.0,3704,1721.7115,1750.0,31.7115478515625,0.0
2013-05-19,1750.0,1765.0,1720,1726.0,10617,1730.4778,1741.0,4.477783203125,0.0
2013-05-21,1745.0,1753.0,1740,1750.0,3286,1736.5416,1761.0,-13.4583740234375,0.0
2013-05-27,1741.0,1804.0,1760,1804.0,1415,1789.2838,1750.0,0.0,14.7161865234375
2013-05-28,1804.0,1785.0,1760,1761.0,1016,1785.7487,1744.0,0.0,-24.7486572265625
2013-05-30,1761.0,1761.0,1745,1745.0,2567,1780.5892,1746.0,35.5892333984375,0.0
2013-06-02,1745.0,1754.0,1730,1730.0,1852,1766.5471,1740.0,36.547119140625,0.0
2013-06-13,1736.0,1735.0,1725,1728.0,1716,1750.5927,1711.0,0.0,-22.5926513671875
2013-06-16,1728.0,1740.0,1725,1738.0,1064,1747.827,1714.9999999999998,0.0,-9.8270263671875
2013-07-01,1750.0,1759.0,1745,1747.0,1948,1771.2975,1750.0,24.2974853515625,0.0
2013-07-02,1747.0,1748.0,1740,1748.0,869,1755.913,1779.0,7.9129638671875,0.0
2013-07-03,1748.0,1753.0,1725,1743.0,1706,1744.089,1805.0000000000002,1.0889892578125,0.0
2013-07-04,1743.0,1746.0,1735,1741.0,1636,1736.3666,1786.0,-4.6334228515625,0.0
2013-07-17,1800.0,1825.0,1801,1825.0,3409,1826.2843,1890.0,1.2843017578125,0.0
2013-07-24,1920.0,1900.0,1843,1890.0,2886,1922.5873,1925.0,32.5872802734375,0.0
2013-07-30,1900.0,1915.0,1900,1910.0,2927,1911.2977,1903.0,0.0,-1.2977294921875
2013-08-06,1895.0,1905.0,1885,1903.0,2029,1946.4637,1830.0,0.0,-43.4637451171875
2013-08-14,1830.0,1860.0,1819,1819.0,1105,1865.8978,1859.9999999999998,46.8978271484375,0.0
2013-08-19,1825.0,1850.0,1830,1838.0,1782,1874.9523,1834.0,0.0,-36.9522705078125
2013-08-20,1838.0,1855.0,1830,1855.0,807,1887.4375,1830.0,0.0,-32.4375
2013-09-16,1990.0,2002.0,1990,1996.0,4647,1980.5071,1980.0,0.0,15.492919921875
2013-09-26,1980.0,2000.0,1979,1980.0,837,2063.8552,1976.0,0.0,-83.855224609375
2013-09-29,1980.0,1990.0,1970,1975.0,2802,2064.3604,1980.0,89.3603515625,0.0
2013-10-01,1975.0,2012.0,1974,1980.0,2887,2054.187,2010.0,74.18701171875,0.0
2013-10-07,1980.0,1995.0,1980,1992.0,1594,2011.4628,2150.0,19.4627685546875,0.0
2013-10-10,2008.0,2035.0,2015,2030.0,1255,2073.9326,2140.0,43.9326171875,0.0
2013-10-17,2030.0,2065.0,2035,2065.0,3332,2102.263,2160.0,37.262939453125,0.0
2013-10-20,2065.0,2151.0,2050,2150.0,8573,2141.9177,2200.0,-8.082275390625,0.0
2013-10-21,2150.0,2240.0,2124,2200.0,6354,2194.3682,2198.0,0.0,5.6318359375
2013-10-22,2200.0,2200.0,2100,2150.0,7336,2192.7722,2201.0,42.772216796875,0.0
2013-11-06,2198.0,2200.0,2191,2194.0,1535,2247.476,2213.0,53.47607421875,0.0
2013-11-12,2201.0,2250.0,2200,2205.0,3891,2274.624,2447.0,69.6240234375,0.0
2013-11-26,2447.0,2440.0,2380,2390.0,5083,2539.147,2575.0,149.14697265625,0.0
2013-12-08,2720.0,2790.0,2700,2750.0,18668,2613.2556,2300.0,0.0,136.744384765625
2013-12-12,2290.0,2300.0,2240,2245.0,1285,2310.757,2357.0,65.757080078125,0.0
2013-12-15,2245.0,2300.0,2216,2300.0,1243,2240.2761,2245.0,0.0,59.723876953125
2014-01-02,2151.0,2150.0,2090,2125.0,10110,2085.8193,2172.0,-39.1806640625,0.0
2014-01-05,2125.0,2125.0,2100,2100.0,5113,2046.104,2225.0,-53.89599609375,0.0
2014-01-08,2110.0,2180.0,2100,2175.0,2502,2064.6863,2199.0,-110.313720703125,0.0
2014-01-09,2175.0,2172.0,2125,2172.0,1115,2092.0112,2210.0,-79.98876953125,0.0
2014-01-12,2172.0,2225.0,2105,2225.0,1788,2137.7615,2185.0,0.0,87.238525390625
2014-01-14,2250.0,2250.0,2220,2220.0,287,2213.0886,2090.0,0.0,6.911376953125
2014-01-16,2220.0,2230.0,2199,2199.0,163,2222.661,2080.0,0.0,-23.660888671875
2014-02-16,2095.0,2100.0,2075,2080.0,1096,2066.0818,2133.0,-13.918212890625,0.0
2014-03-06,2090.0,2050.0,2001,2015.0,1631,2026.5967,1907.0,0.0,-11.5966796875
2014-03-10,2000.0,2005.0,1965,1980.0,904,1979.2766,1799.0000000000002,0.0,0.723388671875
2014-03-11,1980.0,1981.0,1960,1979.0,1671,1970.7363,1845.0,0.0,8.263671875
2014-03-17,1907.0,1885.0,1840,1855.0,1944,1896.4963,1915.0,41.496337890625,0.0
2014-04-03,1900.0,1950.0,1915,1950.0,1392,1888.5651,1995.0000000000002,-61.4349365234375,0.0
2014-04-06,1950.0,2000.0,1965,1965.0,438,1939.0782,1995.0000000000002,-25.9217529296875,0.0
2014-04-07,1965.0,1950.0,1893,1945.0,3054,1934.0518,1990.0,-10.9482421875,0.0
2014-04-13,1989.0,2009.0,1970,1995.0,4388,2014.9497,1930.0,0.0,-19.94970703125
2014-04-16,1995.0,1991.0,1970,1990.0,606,2014.6527,1940.0,0.0,-24.6527099609375
2014-04-21,1950.0,1950.0,1920,1930.0,1235,1956.5552,1910.0,0.0,-26.55517578125
2014-04-30,1910.0,1940.0,1910,1940.0,326,1972.1604,2012.0000000000002,32.160400390625,0.0
2014-05-06,1960.0,2077.0,1999,2030.0,2557,2047.4872,1999.9999999999998,0.0,-17.4871826171875
2014-05-11,2012.0,2040.0,1995,2013.0,1554,2085.0066,1925.0,0.0,-72.006591796875
2014-05-19,1950.0,1950.0,1882,1925.0,4777,1924.6729,1988.9999999999998,-0.3271484375,0.0
2014-06-05,2075.0,2074.0,2035,2052.0,4170,2112.3606,2160.0,60.360595703125,0.0
2014-06-11,2143.0,2190.0,2130,2160.0,7131,2097.63,2360.0,-62.3701171875,0.0
2014-06-29,2301.0,2340.0,2280,2325.0,4526,2395.148,2390.0,70.14794921875,0.0
2014-07-08,2425.0,2450.0,2400,2450.0,7731,2443.4888,2538.0,-6.51123046875,0.0
2014-07-13,2500.0,2661.0,2520,2554.0,4717,2512.6619,2620.0,-41.338134765625,0.0
2014-07-16,2538.0,2574.0,2515,2535.0,1482,2589.304,2680.0,54.303955078125,0.0
2014-07-21,2620.0,2635.0,2590,2610.0,6600,2557.055,2610.0,0.0,0.0
2014-07-30,2610.0,2610.0,2576,2580.0,1885,2558.5269,2489.0,0.0,21.47314453125
2014-08-21,2418.0,2502.0,2270,2441.0,4752,2407.2678,2412.0,0.0,33.732177734375
2014-08-25,2470.0,2519.0,2280,2360.0,4877,2374.3955,2402.0,14.3955078125,0.0
2014-08-31,2412.0,2578.0,2460,2462.0,28055,2308.639,2365.0,0.0,153.361083984375
2014-09-04,2424.0,2410.0,2377,2397.0,4050,2307.5415,2276.0,0.0,89.45849609375
2014-09-09,2230.0,2387.0,2250,2365.0,2375,2309.3718,2325.0,0.0,55.628173828125
2014-09-18,2300.0,2310.0,2230,2247.0,3648,2223.4033,2345.0,-23.5966796875,0.0
2014-09-23,2174.0,2270.0,2195,2213.0,2415,2165.1775,2370.0,-47.822509765625,0.0
2014-10-16,2340.0,2375.0,2328,2340.0,1374,2239.286,2350.0,-100.714111328125,0.0
2014-10-20,2315.0,2320.0,2300,2320.0,1595,2236.0852,2350.0,-83.914794921875,0.0
2014-11-12,2200.0,2209.0,2170,2170.0,11776,2110.8389,1710.0000000000002,0.0,59.1611328125
2014-11-16,1800.0,1765.0,1670,1709.0,2309,1844.1167,1742.0,135.11669921875,0.0
2014-11-17,1709.0,1678.0,1611,1635.0,3945,1721.7349,1714.9999999999998,86.73486328125,0.0
2014-11-20,1710.0,1765.0,1700,1739.0,2401,1717.3259,1691.9999999999998,0.0,21.674072265625
2014-12-04,1665.0,1720.0,1687,1714.0,3338,1648.0281,1800.0,-65.971923828125,0.0
2014-12-07,1714.0,1718.0,1700,1701.0,3015,1663.2482,1945.0000000000002,-37.7518310546875,0.0
2014-12-08,1701.0,1707.0,1700,1707.0,1571,1676.9374,1949.9999999999998,-30.0626220703125,0.0
2014-12-15,1945.0,2000.0,1881,1950.0,3945,1884.5671,1800.0,0.0,65.432861328125
2014-12-16,1950.0,1950.0,1915,1926.0,3779,1917.8888,1856.0,0.0,8.1112060546875
2015-01-22,1950.0,1940.0,1853,1940.0,2851,1933.5417,2012.0000000000002,-6.458251953125,0.0
2015-01-25,1940.0,1960.0,1876,1950.0,2272,1946.6099,2051.0,-3.39013671875,0.0
2015-02-03,2050.0,2055.0,2006,2021.0,4156,2067.7449,1998.0,0.0,-46.744873046875
2015-02-09,2010.0,2010.0,1980,1990.0,2813,2016.8547,1995.0000000000002,26.854736328125,0.0
2015-02-11,1998.0,2000.0,1998,1998.0,418,2039.0823,1947.0,0.0,-41.082275390625
2015-02-18,1995.0,1985.0,1975,1985.0,1539,2070.3145,1926.0,0.0,-85.314453125
2015-02-24,1939.0,1950.0,1915,1950.0,499,1976.5917,1930.0,0.0,-26.5916748046875
2015-03-01,1926.0,1940.0,1903,1930.0,1809,1967.4624,1942.0,37.46240234375,0.0
2015-03-25,1900.0,1901.0,1865,1887.0,1876,1940.6853,1875.0,0.0,-53.685302734375
2015-03-29,1870.0,1880.0,1840,1880.0,794,1911.1643,1865.0,0.0,-31.164306640625
2015-04-21,1940.0,1930.0,1900,1930.0,6138,1922.586,1615.0000000000002,0.0,7.4139404296875
2015-05-31,1602.0,1723.0,1634,1723.0,2975,1682.6564,1935.0,-40.3436279296875,0.0
2015-06-11,1982.0,1970.0,1940,1940.0,661,1859.023,1875.0,0.0,80.97705078125
2015-06-14,1940.0,1965.0,1921,1925.0,1089,1836.4625,1875.0,0.0,88.5374755859375
2015-06-16,1925.0,1930.0,1900,1900.0,600,1829.076,1880.0,0.0,70.9239501953125
2015-07-01,1909.0,1925.0,1896,1909.0,2457,1934.6074,1910.0,25.607421875,0.0
2015-07-05,1909.0,1920.0,1901,1919.0,2251,1931.5776,1935.0,12.57763671875,0.0
2015-07-09,1910.0,1922.0,1900,1920.0,1628,1932.6487,1910.0,0.0,-12.648681640625
2015-07-14,1924.0,1925.0,1910,1920.0,439,1952.5929,2091.0,32.5928955078125,0.0
2015-07-22,1910.0,1925.0,1900,1900.0,3604,1955.4508,2240.0,55.4508056640625,0.0
2015-07-26,2010.0,2091.0,2050,2091.0,2070,2048.753,2310.0,-42.2470703125,0.0
2015-07-28,2300.0,2305.0,2200,2250.0,15694,2148.4143,2289.0,-101.585693359375,0.0
2015-07-30,2240.0,2346.0,2240,2300.0,5450,2288.4128,2300.0,0.0,0.0
2015-08-11,2490.0,2500.0,2450,2470.0,5823,2439.7468,2700.0,-30.253173828125,0.0
2015-08-23,2695.0,2719.0,2630,2670.0,7495,2624.8206,2599.0,0.0,45.179443359375
2015-08-24,2670.0,2680.0,2600,2610.0,7472,2593.411,2579.0,0.0,16.589111328125
2015-09-07,2450.0,2510.0,2480,2499.0,6420,2458.1675,2578.0,-40.83251953125,0.0
2015-09-09,2531.0,2550.0,2511,2511.0,2291,2442.4294,2675.0,-68.570556640625,0.0
2015-09-10,2511.0,2515.0,2496,2500.0,3357,2447.7832,2640.0,-52.216796875,0.0
2015-09-29,2491.0,2550.0,2530,2540.0,1860,2468.552,2395.0,0.0,71.447998046875
2015-09-30,2540.0,2580.0,2550,2560.0,3841,2447.1733,2350.0,0.0,112.82666015625
2015-10-01,2560.0,2579.0,2550,2550.0,4485,2451.4153,2440.0,0.0,98.584716796875
2015-10-14,2375.0,2398.0,2350,2375.0,1262,2301.694,2280.0,0.0,73.305908203125
2015-11-01,2279.0,2300.0,2250,2275.0,3800,2219.0337,2249.0,0.0,55.96630859375
2015-11-16,2305.0,2290.0,2275,2288.0,628,2243.89,2180.0,0.0,44.110107421875
2015-12-02,2200.0,2250.0,2181,2248.0,6332,2091.114,1940.0,0.0,156.885986328125
2015-12-06,1769.0,1840.0,1799,1819.0,2215,1939.9805,1903.0,120.98046875,0.0
2015-12-07,1819.0,1950.0,1850,1895.0,3087,1968.9548,1890.0,0.0,-73.954833984375
2015-12-10,1940.0,1940.0,1900,1900.0,1769,1846.7332,1842.0,0.0,53.266845703125
2015-12-23,1840.0,1840.0,1800,1821.0,4272,1763.2584,1859.9999999999998,-57.7415771484375,0.0
2015-12-29,1820.0,1854.0,1820,1853.0,2077,1820.5867,1795.0,0.0,32.413330078125
2016-01-12,1826.0,1830.0,1820,1830.0,1925,1818.563,1920.0,-11.43701171875,0.0
2016-01-28,1885.0,1899.0,1880,1890.0,2050,1896.2859,1917.0000000000002,6.285888671875,0.0
2016-02-03,1900.0,1905.0,1894,1900.0,2036,1944.6847,1900.0000000000002,44.6846923828125,0.0
2016-02-08,1935.0,1935.0,1915,1919.0,3886,1957.8304,1886.0,0.0,-38.8304443359375
2016-02-15,1900.0,1900.0,1875,1900.0,2053,1911.473,1954.9999999999998,11.4730224609375,0.0
2016-02-24,1950.0,1960.0,1915,1915.0,4195,1994.0458,1900.0000000000002,0.0,-79.0457763671875
2016-03-16,1890.0,1905.0,1885,1895.0,4862,1948.6552,1985.0,53.6551513671875,0.0
2016-03-27,1985.0,2115.0,1990,2111.0,24872,1992.2644,2044.0,0.0,118.735595703125
2016-03-28,2111.0,2200.0,2111,2120.0,21421,2051.8015,2065.0,0.0,68.198486328125
2016-03-29,2120.0,2120.0,2069,2099.0,12316,2054.8835,2091.0,0.0,44.116455078125
2016-03-30,2099.0,2110.0,2089,2090.0,9623,2109.8928,2092.0,19.892822265625,0.0
2016-04-03,2060.0,2065.0,2008,2044.0,16615,2103.1545,2100.0,59.154541015625,0.0
2016-04-04,2044.0,2075.0,2044,2065.0,6426,2097.0618,2110.0,32.061767578125,0.0
2016-04-27,2235.0,2234.0,2205,2232.0,5481,2329.9202,2232.0,0.0,0.0
2016-04-28,2232.0,2260.0,2236,2237.0,6911,2352.3494,2270.0,115.349365234375,0.0
2016-05-11,2269.0,2269.0,2241,2269.0,6580,2300.6624,2270.0,31.662353515625,0.0
2016-05-24,2275.0,2315.0,2255,2310.0,22878,2287.5046,2220.0,0.0,22.495361328125
2016-06-02,2220.0,2220.0,2190,2208.0,7999,2293.7173,2239.0,85.71728515625,0.0
2016-06-13,2341.0,2433.0,2281,2310.0,11973,2353.87,2276.0,0.0,-43.8701171875
2016-06-15,2280.0,2310.0,2280,2289.0,4013,2330.5916,2308.0,41.591552734375,0.0
2016-06-23,2308.0,2380.0,2285,2340.0,15451,2295.8242,2410.0,-44.17578125,0.0
2016-07-21,2420.0,2445.0,2400,2425.0,8852,2358.8376,2463.0,-66.162353515625,0.0
2016-07-25,2425.0,2480.0,2435,2460.0,10227,2385.725,2451.0,0.0,74.27490234375
2016-07-28,2466.0,2500.0,2435,2465.0,16728,2389.39,2342.0,0.0,75.610107421875
2016-07-31,2465.0,2495.0,2368,2463.0,9411,2371.987,2345.0,0.0,91.012939453125
2016-08-01,2463.0,2470.0,2420,2451.0,4693,2380.965,2240.0,0.0,70.034912109375
2016-08-14,2360.0,2400.0,2321,2340.0,9548,2282.2034,2277.0,0.0,57.796630859375
2016-09-01,2360.0,2377.0,2350,2365.0,5878,2301.1863,2438.0,-63.813720703125,0.0
2016-09-11,2438.0,2440.0,2400,2410.0,7702,2277.032,1764.9999999999998,0.0,132.968017578125
2016-09-25,1765.0,1760.0,1700,1700.0,14267,1790.4205,1780.0,90.4205322265625,0.0
2016-10-05,1800.0,1810.0,1780,1790.0,4046,1794.6521,1790.0,0.0,0.0
2016-10-17,1770.0,1780.0,1743,1774.0,4532,1720.391,1740.0,0.0,53.6090087890625
2016-10-23,1785.0,1785.0,1762,1765.0,8690,1745.7638,1760.0000000000002,0.0,19.2362060546875
2016-11-17,1695.0,1705.0,1660,1670.0,8823,1689.267,1595.0,0.0,-19.2669677734375
2016-11-20,1670.0,1650.0,1596,1630.0,8592,1643.9811,1555.0,0.0,-13.9810791015625
2016-11-22,1635.0,1655.0,1605,1630.0,7277,1623.1223,1655.0,-6.877685546875,0.0
2016-12-04,1674.0,1670.0,1600,1670.0,4200,1661.9618,1600.0,0.0,8.0382080078125
2016-12-05,1670.0,1690.0,1610,1640.0,2489,1667.5829,1590.0,0.0,-27.5828857421875
2016-12-06,1640.0,1650.0,1618,1638.0,2942,1633.593,1580.0,0.0,4.406982421875
2016-12-08,1635.0,1635.0,1616,1630.0,2418,1607.8752,1574.9999999999998,0.0,22.124755859375
2016-12-27,1508.0,1500.0,1421,1479.0,3491,1472.2838,1525.0000000000002,-6.7161865234375,0.0
2016-12-28,1479.0,1485.0,1450,1475.0,6181,1470.432,1515.0,-4.5679931640625,0.0
2017-01-04,1525.0,1529.0,1515,1515.0,1430,1521.9767,1565.0,6.9766845703125,0.0
2017-01-09,1510.0,1529.0,1510,1519.0,1389,1503.8336,1507.9999999999998,0.0,15.1663818359375
2017-01-25,1487.0,1459.0,1426,1441.0,7828,1461.3274,1455.0,20.327392578125,0.0
2017-02-01,1390.0,1450.0,1400,1442.0,5711,1411.6934,1395.0,0.0,30.306640625
2017-02-06,1455.0,1455.0,1420,1420.0,3203,1455.1589,1370.0,0.0,-35.158935546875
2017-02-09,1395.0,1391.0,1370,1370.0,4797,1361.5913,1456.0,-8.40869140625,0.0
2017-02-13,1305.0,1380.0,1275,1370.0,10589,1313.6035,1520.0,-56.396484375,0.0
2017-02-22,1515.0,1505.0,1475,1485.0,1883,1488.8616,1420.0,0.0,-3.861572265625
2017-03-02,1400.0,1421.0,1401,1420.0,3487,1406.5663,1455.0,-13.4337158203125,0.0
2017-03-06,1450.0,1470.0,1451,1469.0,3287,1469.9993,1440.0,0.0,-0.999267578125
2017-03-09,1435.0,1463.0,1436,1436.0,3014,1461.2627,1440.0,25.2626953125,0.0
2017-03-13,1436.0,1460.0,1435,1455.0,2366,1451.6589,1460.0,-3.341064453125,0.0
2017-03-14,1455.0,1465.0,1440,1449.0,1385,1448.0801,1475.0000000000002,-0.919921875,0.0
2017-03-15,1449.0,1449.0,1421,1440.0,1235,1431.0277,1481.0,-8.9722900390625,0.0
2017-03-21,1460.0,1475.0,1450,1475.0,7625,1446.0565,1570.0000000000002,-28.9434814453125,0.0
2017-03-28,1500.0,1581.0,1529,1575.0,9939,1525.6359,1580.0,-49.3641357421875,0.0
2017-03-29,1575.0,1606.0,1550,1570.0,18088,1545.5538,1570.0000000000002,-24.4461669921875,0.0
2017-04-02,1550.0,1591.0,1560,1579.0,8810,1561.4481,1574.9999999999998,0.0,17.5518798828125
2017-04-18,1556.0,1556.0,1515,1515.0,2972,1552.9639,1590.0,37.9638671875,0.0
2017-04-20,1540.0,1570.0,1540,1551.0,4148,1548.9441,1580.0,-2.055908203125,0.0
2017-04-24,1599.0,1600.0,1575,1599.0,4041,1584.2843,1535.0,0.0,14.7156982421875
2017-05-03,1535.0,1596.0,1560,1569.0,3461,1557.3701,1560.0,0.0,11.6298828125
2017-05-08,1535.0,1564.0,1520,1540.0,2702,1554.4487,1560.0,14.44873046875,0.0
2017-05-11,1560.0,1570.0,1560,1560.0,2672,1570.4198,1550.0,0.0,-10.4197998046875
2017-05-18,1560.0,1565.0,1540,1554.0,5123,1547.1018,1500.0,0.0,6.898193359375
2017-05-22,1550.0,1559.0,1535,1535.0,1271,1547.4088,1515.0,0.0,-12.4088134765625
2017-06-04,1500.0,1501.0,1470,1480.0,8738,1481.1461,1472.0,0.0,-1.1461181640625
2017-06-07,1519.0,1540.0,1514,1515.0,10804,1507.3517,1451.9999999999998,0.0,7.6483154296875
2017-06-13,1460.0,1479.0,1455,1460.0,5712,1459.9299,1442.0,0.0,0.070068359375
2017-06-20,1450.0,1455.0,1436,1442.0,4585,1450.6536,1499.0,8.653564453125,0.0
2017-06-28,1491.0,1500.0,1485,1499.0,4402,1488.7933,1500.0,-10.2066650390625,0.0
2017-07-04,1475.0,1479.0,1472,1476.0,2778,1473.1085,1506.0,-2.8914794921875,0.0
2017-07-05,1476.0,1485.0,1475,1475.0,2783,1474.3494,1518.9999999999998,-0.650634765625,0.0
2017-07-10,1500.0,1505.0,1490,1493.0,6071,1491.177,1596.9999999999998,-1.822998046875,0.0
2017-07-16,1523.0,1530.0,1500,1530.0,2912,1520.2126,1635.0,-9.787353515625,0.0
2017-07-30,1627.0,1630.0,1610,1620.0,3503,1622.6263,1728.0,2.6263427734375,0.0
2017-08-03,1638.0,1675.0,1652,1667.0,15706,1660.1754,1750.0,-6.8245849609375,0.0
2017-08-22,1720.0,1730.0,1717,1729.0,5422,1742.7589,1736.9999999999998,13.7589111328125,0.0
2017-09-04,1700.0,1701.0,1640,1665.0,13365,1653.1138,1191.0,0.0,11.88623046875
2017-09-10,1675.0,1688.0,1632,1634.0,29951,1624.1906,1245.0,0.0,9.8094482421875
2017-09-13,1191.0,1190.0,1170,1185.0,6694,1198.9706,1254.0,13.9705810546875,0.0
2017-10-04,1265.0,1269.0,1245,1245.0,5471,1239.3351,1200.0,0.0,5.6649169921875
2017-10-09,1218.0,1225.0,1200,1205.0,6902,1225.1506,1285.0,20.150634765625,0.0
2017-10-12,1200.0,1205.0,1195,1200.0,6344,1211.318,1272.0,11.3179931640625,0.0
2017-10-31,1225.0,1225.0,1210,1219.0,4315,1213.7473,1179.0,0.0,5.252685546875
2017-11-12,1130.0,1150.0,1121,1150.0,10024,1131.4125,1168.0,-18.5875244140625,0.0
2017-11-14,1161.0,1200.0,1163,1200.0,11066,1184.9338,1145.0,0.0,15.066162109375
2017-11-23,1166.0,1175.0,1166,1166.0,5085,1174.0804,1179.0,8.0804443359375,0.0
2017-11-27,1175.0,1184.0,1160,1165.0,7045,1169.4891,1170.0,4.4891357421875,0.0
2017-12-04,1179.0,1181.0,1166,1166.0,4406,1170.5088,1160.0,0.0,-4.5087890625
2017-12-11,1164.0,1167.0,1152,1167.0,2773,1162.5392,1160.0,0.0,4.4608154296875
2017-12-14,1156.0,1169.0,1159,1160.0,1117,1170.5721,1149.0,0.0,-10.5721435546875
2017-12-21,1155.0,1160.0,1145,1149.0,4245,1155.2542,1020.0000000000001,0.0,-6.254150390625
2018-01-03,1080.0,1100.0,1050,1055.0,12532,1065.225,1070.0,10.2249755859375,0.0
2018-01-04,1055.0,1081.0,1059,1080.0,7265,1069.155,1065.0,0.0,10.844970703125
2018-01-09,1089.0,1100.0,1089,1090.0,9727,1099.1538,1039.0,0.0,-9.15380859375
2018-01-22,1039.0,1043.0,1033,1039.0,11946,1038.3901,1052.0,-0.60986328125,0.0
2018-01-23,1039.0,1040.0,1030,1031.0,6612,1035.7039,1070.0,4.703857421875,0.0
2018-02-06,1077.0,1073.0,1065,1072.0,4578,1076.8243,1068.0,0.0,-4.8243408203125
2018-02-08,1066.0,1070.0,1057,1065.0,8717,1075.395,1112.0,10.39501953125,0.0
2018-02-11,1065.0,1070.0,1060,1070.0,6351,1074.6031,1100.0,4.6031494140625,0.0
2018-02-26,1070.0,1085.0,1059,1059.0,12348,1075.7278,1050.0,0.0,-16.727783203125
2018-03-06,1035.0,1060.0,1025,1050.0,15880,1047.7649,1030.0,0.0,2.235107421875
2018-03-11,1060.0,1060.0,1040,1044.0,11768,1045.9445,1025.0,0.0,-1.9444580078125
2018-03-15,1030.0,1035.0,1023,1023.0,11196,1036.9463,974.9999999999999,0.0,-13.9462890625
2018-03-22,985.0,990.0,969,975.0,20012,974.16394,945.0,0.0,0.8360595703125
2018-03-26,975.0,965.0,920,925.0,16921,940.7754,945.0,15.775390625,0.0
2018-03-27,925.0,950.0,888,939.0,25557,924.1915,950.0000000000001,-14.8084716796875,0.0
2018-04-09,999.0,1030.0,994,994.0,35267,1009.08905,996.0,15.08905029296875,0.0
2018-04-11,986.0,994.0,980,988.0,8026,1002.2733,1040.0,14.2733154296875,0.0
2018-04-16,990.0,999.0,980,996.0,8325,1000.9627,1050.0,4.96270751953125,0.0
2018-04-22,1055.0,1076.0,1058,1065.0,20691,1061.8475,1013.0,0.0,3.1524658203125
2018-04-25,1032.0,1045.0,1030,1040.0,10589,1049.1022,1005.0,0.0,-9.1021728515625
2018-04-29,1030.0,1020.0,1002,1013.0,7378,1020.6678,1010.0,0.0,-7.66778564453125
2018-05-02,1013.0,1025.0,996,1009.0,10811,1018.84625,1002.9999999999999,0.0,-9.84625244140625
2018-05-15,1000.0,1007.0,995,1002.0,2596,1013.41956,995.0,0.0,-11.4195556640625
2018-05-20,1002.0,1022.0,1000,1000.0,9372,1023.26965,988.9999999999999,0.0,-23.2696533203125
2018-05-24,987.0,999.0,990,990.0,5307,1001.8432,999.9999999999999,11.84320068359375,0.0
2018-06-03,1000.0,1000.0,980,980.0,5913,994.88153,955.0,0.0,-14.88153076171875
2018-06-13,955.0,960.0,945,955.0,3803,960.0012,940.0,0.0,-5.001220703125
2018-06-18,942.0,955.0,937,943.0,2878,957.35913,932.0,0.0,-14.359130859375
2018-06-26,932.0,931.0,922,928.0,1174,938.1064,920.0,0.0,-10.10638427734375
2018-07-08,924.0,953.0,928,940.0,12880,942.2313,920.0,0.0,-2.2313232421875
2018-07-10,918.0,926.0,917,917.0,3949,925.8232,900.0,0.0,-8.82318115234375
2018-07-15,912.0,920.0,912,920.0,5465,928.99225,900.0,0.0,-8.99224853515625
2018-07-17,921.0,917.0,899,900.0,64608,906.51465,899.0,0.0,-6.5146484375
2018-07-30,910.0,913.0,907,909.0,5174,928.586,903.0,0.0,-19.58599853515625
2018-08-12,909.0,910.0,894,900.0,6359,911.4373,959.0,11.43731689453125,0.0
2018-08-15,907.0,940.0,913,935.0,17869,941.037,945.0,6.0369873046875,0.0
2018-08-30,947.0,952.0,945,947.0,5231,952.42426,965.0,5.42425537109375,0.0
2018-09-10,970.0,967.0,960,964.0,7438,970.67316,968.0,6.67315673828125,0.0
2018-09-11,964.0,969.0,960,966.0,6852,974.8829,968.0,8.88287353515625,0.0
2018-09-18,968.0,970.0,966,968.0,5243,980.3895,960.9999999999999,0.0,-12.3895263671875
2018-09-25,961.0,965.0,960,965.0,5209,972.4663,945.0,0.0,-7.46630859375
2018-09-26,965.0,969.0,960,966.0,9356,971.9965,942.0,0.0,-5.99652099609375
2018-09-30,961.0,961.0,950,950.0,7218,961.80853,927.0,0.0,-11.80853271484375
2018-10-01,950.0,956.0,934,945.0,2593,952.4147,929.0,0.0,-7.4146728515625
2018-10-07,944.0,944.0,927,927.0,5803,942.85297,938.0,15.85296630859375,0.0
2018-10-15,938.0,956.0,940,953.0,1245,963.65076,956.0,10.6507568359375,0.0
2018-10-29,942.0,945.0,939,940.0,2862,947.9394,938.0,0.0,-7.93939208984375
2018-11-04,946.0,947.0,938,940.0,2099,945.6266,911.0000000000001,0.0,-5.6265869140625
2018-11-07,940.0,951.0,940,0.0,12170,804.06384,918.9999999999999,804.0638427734375,0.0
2018-11-20,917.0,918.0,902,902.0,760,901.56384,889.0,0.0,0.4361572265625
2018-11-25,900.34,904.0,898,898.76,3792,880.95447,865.0,0.0,17.80553222656249
2018-12-06,851.0,851.0,830,850.0,6099,866.81744,847.0,0.0,-16.81744384765625
2018-12-12,855.0,860.0,845,851.0,3175,877.1216,850.0,0.0,-26.12158203125
2018-12-13,851.0,855.0,847,847.0,4879,873.7225,851.0,26.72247314453125,0.0
2018-12-24,870.0,876.0,865,868.0,5253,871.4403,859.9999999999999,0.0,-3.4403076171875
2019-01-01,860.0,863.0,851,851.0,5002,860.92035,837.0,0.0,-9.92034912109375
2019-01-08,835.0,839.0,835,837.0,3971,847.7782,842.0,10.7781982421875,0.0
2019-01-16,842.0,858.0,841,845.0,2960,869.00616,838.0000000000001,0.0,-24.00616455078125
2019-01-20,844.0,850.0,844,850.0,3123,862.337,838.0000000000001,0.0,-12.33697509765625
2019-01-27,840.0,841.0,832,838.0,3910,844.24677,841.0000000000001,6.24676513671875,0.0
2019-01-31,837.0,844.0,837,841.0,4408,848.97015,831.0,0.0,-7.97015380859375
2019-02-05,829.0,835.0,829,830.0,2150,841.70764,825.0,0.0,-11.7076416015625
2019-03-11,691.0,700.0,691,696.0,16082,724.8923,722.0,28.89227294921875,0.0
2019-03-14,715.0,720.0,708,715.0,3812,740.1196,711.9999999999999,0.0,-25.11962890625
2019-04-02,712.0,718.0,710,717.0,15403,717.5641,743.0000000000001,0.5640869140625,0.0
2019-04-17,766.0,780.0,766,773.0,11183,793.25415,878.0,20.254150390625,0.0
2019-04-30,868.0,871.0,851,856.0,7584,860.8974,845.9999999999999,0.0,-4.89739990234375
2019-05-05,847.0,844.0,830,835.0,9479,830.3126,841.0000000000001,-4.6873779296875,0.0
2019-05-06,835.0,855.0,834,851.0,8355,836.45776,844.0,0.0,14.542236328125
2019-05-07,851.0,869.0,850,850.0,8243,851.7081,848.0,0.0,-1.7081298828125
2019-05-28,840.0,844.0,830,836.0,2822,846.49915,829.0,0.0,-10.4991455078125
2019-06-03,834.0,835.0,830,833.0,2874,833.5342,820.0,0.0,-0.5341796875
2019-06-10,828.0,842.0,820,826.0,4518,832.6659,816.0,0.0,-6.6658935546875
2019-06-27,804.0,815.0,799,800.0,12955,818.08466,798.0,0.0,-18.08465576171875
2019-06-30,800.0,806.0,785,785.0,28406,801.9886,790.0,16.98858642578125,0.0
2019-07-14,823.0,827.0,820,825.0,3781,837.04846,801.0,0.0,-12.0484619140625
2019-07-17,800.0,814.0,800,813.0,17512,811.85767,812.0,0.0,1.142333984375
2019-07-23,805.0,810.0,802,808.0,13387,810.52094,801.0,0.0,-2.52093505859375
2019-07-24,808.0,815.0,805,812.0,17884,819.2144,800.0,0.0,-7.21441650390625
2019-08-05,799.0,800.0,795,800.0,9946,804.79095,783.0,0.0,-4.79095458984375
2019-08-14,782.0,784.0,775,779.0,11640,791.32135,778.0,0.0,-12.32135009765625
2019-08-20,778.0,782.0,777,778.0,12518,793.9844,778.0,0.0,0.0
2019-08-21,778.0,779.0,775,778.0,13659,791.46497,770.0,0.0,-13.4649658203125
2019-08-29,770.0,775.0,768,770.0,9213,786.9471,780.0,16.94708251953125,0.0
2019-09-03,758.0,775.0,750,774.0,8894,773.1572,769.0,0.0,0.8427734375
2019-09-19,775.0,784.0,770,770.0,13287,788.5973,759.0,0.0,-18.5972900390625
2019-09-26,759.0,762.0,755,759.0,3989,773.8657,769.0,14.86572265625,0.0
2019-10-01,760.0,777.0,761,772.0,2719,782.82355,763.0,0.0,-10.82354736328125
2019-10-21,757.0,764.0,755,758.0,6056,766.84485,760.0,8.8448486328125,0.0
2019-10-31,768.0,768.0,753,761.0,6352,775.85266,755.0,0.0,-14.8526611328125
2019-11-12,753.0,765.0,749,750.0,21447,767.2008,753.0,17.2008056640625,0.0
2019-11-25,730.0,732.0,727,727.0,10567,736.5063,725.0,0.0,-9.50628662109375
2019-11-26,727.0,735.0,725,730.0,8682,737.2996,725.0,0.0,-7.29962158203125
2019-12-17,737.0,747.0,739,743.0,9416,748.8491,667.0,0.0,-5.84912109375
2019-12-31,675.0,682.0,676,681.0,15116,690.8405,722.0,9.84051513671875,0.0
2020-01-09,721.0,723.0,711,716.0,9624,722.518,750.9999999999999,6.51800537109375,0.0
2020-01-14,730.0,735.0,716,730.0,12535,721.204,755.0,-8.7960205078125,0.0
2020-01-19,751.0,766.0,757,764.0,22863,761.3073,711.9999999999999,0.0,2.69268798828125
2020-01-26,727.0,727.0,709,712.0,20914,721.2592,752.0,9.25921630859375,0.0
2020-01-27,712.0,729.0,706,720.0,17628,720.36804,738.0,0.3680419921875,0.0
2020-02-02,736.0,754.0,740,752.0,37634,759.3058,721.0,0.0,-7.3057861328125
2020-02-25,800.0,814.0,779,814.0,37640,800.67896,887.9999999999999,-13.321044921875,0.0
2020-03-18,731.0,739.0,700,715.0,43913,739.2228,660.0,0.0,-24.2227783203125
2020-07-01,725.0,770.0,725,770.0,15536,825.2605,741.0,0.0,-55.260498046875
2020-07-14,742.0,760.0,742,745.0,29973,771.8069,845.9999999999999,26.806884765625,0.0
2020-08-10,813.0,840.0,810,832.0,47830,841.1583,822.0,0.0,-9.1583251953125
2020-09-14,849.0,870.0,852,856.0,33179,859.8893,883.0000000000001,3.8892822265625,0.0
2020-09-15,856.0,864.0,853,856.0,31304,856.7306,871.0,0.7305908203125,0.0
2020-09-20,859.0,895.0,870,880.0,72747,878.18195,873.9999999999999,0.0,1.81805419921875
2020-09-21,880.0,892.0,876,883.0,61628,875.63934,871.0,0.0,7.36065673828125
2020-09-23,871.0,877.0,866,874.0,30912,890.266,859.0,0.0,-16.2659912109375
2020-09-27,875.0,883.0,870,874.0,23447,906.39795,880.0000000000001,32.39794921875,0.0
2020-09-29,871.0,875.0,862,864.0,20446,894.8591,876.9999999999999,30.85906982421875,0.0
2020-10-21,868.0,884.0,870,880.0,30592,891.71185,886.0,11.71185302734375,0.0
2020-11-03,886.0,897.0,884,888.0,15950,909.0957,879.0,0.0,-21.095703125
2020-11-12,883.0,891.0,883,887.0,36591,890.8063,971.9999999999999,3.8062744140625,0.0
2020-11-18,887.0,905.0,888,901.0,61321,893.50433,1038.0,-7.49566650390625,0.0
2020-11-25,972.0,1029.0,972,1038.0,295613,1013.9125,1125.0,-24.0875244140625,0.0
2020-11-30,1185.0,1244.0,1150,1159.0,196359,1097.6187,1118.0,0.0,61.38134765625
2020-12-03,1125.0,1196.0,1106,1140.0,159437,1062.2474,1120.0,0.0,77.7525634765625
2020-12-06,1140.0,1145.0,1078,1078.0,161986,1010.98364,1159.0,-67.016357421875,0.0
2020-12-07,1078.0,1147.0,1057,1118.0,164879,1049.688,1227.0,-68.31201171875,0.0
2020-12-17,1248.0,1255.0,1228,1235.0,101916,1292.7656,1425.0,57.765625,0.0
2020-12-27,1425.0,1450.0,1381,1384.0,290409,1214.1748,1125.0,0.0,169.8251953125
2021-01-04,1125.0,1136.0,1102,1111.0,91228,1181.07,1125.0,70.0699462890625,0.0
2021-01-05,1111.0,1118.0,1095,1097.0,90991,1204.3887,1140.0,107.388671875,0.0
