,adjclose,open,high,low,volume,other,RSI
0,226,230,226,226,50,ok,
1,213,226,222,213,648,ok,
2,200,213,209,200,239,ok,
3,196,200,196,196,500,ok,
4,196,196,199,196,180,ok,
5,191,196,194,191,246,ok,
6,191,191,191,191,123,ok,
7,194,191,194,194,500,ok,
8,188,194,191,188,925,ok,
9,191,188,191,191,49,ok,
10,204,191,204,194,90,ok,
11,208,204,208,208,20,ok,
12,204,208,212,204,130,ok,
13,205,204,207,205,401,ok,
14,205,205,205,205,10,ok,44.59220749570036
15,202,205,204,202,359,ok,41.227621510759
16,199,202,199,199,200,ok,38.129368006244405
17,200,199,202,200,207,ok,39.75460228481602
18,204,200,204,204,1000,ok,45.87872792420831
19,199,204,200,199,1750,ok,40.35634252700864
20,200,199,200,200,60,ok,41.86356858278222
21,202,200,202,202,130,ok,44.864526553591766
22,206,202,206,206,40,ok,50.38114515012137
23,210,206,210,136,2502,ok,55.2076262769297
24,214,210,214,214,50,ok,59.45487064370415
25,224,214,224,224,10,ok,67.70049778049565
26,228,224,228,228,40,ok,70.3021799913407
27,232,228,232,232,2844,ok,72.67268091737446
28,240,232,240,236,1060,ok,76.68161335129389
29,257,240,257,244,120,ok,82.54243993990708
30,262,257,267,262,1025,ok,83.82974920347473
31,287,262,287,267,1479,ok,88.42549852649684
32,297,287,297,292,41,ok,89.68798772770451
33,295,297,302,292,3189,ok,87.62930498628378
34,280,295,290,280,150,ok,73.92405738912214
35,280,280,280,275,78,ok,73.92405738912214
36,285,280,285,285,20,ok,75.41078141014407
37,257,285,280,257,2159,ok,56.11567283420244
38,251,257,252,247,490,ok,52.98699409310434
39,256,251,256,256,20,ok,55.22723218235252
40,252,256,255,251,595,ok,53.04936679906784
41,250,252,250,249,467,ok,51.94633668990423
42,255,250,260,255,45,ok,54.49376938445913
43,260,255,260,259,59,ok,56.951417795566535
44,270,260,270,265,470,ok,61.437143977210575
45,270,270,270,265,2669,ok,61.437143977210575
46,290,270,290,271,140,ok,68.9434529618696
47,275,290,285,270,365,ok,59.57687573924078
48,270,275,271,270,2196,ok,56.80643508454612
49,275,270,275,270,2957,ok,58.86636705788996
50,265,275,270,265,118,ok,53.38295229881032
51,265,265,265,261,221,ok,53.38295229881032
52,270,265,270,270,1218,ok,55.77197762752675
53,270,270,270,270,67,ok,55.77197762752675
54,271,270,271,271,48,ok,56.29154374150606
55,276,271,276,276,10,ok,58.8918579800891
56,280,276,280,280,450,ok,60.8961217173891
57,275,280,275,275,146,ok,57.14549602862628
58,280,275,280,280,18,ok,59.81115333101239
59,280,280,280,275,503,ok,59.81115333101239
60,285,280,285,285,25,ok,62.51530584110542
61,295,285,295,285,2339,ok,67.26010276403288
62,300,295,300,299,1517,ok,69.34920677832548
63,305,300,305,300,519,ok,71.32002344790206
64,329,305,329,311,665,ok,78.47457187305996
65,334,329,335,334,100,ok,79.61547178364356
66,327,334,328,327,94,ok,73.72408095369377
67,321,327,325,321,115,ok,69.01027182373497
68,323,321,333,314,4614,ok,69.70559778011264
69,318,323,318,317,143,ok,65.73468840507346
70,315,318,315,312,694,ok,63.40094043458089
71,321,315,321,321,100,ok,66.00076013936686
72,325,321,325,320,424,ok,67.65056807380088
73,325,325,325,324,325,ok,67.65056807380088
74,327,325,327,324,2400,ok,68.535925259913
75,325,327,326,325,400,ok,66.57374224693545
76,325,325,327,325,630,ok,66.57374224693545
77,319,325,331,319,440,ok,60.54293657074488
78,313,319,313,313,95,ok,55.161557694080905
79,319,313,319,319,100,ok,59.07865755530601
80,342,319,342,325,408,ok,69.92495814533778
81,336,342,336,336,24,ok,65.07898885157016
82,329,336,330,320,324,ok,59.86629413599826
83,323,329,323,323,200,ok,55.74471990736938
84,316,323,322,316,630,ok,51.3067276534796
85,326,316,326,320,1814,ok,56.619966384474175
86,336,326,338,325,2486,ok,61.18152745971704
87,330,336,342,330,301,ok,57.28900755188861
88,328,330,328,318,987,ok,56.00980874591927
89,321,328,322,315,1151,ok,51.661812936737405
90,327,321,327,321,603,ok,54.89400519983678
91,325,327,325,316,2656,ok,53.60725620940031
92,343,325,343,331,472,ok,62.19606795439339
93,337,343,343,337,130,ok,58.32022940969162
94,357,337,361,343,3015,ok,65.93955445632194
95,392,357,392,364,1922,ok,74.66720011950261
96,383,392,414,376,1385,ok,69.71995926477325
97,377,383,377,370,292,ok,66.55403164880218
98,369,377,377,369,2065,ok,62.48014179345106
99,365,369,365,362,484,ok,60.48649587799196
100,369,365,369,369,300,ok,61.799189226526266
101,372,369,372,372,20,ok,62.79743296334248
102,365,372,366,365,350,ok,58.928001198263125
103,366,365,366,366,100,ok,59.31369283204344
104,359,366,359,359,48,ok,55.3924167796546
105,359,359,361,359,170,ok,55.3924167796546
106,353,359,359,348,1060,ok,51.97653852261819
107,350,353,360,350,1650,ok,50.30611150080233
108,357,350,357,350,2225,ok,54.01938072484799
109,360,357,360,360,200,ok,55.55227052963161
110,377,360,377,367,931,ok,63.06627689412831
111,370,377,370,370,200,ok,58.66824026817992
112,384,370,384,377,20,ok,64.06565792303638
113,380,384,391,380,1259,ok,61.5908857831166
114,385,380,386,385,480,ok,63.48944047613536
115,390,385,390,390,40,ok,65.33474442388581
116,394,390,402,394,40,ok,66.78120935948421
117,380,394,387,380,400,ok,57.70544835059025
118,397,380,397,386,540,ok,64.08774538026194
119,404,397,404,397,864,ok,66.34011186807714
120,385,404,404,385,8775,ok,56.06216246542305
121,378,385,378,371,405,ok,52.81561512173964
122,381,378,392,380,1526,ok,54.04391061504072
123,395,381,417,388,2844,ok,59.3606219113345
124,393,395,400,393,1031,ok,58.32256005038262
125,400,393,400,387,1325,ok,60.89980915623743
126,400,400,408,400,1200,ok,60.89980915623743
127,401,400,401,390,4792,ok,61.29634158314092
128,392,401,400,385,1789,ok,55.8105037391508
129,390,392,390,390,100,ok,54.640215120509886
130,266,390,266,266,50,ok,22.76598030692197
131,274,266,275,270,900,ok,25.774371016744794
132,289,274,289,279,500,ok,31.18669715952558
133,275,289,284,270,2600,ok,29.05707102644915
134,280,275,280,280,200,ok,30.87263126378636
135,275,280,280,275,300,ok,30.044589010227213
136,272,275,274,272,2220,ok,29.532767037784254
137,272,272,272,272,147,ok,29.532767037784254
138,272,272,272,272,100,ok,29.532767037784254
139,277,272,277,267,764,ok,31.94605294746576
140,272,277,272,272,375,ok,30.80974928506313
141,270,272,272,270,130,ok,30.34479939980686
142,265,270,265,265,200,ok,29.160038361571083
143,265,265,270,260,1329,ok,29.160038361571083
144,255,265,265,255,1100,ok,26.738543243808607
145,260,255,260,260,100,ok,29.87419658969577
146,255,260,255,255,130,ok,28.55787192435132
147,256,255,260,256,30,ok,29.229507483908705
148,250,256,255,250,279,ok,27.555623059875657
149,253,250,253,253,360,ok,29.722697073065035
150,250,253,250,250,150,ok,28.795073167074165
151,245,250,245,245,200,ok,27.267631723819136
152,233,245,241,231,832,ok,23.9799445781521
153,230,233,237,230,825,ok,23.225995367325552
154,228,230,235,228,1350,ok,22.713290551547374
155,225,228,225,225,20,ok,21.931244581608095
156,223,225,225,221,492,ok,21.402185975073664
157,223,223,225,223,250,ok,21.402185975073664
158,227,223,227,227,20,ok,25.56708880233225
159,225,227,225,225,210,ok,24.85781797594646
160,222,225,222,222,200,ok,23.79163663495125
161,220,222,220,218,448,ok,23.080891210460635
162,224,220,224,224,1000,ok,27.730933255005997
163,224,224,225,224,1680,ok,27.730933255005997
164,224,224,224,220,1273,ok,27.730933255005997
165,222,224,225,221,830,ok,26.7221047331104
166,218,222,218,218,250,ok,24.78043039516764
167,214,218,221,214,3937,ok,22.98205914766683
168,210,214,215,210,1400,ok,21.31610501612758
169,206,210,210,206,2530,ok,19.77255212899493
170,200,206,203,200,2239,ok,17.7018899882664
171,202,200,202,202,142,ok,20.683649847201167
172,206,202,206,206,3069,ok,26.425168221732847
173,210,206,210,210,50,ok,31.745969319050616
174,210,210,210,210,190,ok,31.745969319050616
175,210,210,210,210,40,ok,31.745969319050616
176,206,210,206,206,96,ok,29.116095387347585
177,207,206,207,207,150,ok,30.66255598227511
178,206,207,206,206,210,ok,29.95867614106865
179,205,206,205,205,240,ok,29.235920274445107
180,209,205,209,209,50,ok,35.89765867445449
181,213,209,213,213,200,ok,41.7982487821364
182,214,213,214,210,531,ok,43.20575580661109
183,218,214,218,218,10,ok,48.564043344424455
184,222,218,222,220,110,ok,53.3080807021742
185,222,222,222,222,300,ok,53.3080807021742
186,230,222,230,225,716,ok,61.53670333084056
187,238,230,238,234,650,ok,67.67215878310898
188,238,238,240,234,671,ok,67.67215878310898
189,240,238,244,240,1550,ok,69.10122055666947
190,236,240,240,236,147,ok,63.09395628900436
191,234,236,235,234,785,ok,60.27255221805132
192,230,234,230,230,50,ok,54.97742274067864
193,226,230,230,226,791,ok,50.22553415266556
194,225,226,226,225,1150,ok,49.08333809794248
195,220,225,222,220,400,ok,43.72862066887028
196,226,220,226,224,400,ok,50.68169031728376
197,230,226,230,227,599,ok,54.70031651237058
198,230,230,230,230,466,ok,54.70031651237058
199,225,230,230,224,2112,ok,48.92138495929993
200,225,225,225,222,275,ok,48.92138495929992
201,221,225,221,221,172,ok,44.55416218126536
202,225,221,225,225,200,ok,49.4170621485089
203,228,225,228,226,700,ok,52.76326456134751
204,230,228,232,230,1389,ok,54.90501954371018
205,238,230,238,230,280,ok,62.2735449288336
206,234,238,235,234,637,ok,57.23751993877568
207,231,234,231,231,95,ok,53.728127472458645
208,232,231,232,232,50,ok,54.7246258775875
209,229,232,234,227,4004,ok,51.16473871936113
210,220,229,228,220,1093,ok,42.27915999689228
211,226,220,226,222,822,ok,48.67814022490262
212,227,226,230,227,774,ok,49.67942396235848
213,230,227,230,230,200,ok,52.663157273474745
214,230,230,230,230,531,ok,52.663157273474745
215,230,230,230,230,285,ok,52.663157273474745
216,230,230,230,230,500,ok,52.663157273474745
217,230,230,230,228,1400,ok,52.663157273474745
218,230,230,234,230,242,ok,52.663157273474745
219,222,230,234,222,1697,ok,42.24354444178303
220,230,222,230,226,150,ok,52.38832838858762
221,230,230,234,230,2587,ok,52.38832838858763
222,238,230,238,230,1900,ok,60.44588410856146
223,260,238,260,242,160,ok,73.65159115786018
224,278,260,280,265,1433,ok,79.6407545678084
225,275,278,275,275,10,ok,76.51889134847364
226,270,275,270,269,622,ok,71.4890805454607
227,253,270,268,253,691,ok,57.62071645917992
228,240,253,253,240,302,ok,49.68336454194739
229,236,240,236,236,250,ok,47.5145380204623
230,232,236,232,228,1227,ok,45.381130551129694
231,250,232,250,228,1150,ok,55.14192431701008
232,260,250,260,250,2435,ok,59.47483196762096
233,255,260,255,255,43,ok,56.534431323806565
234,250,255,250,250,193,ok,53.67656016681742
235,250,250,252,248,506,ok,53.67656016681742
236,245,250,245,245,58,ok,50.703931774157525
237,249,245,249,249,210,ok,52.94885163920258
238,245,249,245,245,20,ok,50.47350128435176
239,241,245,241,241,20,ok,48.05416706423874
240,237,241,241,237,1222,ok,45.69537651233792
241,233,237,233,233,100,ok,43.40111010128661
242,226,233,230,226,295,ok,39.64938685231489
243,230,226,230,228,165,ok,42.69762713227213
244,234,230,234,234,145,ok,45.65374545171888
245,246,234,246,237,323,ok,53.41759409190447
246,250,246,250,250,110,ok,55.689933856247656
247,250,250,250,250,200,ok,55.689933856247656
248,245,250,245,245,600,ok,52.0117597670765
249,248,245,248,248,20,ok,53.9759187610719
250,266,248,266,252,6168,ok,63.60210074887802
251,280,266,290,271,1855,ok,69.02807101058782
252,285,280,285,280,2290,ok,70.7075824229816
253,262,285,280,257,1195,ok,55.73531217733375
254,250,262,257,245,2088,ok,49.80920657645912
255,233,250,245,233,5511,ok,42.85713214693421
256,230,233,230,229,990,ok,41.74970487151707
257,234,230,234,230,515,ok,43.83367522530709
258,232,234,238,232,568,ok,43.005219576475056
259,228,232,232,228,240,ok,41.32305501821223
260,228,228,232,228,1351,ok,41.32305501821223
261,228,228,229,228,203,ok,41.32305501821223
262,230,228,232,230,1226,ok,42.72218419122755
263,232,230,232,226,1018,ok,44.15618720415321
264,230,232,230,230,108,ok,42.9969145527209
265,235,230,235,230,446,ok,46.76010264723316
266,231,235,232,231,700,ok,44.24368060167931
267,235,231,235,235,350,ok,47.29803559796119
268,236,235,239,235,285,ok,48.064017413178135
269,232,236,235,232,355,ok,45.23208467007027
270,236,232,236,236,1219,ok,48.49988667304776
271,234,236,234,228,2070,ok,46.9901842237885
272,235,234,237,235,36,ok,47.86404581227176
273,235,235,235,235,340,ok,47.86404581227176
274,243,235,243,239,484,ok,54.78033369319937
275,251,243,251,247,100,ok,60.43300220148074
276,268,251,272,255,1043,ok,69.23414033038435
277,273,268,273,273,52,ok,71.25908035667484
278,290,273,292,276,2583,ok,76.84040900431864
279,285,290,290,285,460,ok,72.3878625912009
280,290,285,290,290,20,ok,74.00972618655983
281,286,290,291,286,1048,ok,70.44489869031904
282,292,286,292,290,461,ok,72.57851642023286
283,272,292,287,272,224,ok,57.64098091004519
284,257,272,267,257,520,ok,49.42493401991873
285,257,257,262,257,276,ok,49.42493401991873
286,250,257,260,250,630,ok,45.88512665254242
287,250,250,255,246,600,ok,45.88512665254242
288,249,250,249,245,590,ok,45.34703806288654
289,253,249,258,250,445,ok,47.975112560569016
290,247,253,249,247,596,ok,44.5170984529066
291,243,247,243,243,120,ok,42.32672172947757
292,249,243,249,240,4017,ok,46.57318337729824
293,245,249,245,245,200,ok,44.23482891955111
294,249,245,249,245,398,ok,47.0953987182758
295,246,249,246,246,351,ok,45.22177215684853
296,260,246,260,246,555,ok,54.34913003116186
297,260,260,270,260,1022,ok,54.34913003116186
298,265,260,265,265,1790,ok,57.2963556010614
299,276,265,276,261,5826,ok,62.96165939752186
300,290,276,291,281,2788,ok,68.66032069669953
301,300,290,300,294,4600,ok,71.9769256909826
302,301,300,306,295,3123,ok,72.29270093404712
303,300,301,305,295,1947,ok,71.42593286428648
304,300,300,306,300,915,ok,71.42593286428648
305,290,300,300,290,964,ok,62.706462224003545
306,290,290,290,290,443,ok,62.706462224003545
307,296,290,296,290,329,ok,65.62643865527859
308,305,296,305,301,336,ok,69.48586508622142
309,295,305,300,295,891,ok,61.25606133398661
310,291,295,296,291,955,ok,58.28250679749704
311,296,291,296,291,125,ok,60.841380816410414
312,295,296,300,295,1420,ok,60.048068093329015
313,298,295,300,295,2252,ok,61.66305425695305
314,305,298,305,303,810,ok,65.19810300463246
315,301,305,301,300,192,ok,61.697124418624114
316,295,301,295,295,362,ok,56.77254860417116
317,296,295,300,295,515,ok,57.38309579348371
318,300,296,300,300,266,ok,59.82728840393515
319,297,300,300,297,169,ok,57.178587627783536
320,295,297,295,295,220,ok,55.417134585821024
321,300,295,300,298,704,ok,58.8316262007944
322,300,300,300,300,88,ok,58.83162620079439
323,300,300,300,300,80,ok,58.8316262007944
324,300,300,300,300,3481,ok,58.83162620079439
325,330,300,330,306,3554,ok,74.55734455263143
326,363,330,363,336,1830,ok,82.48361179772638
327,391,363,399,370,3218,ok,86.36502163675789
328,386,391,386,384,310,ok,82.83517067694032
329,379,386,379,379,100,ok,78.02703925952204
330,365,379,372,365,565,ok,69.35619304301342
331,351,365,365,351,820,ok,61.94318347386585
332,344,351,344,344,501,ok,58.57220796379991
333,338,344,338,338,300,ok,55.77061275636552
334,340,338,340,340,500,ok,56.51722392411793
335,350,340,350,345,2397,ok,60.14026038129848
336,364,350,364,350,2031,ok,64.58872121023978
337,391,364,391,371,682,ok,71.25219153388122
338,378,391,390,378,700,ok,64.91803894812683
339,371,378,380,371,2078,ok,61.73556335953857
340,371,371,371,364,389,ok,61.73556335953857
341,364,371,364,364,58,ok,58.41440913219806
342,370,364,371,370,877,ok,60.38178105743556
343,358,370,363,358,367,ok,54.798063018212325
344,353,358,353,353,239,ok,52.61483442651481
345,350,353,350,350,150,ok,51.29433166989685
346,355,350,355,355,60,ok,53.39379492913746
347,362,355,362,355,1017,ok,56.2378631569818
348,369,362,369,365,727,ok,58.93645609695737
349,362,369,362,362,247,ok,55.266304772755234
350,356,362,370,356,2305,ok,52.262131582696334
351,372,356,373,363,2617,ok,58.708031285229815
352,370,372,372,365,2205,ok,57.659963007109525
353,377,370,377,373,180,ok,60.32936476361948
354,384,377,384,384,30,ok,62.85161042407821
355,391,384,391,391,37,ok,65.23217740258048
356,413,391,413,398,1075,ok,71.42907171070738
357,413,413,413,413,700,ok,71.42907171070739
358,442,413,442,418,980,ok,77.54712481162017
359,486,442,486,445,4502,ok,83.36685277479931
360,513,486,514,495,891,ok,85.79926566459808
361,495,513,505,495,1082,ok,77.64695505497488
362,487,495,487,485,423,ok,74.26934948087592
363,482,487,489,480,1089,ok,72.15670746861463
364,478,482,480,475,2289,ok,70.43066005709768
365,477,478,477,477,702,ok,69.97997362962377
366,471,477,471,470,803,ok,67.20136887664489
367,518,471,518,480,3201,ok,75.43087795045064
368,500,518,508,497,2390,ok,68.35695612290141
369,500,500,510,500,3499,ok,68.35695612290142
370,502,500,510,491,1250,ok,68.73478863000622
371,495,502,495,492,1350,ok,65.77451765965763
372,506,495,524,504,4119,ok,68.09956000288253
373,499,506,516,499,1009,ok,65.07018279095129
374,505,499,505,498,2035,ok,66.44792000891135
375,555,505,555,515,881,ok,75.21958579814033
376,610,555,610,566,3650,ok,81.07930784422777
377,630,610,634,610,21373,ok,82.6829056972428
378,620,630,628,603,7723,ok,79.07422800637173
379,622,620,632,620,3192,ok,79.26910701119243
380,620,622,622,616,877,ok,78.48199187399474
381,610,620,611,610,1874,ok,74.49873873870996
382,600,610,611,600,1000,ok,70.63782674536341
383,595,600,600,595,2113,ok,68.72013124143247
384,595,595,600,595,911,ok,68.72013124143247
385,585,595,599,585,2697,ok,64.64910236909344
386,590,585,603,585,5725,ok,65.74189614200117
387,592,590,592,590,1236,ok,66.19209122590836
388,596,592,596,585,819,ok,67.1226606316927
389,607,596,607,607,146,ok,69.60071699442187
390,606,607,606,595,892,ok,69.09088478636087
391,564,606,600,564,1167,ok,51.89653104553227
392,586,564,586,575,128,ok,57.818249740032016
393,596,586,605,595,2178,ok,60.21567654161069
394,592,596,600,592,392,ok,58.776645277311566
395,650,592,651,590,4965,ok,69.97954812975058
396,640,650,697,640,14061,ok,66.61802811201193
397,619,640,640,618,5636,ok,60.09015274574832
398,590,619,631,590,2625,ok,52.447129341478615
399,611,590,613,594,4374,ok,56.738260955239966
400,587,611,617,587,1341,ok,51.06661871021967
401,600,587,600,595,660,ok,53.76275329533025
402,595,600,600,595,1965,ok,52.56317319772802
403,600,595,612,590,2285,ok,53.67627755850781
404,600,600,612,600,6011,ok,53.67627755850781
405,602,600,612,600,4551,ok,54.1751058565907
406,590,601,600,588,800,ok,50.65082819954828
407,601,590,601,585,2018,ok,53.628762786043815
408,638,601,658,606,11666,ok,61.946789503604144
409,664,638,676,650,7110,ok,66.49497234749035
410,661,664,666,658,1600,ok,65.52185462034994
411,661,661,675,661,1110,ok,65.52185462034994
412,670,661,679,661,2059,ok,67.19233916683044
413,665,670,688,660,1342,ok,65.29947083266617
414,666,665,666,655,1292,ok,65.50874916648823
415,660,666,665,660,305,ok,63.05166156264633
416,647,660,660,647,380,ok,57.97757184554386
417,637,647,637,624,1905,ok,54.35401900279312
418,634,637,634,626,600,ok,53.27822222443261
419,613,634,623,613,251,ok,46.36096718319581
420,625,613,625,615,2837,ok,50.32949368820739
421,632,625,632,625,983,ok,52.53555816918456
422,640,632,640,632,230,ok,54.995646886787696
423,652,640,652,640,841,ok,58.47255745198972
424,652,652,660,647,680,ok,58.47255745198972
425,639,652,639,639,308,ok,53.29899724538974
426,630,639,630,630,500,ok,50.000646200917664
427,623,630,630,623,700,ok,47.536614451175865
428,630,623,630,619,2475,ok,50.18056983090892
429,635,630,635,635,680,ok,52.03980941279927
430,630,635,630,612,3053,ok,50.02912375279303
431,650,630,692,642,8534,ok,57.159433029711536
432,643,650,655,638,2863,ok,54.24213431712823
433,630,643,641,620,7788,ok,49.21815006120816
434,612,630,628,612,5354,ok,43.24550980262088
435,605,612,615,594,5575,ok,41.153984242012186
436,612,605,612,595,9649,ok,44.06720477489272
437,353,360,353,353,150,ok,14.82438174507368
438,342,353,346,342,707,ok,14.38769245314174
439,339,342,348,339,1020,ok,14.264279978677235
440,357,339,357,345,595,ok,18.766620802563708
441,355,357,355,355,150,ok,18.649432473379637
442,360,355,362,360,832,ok,19.99449613626267
443,365,360,367,365,131,ok,21.394153665335665
444,367,365,367,367,200,ok,21.98210425096221
445,381,367,381,374,110,ok,26.146389170575944
446,375,381,375,368,176,ok,25.51775700479737
447,368,375,368,368,100,ok,24.769528764971568
448,358,368,361,358,525,ok,23.700390807217783
449,365,358,365,365,200,ok,26.104835264799902
450,358,365,358,355,400,ok,25.24798708477452
451,351,358,351,351,100,ok,24.38598578369228
452,358,351,358,358,20,ok,27.067540749033
453,365,358,365,353,278,ok,29.75048960460533
454,373,365,373,370,680,ok,32.79333918515201
455,403,373,403,366,1895,ok,42.79921527204972
456,436,403,443,407,2882,ok,51.375099282373895
457,428,436,428,428,200,ok,49.43994488962413
458,470,428,470,436,221,ok,58.31694919387868
459,435,470,461,435,401,ok,50.37894383661881
460,419,435,429,412,2941,ok,47.21496967427437
461,415,419,435,415,2899,ok,46.42990336261844
462,419,415,420,400,4326,ok,47.372282887092055
463,410,419,411,410,1275,ok,45.4355642197263
464,402,410,410,402,345,ok,43.72437515069765
465,393,402,402,392,2205,ok,41.81634451810246
466,404,393,404,386,606,ok,44.97675015458856
467,408,404,408,397,2869,ok,46.12278791929346
468,425,408,425,416,100,ok,50.811857993098215
469,399,425,417,393,4295,ok,44.44130001217014
470,406,399,406,406,10,ok,46.390097841021365
471,430,406,430,414,60,ok,52.537143878759935
472,435,430,435,435,20,ok,53.7275292648112
473,400,435,428,400,260,ok,45.184598796084735
474,413,398,413,405,40,ok,48.46248212874168
475,400,413,407,400,120,ok,45.53039420849581
476,400,400,400,400,33,ok,45.53039420849581
477,408,400,408,408,20,ok,47.78505972104304
478,400,408,400,400,50,ok,45.74583929318516
479,404,400,404,404,100,ok,46.96452904023645
480,390,404,396,389,2538,ok,43.29857948883636
481,389,390,400,388,699,ok,43.04014712058323
482,387,389,387,382,209,ok,42.49386849571578
483,375,387,382,375,925,ok,39.27301728476928
484,380,375,380,379,1491,ok,41.27046044980501
485,380,380,382,375,2240,ok,41.27046044980501
486,379,380,379,374,991,ok,40.95797445277981
487,373,379,373,373,101,ok,39.047587317270136
488,366,373,366,366,515,ok,36.88598511651265
489,361,366,362,361,200,ok,35.3794166117773
490,366,361,368,366,389,ok,38.10204568011509
491,402,366,402,361,653,ok,53.34404309076493
492,380,402,394,380,137,ok,45.904802947241
493,368,380,381,368,500,ok,42.4290477359601
494,370,368,370,365,951,ok,43.20095569075664
495,398,370,398,377,75,ok,52.75213523536031
496,413,398,413,405,30,ok,56.930476945278805
497,405,413,405,405,160,ok,54.17857619501558
498,400,397,400,400,345,ok,52.47141160880816
499,378,400,392,378,43,ok,45.65475820948005
500,371,378,371,371,15,ok,43.709040722249135
501,350,371,364,350,269,ok,38.41914224036191
502,357,350,357,357,20,ok,40.98312839421084
503,345,357,350,337,8698,ok,38.057756940265904
504,365,345,365,351,60,ok,45.09239627637646
505,373,365,393,372,880,ok,47.65327548778147
506,371,373,372,361,1755,ok,47.06232019008826
507,404,371,405,371,2321,ok,56.62121863356728
508,420,404,428,412,1717,ok,60.35871984275321
509,420,420,420,412,496,ok,60.35871984275321
510,428,420,428,428,20,ok,62.24504816789474
511,404,428,420,404,211,ok,53.950859315140654
512,426,404,426,410,73,ok,59.30409043936756
513,388,426,418,384,7759,ok,48.76010703963354
514,376,388,382,376,353,ok,45.97994056221221
515,383,383,383,383,139,ok,47.84794978298609
516,390,390,390,390,250,ok,49.72035916273521
517,388,388,388,388,104,ok,49.17709763012447
518,381,381,381,381,330,ok,47.23190383045389
519,398,388,402,388,275,ok,52.17903972633102
520,385,391,391,384,550,ok,48.4391560274102
521,385,383,385,383,610,ok,48.4391560274102
522,378,379,379,378,485,ok,46.363925861562166
523,366,371,377,366,2499,ok,42.96564746799337
524,365,359,366,359,3805,ok,42.68487391881771
525,369,368,369,368,150,ok,44.2541243177149
526,365,365,369,365,596,ok,42.9866440122267
527,372,366,372,365,1405,ok,45.90646077611121
528,365,370,370,365,606,ok,43.50695204538723
529,370,366,373,366,1613,ok,45.69058816857571
530,376,370,377,370,320,ok,48.27437646891123
531,370,377,371,370,650,ok,45.92158528849442
532,375,370,377,370,2432,ok,48.18780563261865
533,408,375,408,382,3182,ok,60.078635764011054
534,440,408,440,416,471,ok,67.79659821369786
535,445,440,450,440,2771,ok,68.81121140232776
536,431,445,439,431,612,ok,62.841064712774624
537,415,431,423,415,290,ok,56.77812215344266
538,407,415,407,400,1444,ok,53.97410874224931
539,396,407,400,374,12937,ok,50.296036889997865
540,382,396,389,368,2123,ok,45.999596547462055
541,374,375,375,370,845,ok,43.70225532885805
542,381,374,381,374,214,ok,46.23261987571487
543,377,374,377,370,1720,ok,44.98828250228685
544,373,372,374,370,4171,ok,43.721025600333725
545,370,370,370,365,1610,ok,42.74843204300885
546,398,377,398,377,760,ok,53.21036956907259
547,409,401,409,401,40,ok,56.56815078390154
548,418,410,418,410,134,ok,59.15110999306021
549,408,410,410,408,237,ok,55.221414255736114
550,400,408,400,400,300,ok,52.23186163213467
551,386,392,392,386,240,ok,47.39610877519832
552,378,380,381,377,2108,ok,44.84132770388639
553,375,385,385,375,2759,ok,43.885998751512666
554,370,377,377,370,1889,ok,42.26964466115722
555,365,364,371,353,7181,ok,40.65702910762408
556,361,365,365,360,2488,ok,39.363227697844266
557,377,365,388,365,4761,ok,46.67329542258549
558,392,380,392,380,1740,ok,52.45963356602839
559,392,390,392,385,2364,ok,52.45963356602837
560,385,392,392,385,410,ok,49.549743250439455
561,386,380,386,380,1068,ok,49.97662832494052
562,379,386,386,379,1244,ok,46.97993224835532
563,385,375,385,375,646,ok,49.760654504100174
564,385,378,385,378,2774,ok,49.760654504100174
565,383,390,390,383,2193,ok,48.77179590566208
566,376,378,378,376,515,ok,45.37319477612199
567,375,375,375,375,100,ok,44.89192748557306
568,376,375,376,370,2083,ok,45.51430538362358
569,380,376,380,376,1812,ok,48.042063479554905
570,375,377,390,374,6414,ok,45.218094195140544
571,365,375,375,360,1885,ok,40.13657775889367
572,361,361,361,361,140,ok,38.28332194691067
573,370,368,375,368,3152,ok,44.49352602969879
574,380,377,380,373,1239,ok,50.45857482304615
575,373,385,385,373,2533,ok,46.67713433834474
576,380,374,387,374,2586,ok,50.65924023906603
577,417,377,417,377,293,ok,65.37725392634533
578,319,334,328,319,1191,ok,35.32284913992966
579,300,315,315,300,2689,ok,32.22938111527674
580,300,302,302,300,343,ok,32.22938111527674
581,306,306,306,306,40,ok,34.33552199246269
582,290,306,300,290,6554,ok,31.522221051521527
583,296,295,296,295,265,ok,33.71553227761744
584,296,296,296,296,73,ok,33.71553227761744
585,305,301,307,301,811,ok,37.21397074462829
586,317,311,317,311,30,ok,41.63703485838583
587,322,317,322,317,79,ok,43.42539582541461
588,328,328,328,328,10,ok,45.580357009531326
589,334,334,334,334,20,ok,47.724723205089504
590,346,340,346,340,40,ok,51.814280448415886
591,345,352,359,345,147,ok,51.45304160702759
592,358,345,358,351,40,ok,55.77010941320782
593,372,358,372,365,30,ok,59.90519339611752
594,379,379,379,379,10,ok,61.82687263597563
595,386,379,386,386,10,ok,63.70047900052765
596,393,393,393,393,22,ok,65.52284943333245
597,406,400,406,392,57,ok,68.66874007526111
598,378,398,398,378,3330,ok,56.67389416500107
599,370,371,371,370,6328,ok,53.78322068205746
600,376,370,376,362,9668,ok,55.61186333322083
601,346,376,390,346,2184,ok,45.84461583397274
602,365,346,365,334,1551,ok,51.63792495321662
603,329,358,358,329,2426,ok,42.38584302564908
604,345,335,353,335,3507,ok,46.93644832349037
605,335,351,351,335,4250,ok,44.56715117773568
606,346,341,355,340,12225,ok,47.69489214300188
607,345,345,345,345,500,ok,47.43287180798628
608,351,351,351,351,20,ok,49.23491092048884
609,344,344,344,344,10,ok,47.20189459975233
610,338,338,344,338,2330,ok,45.46881220144558
611,344,344,350,344,170,ok,47.54299925870148
612,333,338,344,329,9963,ok,44.22200937374926
613,330,337,349,330,1448,ok,43.33298666771055
614,331,332,335,330,4286,ok,43.73900460561405
615,338,331,349,332,1678,ok,46.622100582143375
616,331,338,332,331,210,ok,44.18373511886762
617,320,331,337,318,7310,ok,40.59106960342719
618,320,318,322,316,2390,ok,40.59106960342719
619,320,320,326,320,820,ok,40.59106960342719
620,315,320,320,315,2550,ok,38.799980328056925
621,297,315,309,297,90,ok,33.13207533004659
622,326,297,326,293,323,ok,46.653120252354405
623,327,332,349,326,6853,ok,47.050713689724006
624,330,327,330,327,880,ok,48.29569498811345
625,324,330,326,324,513,ok,45.96776056382361
626,321,324,325,321,437,ok,44.80486116485418
627,332,321,338,327,300,ok,49.81782313689904
628,332,330,333,329,1818,ok,49.81782313689904
629,326,332,326,326,85,ok,47.11109456924045
630,330,326,330,310,1390,ok,49.09672803299578
631,324,330,332,324,840,ok,46.28940709526755
632,330,324,330,330,570,ok,49.40493980201183
633,315,330,324,315,2951,ok,42.73156045624936
634,326,315,326,308,830,ok,48.25178704486621
635,314,326,320,314,852,ok,43.34341041715332
636,331,314,331,316,5474,ok,50.95494252234748
637,325,331,325,325,100,ok,48.47942433541746
638,320,325,326,320,2305,ok,46.4540431934276
639,326,320,326,314,495,ok,49.19691387478133
640,321,326,330,321,1913,ok,47.03469136187667
641,320,321,320,320,1000,ok,46.593625235165376
642,325,321,326,320,2630,ok,49.16070641268337
643,325,320,325,320,2204,ok,49.16070641268337
644,319,325,331,319,5260,ok,46.07827562099851
645,325,325,325,325,510,ok,49.48899443893971
646,320,320,323,319,2802,ok,46.830623836873535
647,312,320,314,311,899,ok,42.86330406093562
648,324,306,324,306,830,ok,49.74119610843781
649,330,324,330,330,100,ok,52.8005641640615
650,330,330,342,330,660,ok,52.8005641640615
651,330,330,330,330,300,ok,52.8005641640615
652,324,330,325,315,3317,ok,49.06987887080788
653,326,324,326,322,2724,ok,50.329703892953134
654,325,326,326,317,3684,ok,49.66814554561208
655,324,325,331,320,6504,ok,48.9748764972413
656,324,324,330,324,1799,ok,48.97487649724131
657,329,324,330,319,6196,ok,52.79560088770423
658,340,335,345,332,4878,ok,59.908147621743765
659,336,340,349,330,2752,ok,56.5701793482651
660,330,330,330,330,100,ok,51.8989535890516
661,335,330,335,323,2294,ok,55.21755106261124
662,335,335,341,333,10804,ok,55.21755106261124
663,334,341,345,334,4803,ok,54.34782677378331
664,344,330,344,330,4199,ok,60.96852905696785
665,340,344,345,340,2555,ok,57.383642713937405
666,353,340,357,335,2828,ok,64.65708621348841
667,334,353,346,334,1351,ok,50.96596716356933
668,337,329,337,329,763,ok,52.67012763752891
669,342,337,348,340,617,ok,55.44921180214524
670,340,342,340,335,2238,ok,54.08129979418924
671,335,340,336,334,2000,ok,50.71302879478719
672,344,335,349,339,2660,ok,56.02246030459644
673,340,344,350,339,6299,ok,53.275540851800834
674,341,340,352,340,2353,ok,53.88431624750795
675,337,341,341,333,5800,ok,51.020768186481526
676,340,337,344,338,1989,ok,53.036570105752965
677,345,342,347,340,2710,ok,56.267126535714254
678,362,351,366,350,3406,ok,65.06603832804171
679,395,362,398,355,17738,ok,75.40903230158877
680,385,395,411,385,4777,ok,68.76493181185145
681,375,385,378,371,1515,ok,62.80562118461946
682,366,375,373,366,1850,ok,57.93900359189077
683,384,373,385,373,2477,ok,63.95477263717456
684,374,384,382,374,1831,ok,58.91351694192444
685,379,374,382,378,3541,ok,60.58640360577791
686,400,380,400,380,2714,ok,66.71606149071877
687,385,392,392,385,1317,ok,59.58749877783486
688,387,385,387,373,3851,ok,60.19815695511703
689,410,387,418,390,11769,ok,66.472474218521
690,440,410,447,418,9389,ok,72.55065233238976
691,442,440,456,435,7046,ok,72.90333264851799
692,450,442,455,435,4192,ok,74.32439940338247
693,472,450,495,450,15137,ok,77.7761215563329
694,450,472,465,450,4352,ok,67.93996919056579
695,437,450,445,437,3261,ok,62.87947180530008
696,440,437,440,432,1875,ok,63.5541223233858
697,420,440,433,417,5347,ok,56.21849364150824
698,402,420,436,402,4864,ok,50.56202637744151
699,394,402,410,394,1200,ok,48.23893675102451
700,409,401,409,401,400,ok,52.63334282458504
701,410,410,421,405,6662,ok,52.92030461017023
702,405,418,418,400,896,ok,51.24849382097862
703,390,394,394,388,804,ok,46.502303069815554
704,382,383,383,377,669,ok,44.15367446894791
705,399,389,403,389,2405,ok,49.93965943183456
706,400,392,406,392,725,ok,50.26607524659492
707,392,392,392,392,200,ok,47.5925106694373
708,382,385,385,382,210,ok,44.41258854602437
709,376,376,376,376,150,ok,42.57451245754107
710,376,376,383,376,545,ok,42.57451245754108
711,390,370,390,369,270,ok,48.35820119537916
712,404,390,405,390,2856,ok,53.41138089527947
713,405,413,413,405,210,ok,53.75943213737697
714,398,397,405,397,1111,ok,50.89323454508181
715,402,400,414,400,5079,ok,52.45321530657081
716,394,394,410,394,1376,ok,49.09412183856292
717,398,396,398,389,1800,ok,50.79099448701313
718,392,395,395,392,1832,ok,48.19581960982256
719,380,391,391,380,861,ok,43.4176565159486
720,401,387,401,387,1430,ok,52.32529090207313
721,393,393,393,393,10,ok,49.15084578120704
722,386,400,402,386,2365,ok,46.49296120855891
723,386,400,402,386,2365,ok,46.49296120855891
724,393,390,393,390,1700,ok,49.65064336565352
725,400,395,400,395,173,ok,52.65932754470648
726,392,392,392,392,11,ok,49.0517644050096
727,390,399,399,390,922,ok,48.16342146527832
728,388,388,388,388,100,ok,47.242040257818985
729,388,381,388,381,210,ok,47.242040257818985
730,395,395,395,385,170,ok,51.04365754803604
731,388,390,390,388,700,ok,47.367881472353766
732,390,390,390,390,268,ok,48.5088058594201
733,390,390,390,390,150,ok,48.5088058594201
734,379,383,383,377,827,ok,42.61613567102114
735,375,381,381,375,863,ok,40.68089901263938
736,378,371,378,371,161,ok,42.77962929777343
737,385,385,385,385,10,ok,47.45143130643606
738,388,392,395,382,1793,ok,49.35969324386421
739,384,385,385,384,280,ok,46.9134593723346
740,377,384,384,377,320,ok,42.90602400472313
741,370,380,380,370,200,ok,39.29149049691708
742,364,363,365,363,950,ok,36.456528818222274
743,357,356,360,356,410,ok,33.426344497181205
744,353,355,355,351,400,ok,31.799804254286585
745,348,350,351,347,3125,ok,29.84483552828901
746,352,350,352,350,1300,ok,33.37370582357015
747,345,345,345,345,110,ok,30.48389606570757
748,325,345,345,325,805,ok,24.07075058866772
749,315,319,330,313,1288,ok,21.621459949620917
750,319,313,319,313,1007,ok,24.91271665055117
751,313,313,313,313,10,ok,23.33016347737544
752,304,319,319,304,1800,ok,21.15892845754236
753,315,298,315,298,962,ok,29.76275031252149
754,320,321,321,320,475,ok,33.324529430360926
755,335,325,337,324,3856,ok,42.710523544677486
756,330,329,335,329,709,ok,40.65603988927206
757,324,324,324,324,812,ok,38.27663950771856
758,308,325,325,308,2504,ok,32.76907002176034
759,302,310,310,302,1000,ok,30.96947032278426
760,300,303,308,300,1250,ok,30.370740886382947
761,306,306,306,306,400,ok,34.46411944388885
762,299,306,306,296,1650,ok,32.09361767471074
763,294,294,299,289,3276,ok,30.48090287374235
764,294,290,300,290,930,ok,30.48090287374237
765,304,299,304,299,300,ok,37.73797592184064
766,294,298,298,292,3562,ok,33.92422765063492
767,284,287,287,284,503,ok,30.59455011893965
768,276,280,280,274,1620,ok,28.209172077398264
769,250,250,250,250,550,ok,22.161586339161783
770,252,250,252,245,832,ok,23.51984285409428
771,245,249,249,245,310,ok,22.068364082874357
772,235,241,241,233,1350,ok,20.15480644588547
773,226,231,231,226,200,ok,18.592267138996945
774,227,223,233,223,1060,ok,19.340522603396156
775,238,226,238,226,374,ok,27.26063115291696
776,246,242,250,242,1290,ok,32.45520142936235
777,245,250,250,245,900,ok,32.146169026988034
778,238,245,245,238,850,ok,29.993258029184677
779,239,242,242,239,160,ok,30.70721414446058
780,242,240,242,240,640,ok,32.91749203882664
781,246,246,246,246,100,ok,35.85542712418953
782,249,246,249,246,400,ok,38.04692823961719
783,241,245,245,241,760,ok,34.64749130613349
784,237,237,237,237,200,ok,33.05709009288093
785,225,233,233,225,200,ok,28.787854333239903
786,205,229,229,205,1586,ok,23.370502920301192
787,210,209,210,209,145,ok,27.0656726035284
788,212,212,212,212,50,ok,28.54985139692749
789,229,215,229,215,990,ok,39.76939246514355
790,222,225,225,222,662,ok,37.18046114111164
791,218,220,220,218,106,ok,35.74835796993081
792,222,222,222,222,100,ok,38.30739927995077
793,224,225,225,224,30,ok,39.60268443898262
794,209,220,220,208,960,ok,33.860562329630284
795,201,205,205,200,520,ok,31.2574951178504
796,202,204,204,200,840,ok,31.96160424984249
797,210,206,214,205,710,ok,37.478779059797134
798,214,214,217,213,970,ok,40.09445761601736
799,209,210,210,209,180,ok,37.95678572765413
800,213,213,225,213,405,ok,40.68150340294355
801,215,217,217,215,132,ok,42.05182243545976
802,215,215,215,215,100,ok,42.05182243545975
803,211,211,211,211,200,ok,39.91313761895772
804,207,207,207,207,187,ok,37.84058986832137
805,210,210,214,210,211,ok,40.34265463165649
806,206,206,206,206,400,ok,38.13832423781163
807,217,210,217,210,300,ok,46.75446505814426
808,213,215,215,213,829,ok,44.33621233285588
809,215,215,215,215,50,ok,45.84447185825808
810,217,215,217,217,1000,ok,47.37993496493435
811,238,221,238,221,742,ok,60.15458312648099
812,246,238,246,238,818,ok,63.76366858572604
813,255,242,255,238,1975,ok,67.34694132416949
814,245,250,250,245,210,ok,60.22124153657287
815,253,249,254,245,4350,ok,63.544382571839904
816,269,253,269,255,3100,ok,69.10366994084312
817,265,269,274,265,1900,ok,66.37842042265964
818,260,265,260,260,100,ok,63.03214310954424
819,270,265,270,264,1143,ok,66.65296317761786
820,270,265,275,265,2182,ok,66.65296317761785
821,270,275,275,270,1250,ok,66.65296317761786
822,260,270,270,255,2111,ok,59.38797016146247
823,256,257,261,256,1458,ok,56.724598087438295
824,253,251,256,251,1079,ok,54.74171236695019
825,270,252,270,252,2056,ok,62.69890978668735
826,292,275,297,270,5020,ok,70.04002315787038
827,277,287,287,277,330,ok,61.19659012758154
828,262,277,277,262,670,ok,53.87141998027038
829,260,260,260,255,2714,ok,52.961147734852695
830,275,260,275,265,180,ok,58.60993172419237
831,274,280,282,274,791,ok,58.10893533735898
832,279,279,279,279,500,ok,59.95223664834946
833,275,280,284,275,1710,ok,57.76248203163074
834,275,280,280,275,510,ok,57.76248203163074
835,280,275,280,275,982,ok,59.88650841106719
836,275,275,275,275,200,ok,56.809913428240165
837,275,270,275,265,665,ok,56.809913428240165
838,275,275,275,275,453,ok,56.809913428240165
839,279,280,285,276,4388,ok,58.918685785832686
840,273,276,276,273,1240,ok,54.6113890589732
841,269,268,269,264,230,ok,51.887985657456376
842,281,269,281,274,756,ok,58.563937166489445
843,295,286,300,285,2605,ok,64.7153746753126
844,290,290,290,290,50,ok,61.21981440836549
845,285,285,285,285,200,ok,57.854459669638935
846,276,280,280,276,1100,ok,52.28314447838082
847,276,276,276,271,2010,ok,52.28314447838082
848,268,271,271,261,5900,ok,47.56150008841793
849,263,263,263,263,100,ok,44.83613644310578
850,265,262,265,262,762,ok,46.16499377489162
851,270,265,270,261,1077,ok,49.44384995322877
852,267,275,275,265,1140,ok,47.57169347312509
853,260,264,264,256,1397,ok,43.43867015540104
854,257,260,257,252,800,ok,41.76400019257293
855,264,260,264,257,1970,ok,46.90737719390872
856,262,263,263,262,250,ok,45.66638209092012
857,265,260,265,260,167,ok,47.893271584414585
858,265,261,265,261,813,ok,47.893271584414585
859,266,265,266,260,1140,ok,48.70599866824335
860,262,262,262,262,100,ok,45.63954169210891
861,257,257,257,257,145,ok,42.073716901798015
862,262,257,262,262,20,ok,46.56937870460321
863,265,265,265,265,200,ok,49.12086714548082
864,256,260,260,251,1496,ok,42.55542143100775
865,258,261,261,258,99,ok,44.3359349613486
866,254,254,254,253,800,ok,41.561334862698494
867,249,251,254,249,1994,ok,38.33208489619829
868,244,245,248,241,3960,ok,35.37229994063503
869,244,242,246,242,180,ok,35.372299940635045
870,252,242,252,242,508,ok,43.47170229093641
871,256,252,262,253,2324,ok,47.04520604969384
872,251,252,255,250,878,ok,43.35569210802615
873,261,251,261,251,206,ok,51.54112717705797
874,266,266,266,266,500,ok,55.0395390323977
875,269,261,270,261,1688,ok,57.04338181840986
876,272,273,275,270,2540,ok,59.01075822223639
877,271,269,271,269,1775,ok,58.05627138535012
878,289,276,294,276,3412,ok,68.06822796097555
879,279,284,284,279,1108,ok,59.56206245708261
880,277,280,280,277,242,ok,58.00093256592899
881,267,279,279,267,2728,ok,50.82756183079982
882,267,266,267,262,1700,ok,50.82756183079982
883,272,272,272,272,20,ok,54.11811507646054
884,272,272,272,272,10,ok,54.11811507646053
885,299,277,299,277,15629,ok,67.66815982879133
886,307,300,322,289,9754,ok,70.45255175086186
887,293,307,304,293,3383,ok,60.614692979431545
888,290,295,302,290,1819,ok,58.72241191461385
889,288,285,293,285,697,ok,57.43511521799779
890,285,285,285,285,20,ok,55.47078270059718
891,290,285,290,285,410,ok,58.046170037973184
892,282,285,285,282,426,ok,52.78576725253173
893,280,280,280,275,1153,ok,51.52852820934768
894,278,278,278,278,10,ok,50.23988022247977
895,281,281,281,281,50,ok,52.172045663329214
896,283,283,283,283,200,ok,53.46921506564174
897,275,280,280,275,1233,ok,47.87581659507773
898,280,280,280,280,20,ok,51.30448595294023
899,278,277,280,276,779,ok,49.89080461561358
900,272,276,272,272,10,ok,45.812444352024364
901,280,272,280,270,1995,ok,51.50474401376679
902,278,280,284,278,4179,ok,50.08814214868634
903,267,278,278,267,691,ok,43.07138026983987
904,267,267,267,262,4310,ok,43.07138026983988
905,263,272,272,263,685,ok,40.668685393241375
906,259,265,265,258,1596,ok,38.36396621305423
907,268,262,268,262,410,ok,45.80576877180223
908,263,266,266,263,400,ok,42.7198442615198
909,272,260,272,260,2528,ok,49.33621647799095
910,263,267,267,263,150,ok,43.87803923134547
911,266,258,268,258,338,ok,46.021739712759945
912,268,268,268,268,400,ok,47.462507645390296
913,270,270,270,270,10,ok,48.93049226566884
914,265,269,269,264,1534,ok,45.50710474262353
915,261,261,265,261,919,ok,42.92001769756216
916,274,266,274,266,613,ok,52.39270835840601
917,271,271,271,269,1450,ok,50.31745659350277
918,271,274,274,266,1110,ok,50.317456593502754
919,275,0,275,275,1000,ok,53.1848946885104
920,270,271,271,270,1000,ok,49.3506665566006
921,265,265,270,265,631,ok,45.79521754020717
922,265,265,265,265,350,ok,45.795217540207176
923,275,270,275,265,1103,ok,53.55638128059888
924,278,271,279,271,299,ok,55.60982152569904
925,275,273,278,273,1296,ok,53.08232460472964
926,270,274,274,270,606,ok,49.078595434466095
927,275,270,275,266,5028,ok,52.90404963855762
928,275,276,276,271,200,ok,52.90404963855761
929,274,270,275,270,1891,ok,51.997965871282354
930,278,274,278,270,94,ok,55.29610853542475
931,270,278,273,268,106,ok,48.16787438940296
932,265,265,265,262,1943,ok,44.32219276675492
933,266,260,266,256,570,ok,45.26344918683477
934,255,261,261,246,4445,ok,37.71124001594681
935,251,260,260,244,2783,ok,35.39831804664027
936,242,246,246,242,225,ok,30.818310476507364
937,234,242,246,234,2909,ok,27.421948009466437
938,231,230,234,230,612,ok,26.253502641196505
939,230,230,230,226,917,ok,25.85798288570679
940,226,226,230,222,781,ok,24.282141209192133
941,226,226,226,222,702,ok,24.282141209192133
942,236,230,236,230,2060,ok,35.65216233014954
943,238,235,240,235,600,ok,37.66814897319822
944,245,242,255,242,170,ok,44.2513996002394
945,245,245,249,245,73,ok,44.2513996002394
946,242,241,242,237,2069,ok,42.04426069155305
947,238,238,238,238,50,ok,39.23434987482999
948,231,238,235,231,650,ok,34.84545940505804
949,235,235,239,235,1676,ok,39.04176673995053
950,239,239,239,235,393,ok,42.995577124511065
951,247,243,247,243,580,ok,49.98298245747657
952,235,243,243,235,1405,ok,41.721734121027815
953,236,232,239,232,2529,ok,42.57353683107561
954,236,240,240,236,142,ok,42.57353683107561
955,240,240,240,240,1010,ok,46.22008430652284
956,240,240,240,240,200,ok,46.22008430652284
957,244,244,244,244,50,ok,49.90900111869325
958,236,240,240,236,42,ok,43.48464827941616
959,228,233,233,228,420,ok,38.19055958877435
960,228,232,232,224,580,ok,38.19055958877435
961,228,225,228,224,300,ok,38.19055958877435
962,226,225,226,225,1100,ok,36.79193258034511
963,220,222,223,220,2434,ok,32.899339505279585
964,214,220,228,214,6119,ok,29.53424711385071
965,217,218,222,217,2910,ok,33.21264533126873
966,217,216,221,216,1450,ok,33.21264533126873
967,222,218,222,218,4446,ok,39.33395622704039
968,220,219,225,219,2057,ok,37.8399731118872
969,180,186,189,180,1670,ok,20.81321624607618
970,177,177,177,177,333,ok,20.08331766418088
971,175,174,175,174,341,ok,19.59008362834044
972,178,178,178,178,330,ok,22.65844442442497
973,181,178,181,178,3301,ok,25.71128647925366
974,172,178,178,172,2028,ok,22.80328403141816
975,171,169,171,169,200,ok,22.49879448794317
976,174,174,177,174,266,ok,25.703932618092267
977,176,175,177,174,3917,ok,27.84628263905293
978,179,179,179,176,1545,ok,31.05762624589076
979,178,178,178,178,150,ok,30.569225930045945
980,180,177,180,177,120,ok,32.84384248150421
981,179,179,179,178,100,ok,32.274504111377695
982,175,178,178,175,524,ok,30.031941500217243
983,182,178,183,178,1317,ok,38.1334126770386
984,185,185,185,185,550,ok,41.27188311044596
985,173,182,182,173,2104,ok,33.870286301342134
986,173,173,173,173,1780,ok,33.870286301342134
987,172,176,176,172,1056,ok,33.29323391442368
988,171,171,174,171,3047,ok,32.693386262707065
989,170,170,170,170,84,ok,32.071109408349315
990,170,170,170,170,110,ok,32.071109408349315
991,171,171,171,171,67,ok,33.538227353741746
992,175,172,175,172,389,ok,39.19530686960578
993,173,174,174,173,300,ok,37.47760843499376
994,170,170,170,170,200,ok,34.9998712422878
995,170,170,170,170,75,ok,34.9998712422878
996,170,170,170,170,493,ok,34.9998712422878
997,168,168,168,168,30,ok,33.17370567899414
998,171,171,171,171,193,ok,38.36832377634492
999,169,168,169,167,550,ok,36.34023305740328
1000,162,165,166,162,1030,ok,30.30282654412716
1001,160,161,161,160,1291,ok,28.829120892303138
1002,159,159,159,159,700,ok,28.09344372780832
1003,155,159,156,153,1500,ok,25.31109544307512
1004,158,155,158,158,708,ok,30.84316426646677
1005,158,160,160,158,144,ok,30.84316426646677
1006,163,163,163,162,250,ok,39.50428713617141
1007,160,161,162,160,6613,ok,36.54679047564912
1008,162,160,162,160,506,ok,39.78339561898154
1009,159,159,159,159,717,ok,36.75489765436637
1010,156,156,159,156,800,ok,33.97002116724828
1011,150,153,153,150,1725,ok,29.204077620718465
1012,147,147,147,147,10,ok,27.152809034287912
1013,149,149,149,149,54,ok,30.64999675764382
1014,154,151,154,151,747,ok,38.5875597044068
1015,166,157,166,157,310,ok,52.6075019013264
1016,170,169,175,169,2607,ok,56.19717894950187
1017,169,170,170,168,647,ok,55.07408076278416
1018,171,171,171,171,500,ok,56.92809052116514
1019,172,171,172,172,218,ok,57.86439893247809
1020,173,175,175,173,510,ok,58.82824756486164
1021,187,175,187,175,2530,ok,69.38637896673741
1022,190,190,190,190,667,ok,71.09683165097819
1023,187,187,187,187,500,ok,67.06171843586799
1024,199,187,199,181,4829,ok,73.53257583512881
1025,194,202,201,194,1243,ok,67.57562010153156
1026,190,194,194,188,206,ok,63.16693510886891
1027,192,190,192,189,373,ok,64.41695473026877
1028,182,189,189,179,17323,ok,54.46417119046737
1029,170,179,179,167,2180,ok,45.39933797001988
1030,165,170,167,165,354,ok,42.24439539034619
1031,170,168,171,165,1864,ok,46.26579688988171
1032,169,170,170,169,217,ok,45.58221056983228
1033,167,167,167,167,200,ok,44.17636388294904
1034,173,170,173,170,479,ok,49.234782508790055
1035,176,173,176,175,427,ok,51.5965008011441
1036,173,176,173,173,116,ok,49.13479756436003
1037,167,170,170,167,955,ok,44.55614456865765
1038,168,165,168,164,1896,ok,45.46822187824081
1039,166,166,166,166,1260,ok,43.91233008337279
1040,166,169,169,166,820,ok,43.91233008337279
1041,167,164,167,164,45,ok,45.00363171011532
1042,164,166,166,164,1372,ok,42.34196108802335
1043,172,164,180,167,5575,ok,50.71321730329461
1044,175,175,181,175,1204,ok,53.44302155207999
1045,181,175,184,178,1677,ok,58.405020108103365
1046,178,178,178,178,64,ok,55.23514581886857
1047,181,175,181,175,472,ok,57.70711932581011
1048,182,181,184,181,242,ok,58.52919636384718
1049,170,181,181,170,989,ok,46.778632614097766
1050,171,168,171,168,269,ok,47.7205665667362
1051,166,174,177,166,2734,ok,43.56852259525305
1052,166,166,169,166,2340,ok,43.56852259525305
1053,170,169,170,168,6190,ok,47.78375338227248
1054,173,173,173,173,10,ok,50.75480208532266
1055,176,173,176,173,1000,ok,53.59811357683365
1056,170,173,173,170,1060,ok,47.66995303720312
1057,167,170,170,167,1211,ok,44.99050110995008
1058,168,165,168,165,494,ok,46.07849554770663
1059,162,165,165,162,800,ok,40.857037496537146
1060,163,161,163,160,783,ok,42.03596086474418
1061,167,165,168,165,3144,ok,46.6195862092719
1062,165,165,165,165,667,ok,44.71559822142997
1063,164,164,164,164,100,ok,43.75340491127183
1064,167,167,167,167,200,ok,47.40949246931464
1065,190,196,196,190,4749,ok,65.77643486903717
1066,166,164,166,163,1400,ok,47.23750866732738
1067,191,187,194,187,3433,ok,59.912256023380976
1068,167,166,167,166,2540,ok,47.9930289398049
1069,167,170,170,167,501,ok,47.9930289398049
1070,162,164,164,162,1118,ok,45.7918819634661
1071,160,160,160,160,10,ok,44.904710712220975
1072,169,160,169,160,1568,ok,49.63357937879274
1073,170,166,172,166,1046,ok,50.14560116760313
1074,172,170,173,170,1440,ok,51.21381667152212
1075,170,170,170,170,1190,ok,50.05871614007818
1076,179,173,182,173,2002,ok,54.97955988308731
1077,181,182,183,181,1967,ok,56.016705643627006
1078,190,184,199,184,12393,ok,60.43393653381773
1079,194,193,196,193,1360,ok,62.24860588830319
1080,190,196,196,190,4749,ok,59.31871736260821
1081,191,187,194,187,3433,ok,59.82778088978517
1082,192,192,192,192,20,ok,60.361944586537845
1083,188,195,195,188,2652,ok,57.091799989704754
1084,183,185,185,181,987,ok,53.21117830235576
1085,185,180,185,180,320,ok,54.54218667192143
1086,182,188,188,182,2849,ok,52.14592101783135
1087,185,185,188,185,6125,ok,54.30778949924432
1088,188,188,188,188,10,ok,56.42764391129867
1089,194,189,194,189,1253,ok,60.386102608391646
1090,192,196,196,191,2684,ok,58.47898137502667
1091,188,188,188,188,10,ok,54.754419777741866
1092,195,191,195,191,1400,ok,59.60332518853234
1093,190,192,196,186,8858,ok,55.06399363928039
1094,192,193,193,190,2520,ok,56.4913795419645
1095,190,194,194,190,910,ok,54.62282503145395
1096,192,192,192,192,1218,ok,56.18361622685888
1097,193,193,194,192,510,ok,56.9803782524609
1098,195,195,196,195,800,ok,58.60177211651717
1099,193,198,199,193,2507,ok,56.31597222845655
1100,196,196,196,195,1210,ok,58.905312256748246
1101,200,195,200,195,5222,ok,62.12861445824678
1102,198,200,200,198,300,ok,59.610959890950085
1103,217,201,217,201,23123,ok,71.44811905254578
1104,219,221,235,217,22290,ok,72.36620955220009
1105,217,223,223,215,6533,ok,69.94413904523674
1106,216,213,219,213,1361,ok,68.7059134931473
1107,216,220,220,216,2940,ok,68.7059134931473
1108,218,213,222,209,4727,ok,69.94024886972107
1109,216,218,218,216,1158,ok,67.09043693366363
1110,214,214,216,212,1193,ok,64.27021389270968
1111,217,217,218,217,604,ok,66.5421534027056
1112,227,221,234,221,9939,ok,72.75996359142694
1113,224,230,232,224,3746,ok,68.63884260608879
1114,226,228,228,224,5050,ok,69.86429832707108
1115,224,221,227,221,2466,ok,67.0430333315357
1116,219,228,228,219,21813,ok,60.46880673005258
1117,220,216,225,216,12484,ok,61.286458894359576
1118,176,180,182,173,3676,ok,30.95134772095996
1119,168,171,171,168,1396,ok,28.21665471552976
1120,170,165,170,165,2101,ok,29.88454494476865
1121,170,167,170,167,250,ok,29.88454494476865
1122,167,167,168,167,1218,ok,28.72351869847327
1123,165,165,165,160,2790,ok,27.94408582066561
1124,171,168,171,168,75,ok,33.75199507624815
1125,173,172,173,170,995,ok,35.614934611850586
1126,179,176,179,175,220,ok,40.977238458217634
1127,178,179,179,178,896,ok,40.37370915544897
1128,170,178,178,170,2727,ok,35.827523811010934
1129,172,171,173,170,1659,ok,37.71573903642001
1130,172,172,172,172,206,ok,37.71573903642001
1131,172,172,175,172,1030,ok,37.71573903642002
1132,173,170,173,168,3756,ok,38.839560569683805
1133,170,170,170,168,1050,ok,36.70015617291681
1134,171,170,173,170,1900,ok,37.927541568280525
1135,169,169,169,169,900,ok,36.40706859837496
1136,170,172,174,170,765,ok,37.75080002043895
1137,167,167,167,167,152,ok,35.33836295146746
1138,167,170,170,167,600,ok,35.33836295146746
1139,165,167,167,164,1202,ok,33.67453086525836
1140,165,165,165,164,110,ok,33.67453086525836
1141,163,165,165,163,1000,ok,31.930941699233387
1142,165,163,166,163,500,ok,35.52604679616928
1143,165,165,165,165,631,ok,35.52604679616928
1144,165,165,165,165,936,ok,35.52604679616928
1145,166,165,166,165,100,ok,37.58467142358935
1146,165,166,166,165,100,ok,36.33525903391648
1147,165,165,167,164,1067,ok,36.33525903391649
1148,165,165,167,165,2927,ok,36.33525903391649
1149,166,165,166,165,676,ok,38.87319576691114
1150,169,166,169,166,800,ok,45.84757648372323
1151,165,166,166,165,301,ok,39.39365526352822
1152,170,168,170,166,800,ok,49.04875516309573
1153,179,170,179,170,1040,ok,61.070652033776845
1154,176,179,182,176,150,ok,56.30190062596628
1155,173,176,176,173,500,ok,51.93459523984095
1156,170,173,173,170,150,ok,47.93064678260789
1157,170,170,170,169,1015,ok,47.93064678260789
1158,167,170,170,167,550,ok,43.99676056224958
1159,170,167,170,167,1100,ok,48.54478303893458
1160,169,170,170,169,1100,ok,47.16967824578935
1161,176,169,176,169,210,ok,56.46588325054463
1162,173,176,177,173,1662,ok,52.22452611721124
1163,179,173,179,173,1689,ok,58.87746158494634
1164,176,179,182,176,750,ok,54.77059623724456
1165,174,176,176,174,600,ok,52.15855309528367
1166,172,174,174,172,600,ok,49.61059659062973
1167,170,172,172,170,2250,ok,47.131125934088935
1168,170,170,170,167,951,ok,47.13112593408894
1169,173,170,173,169,4477,ok,51.360125090084296
1170,170,170,173,170,107,ok,47.28668710504997
1171,171,170,173,170,1257,ok,48.745927500827385
1172,170,171,171,170,1500,ok,47.33478262626161
1173,172,170,173,170,207,ok,50.425814819001566
1174,170,172,175,169,5490,ok,47.42803674902552
1175,168,170,170,168,10000,ok,44.57428850858655
1176,169,168,169,168,10,ok,46.31368578465026
1177,170,169,170,166,2367,ok,48.06878110552034
1178,170,170,170,168,29,ok,48.06878110552034
1179,170,170,170,167,312,ok,48.06878110552034
1180,168,170,170,165,813,ok,44.43973391831535
1181,169,168,171,168,560,ok,46.610149496807786
1182,167,169,169,167,84,ok,42.99281137399647
1183,168,167,168,167,184,ok,45.27953195548598
1184,166,167,168,166,2041,ok,41.67862775460228
1185,165,166,166,165,2000,ok,39.96716417880574
1186,169,168,171,165,18192,ok,48.9901975817698
1187,168,168,169,168,200,ok,47.08486949628661
1188,163,168,168,163,216,ok,38.93182164853026
1189,163,163,163,163,2270,ok,38.93182164853026
1190,163,163,163,162,1708,ok,38.93182164853026
1191,163,164,166,163,250,ok,38.93182164853026
1192,164,164,164,163,20,ok,41.649822154581535
1193,164,164,168,164,730,ok,41.649822154581535
1194,163,161,164,161,93,ok,39.60545479033541
1195,163,161,163,160,903,ok,39.60545479033541
1196,161,163,163,161,143,ok,35.5571592732276
1197,162,159,162,159,1395,ok,38.91900656735982
1198,165,163,165,162,39,ok,47.72890396867479
1199,162,165,165,162,633,ok,41.31199842922767
1200,162,162,162,162,789,ok,41.31199842922767
1201,160,162,162,160,1244,ok,37.42200112815913
1202,160,160,160,160,54,ok,37.42200112815913
1203,160,160,160,160,40,ok,37.42200112815913
1204,162,160,163,160,6125,ok,44.007070249609725
1205,164,163,164,162,2881,ok,49.706544853088815
1206,165,164,165,164,1524,ok,52.31987172234231
1207,165,164,165,164,765,ok,52.31987172234231
1208,161,164,164,161,329,ok,42.15766231303426
1209,172,164,173,163,3166,ok,63.27998572785219
1210,169,170,172,169,686,ok,57.15043498488272
1211,169,172,175,169,145,ok,57.15043498488272
1212,169,172,177,166,510,ok,57.15043498488272
1213,166,172,172,163,5790,ok,50.982529609618645
1214,166,169,169,166,140,ok,50.982529609618645
1215,168,168,168,168,100,ok,54.75773519739633
1216,164,168,168,164,344,ok,46.96671121293625
1217,164,167,167,164,36,ok,46.96671121293625
1218,164,164,164,164,50,ok,46.96671121293626
1219,164,164,164,164,167,ok,46.966711212936254
1220,171,163,171,162,957,ok,60.27195968212808
1221,168,173,173,168,693,ok,54.01715136787826
1222,174,165,174,165,770,ok,62.41752730266042
1223,177,171,177,171,248,ok,65.78337674407507
1224,176,177,178,175,443,ok,63.734355953113
1225,173,173,173,173,10,ok,57.90705291465543
1226,165,173,173,165,823,ok,45.86437882112655
1227,168,165,168,165,1317,ok,50.05874972779584
1228,176,170,176,170,161,ok,59.14838323008532
1229,180,176,180,179,110,ok,62.79463932989409
1230,177,180,180,177,1225,ok,58.57209131128447
1231,178,180,180,177,228,ok,59.54854050467176
1232,178,181,181,178,210,ok,59.54854050467176
1233,170,175,175,170,1160,ok,48.863007531441326
1234,174,171,174,167,1918,ok,53.368659619851
1235,175,177,180,175,2796,ok,54.44920527713681
1236,175,176,176,175,267,ok,54.44920527713681
1237,172,172,172,172,255,ok,50.38689197307512
1238,172,172,172,172,758,ok,50.38689197307512
1239,169,169,172,169,252,ok,46.37426935567597
1240,167,168,168,167,787,ok,43.8662292631338
1241,179,164,179,167,1968,ok,58.40268740477047
1242,173,176,176,173,190,ok,51.25558120027016
1243,173,170,173,168,2427,ok,51.25558120027017
1244,171,175,175,171,3122,ok,48.940257251846575
1245,175,174,181,174,2054,ok,53.46757490628696
1246,175,175,175,175,43,ok,53.46757490628696
1247,170,172,172,170,985,ok,47.37760896420544
1248,173,172,173,171,4302,ok,50.98496979765214
1249,176,171,176,171,41,ok,54.35473343234281
1250,184,179,187,176,3757,ok,61.88078990696539
1251,178,181,182,178,4013,ok,54.60840046318873
1252,178,180,181,178,2243,ok,54.60840046318873
1253,180,181,181,178,63,ok,56.58104466808632
1254,178,178,178,178,127,ok,54.051370045711934
1255,180,180,182,180,982,ok,56.16207892011119
1256,181,178,181,178,975,ok,57.220232908010914
1257,176,178,178,176,910,ok,50.63857794093269
1258,178,175,178,175,2095,ok,52.968896702721125
1259,181,175,181,175,2270,ok,56.30140389975623
1260,180,178,180,178,796,ok,54.90484258277963
1261,180,177,181,177,660,ok,54.90484258277963
1262,178,180,180,178,964,ok,51.91770235295448
1263,175,176,176,175,1734,ok,47.723466177954016
1264,177,177,177,177,200,ok,50.5893052670112
1265,178,174,178,174,1780,ok,52.00603286910676
1266,180,176,180,176,643,ok,54.79756060160262
1267,180,181,181,180,960,ok,54.79756060160261
1268,179,179,179,178,1389,ok,53.00963484556305
1269,179,178,179,178,829,ok,53.00963484556305
1270,175,178,178,175,1249,ok,46.04079578964172
1271,176,173,176,173,210,ok,47.885344733404224
1272,175,175,175,174,718,ok,46.18510082798718
1273,174,174,174,174,174,ok,44.484124237081225
1274,176,175,176,175,861,ok,48.56427303959475
1275,179,176,179,176,1706,ok,54.02282032279342
1276,177,177,177,177,100,ok,50.19815552637511
1277,176,174,176,174,1366,ok,48.35479468914166
1278,179,175,179,175,333,ok,53.83211923200343
1279,178,179,179,178,495,ok,51.857806098896354
1280,178,177,178,176,970,ok,51.857806098896354
1281,180,180,180,180,693,ok,55.63215668813306
1282,180,180,180,180,50,ok,55.63215668813306
1283,180,180,180,180,100,ok,55.63215668813306
1284,183,180,183,180,1300,ok,61.31429938552208
1285,188,186,189,186,2179,ok,68.54481805999114
1286,185,188,188,185,373,ok,61.15874674351431
1287,183,182,183,182,407,ok,56.76708495893839
1288,182,182,182,182,35,ok,54.65385950665648
1289,186,185,186,183,3452,ok,60.920601125077816
1290,186,185,188,185,1090,ok,60.920601125077816
1291,179,184,184,179,282,ok,47.57621108445136
1292,184,181,187,181,1017,ok,55.13569488320737
1293,189,187,190,187,2691,ok,61.16625549349188
1294,192,192,198,192,1699,ok,64.26960370264102
1295,189,190,190,189,260,ok,59.1767950086002
1296,192,187,192,187,1482,ok,62.38660250944344
1297,184,189,189,184,1328,ok,50.89457196395195
1298,182,184,184,182,1250,ok,48.48976506860889
1299,191,185,191,185,1577,ok,58.08715393333983
1300,190,194,197,190,270,ok,56.820360738446745
1301,190,187,190,187,41,ok,56.82036073844675
1302,190,193,193,190,100,ok,56.820360738446745
1303,187,193,193,187,1117,ok,52.52804038447215
1304,190,190,190,189,985,ok,56.0994737435512
1305,192,192,192,192,10,ok,58.34916307164824
1306,190,192,196,190,981,ok,55.29745724652236
1307,190,191,196,190,1046,ok,55.29745724652236
1308,187,190,190,187,2200,ok,50.685819998954095
1309,195,184,195,184,6374,ok,60.21441982052143
1310,190,193,193,190,750,ok,53.28457543423309
1311,190,190,190,190,677,ok,53.28457543423309
1312,190,187,190,184,1390,ok,53.28457543423309
1313,186,187,190,186,11100,ok,47.789206744202005
1314,189,189,189,189,122,ok,51.80390683026475
1315,193,192,195,190,5743,ok,56.59620607197464
1316,187,191,191,187,1078,ok,48.76363867877771
1317,186,190,190,186,2740,ok,47.58171257806215
1318,189,187,189,187,511,ok,51.3883419240001
1319,190,191,193,190,300,ok,52.62339363225479
1320,190,191,191,189,2950,ok,52.62339363225479
1321,200,193,207,193,24852,ok,63.406003943496245
1322,200,200,202,197,14108,ok,63.406003943496245
1323,200,199,201,197,16870,ok,63.40600394349625
1324,198,200,200,197,5370,ok,59.995172087628056
1325,197,199,199,197,4360,ok,58.30628737866051
1326,195,196,197,195,913,ok,54.97318047514422
1327,192,198,198,190,6205,ok,50.32587587232427
1328,199,195,199,195,2720,ok,59.02921702519038
1329,197,202,202,195,3217,ok,56.009711927843135
1330,199,199,199,194,1350,ok,58.30650429866758
1331,198,196,199,193,470,ok,56.7121111011412
1332,198,198,200,195,200,ok,56.7121111011412
1333,194,195,195,192,2965,ok,50.3277779398373
1334,195,194,197,194,744,ok,51.788981515975415
1335,194,193,194,193,340,ok,50.1986990038834
1336,197,195,198,195,125,ok,54.69343311311911
1337,196,199,199,196,1680,ok,52.977048912125554
1338,195,195,195,193,3910,ok,51.24517223443965
1339,196,195,197,195,2210,ok,52.90324973540376
1340,196,196,196,196,250,ok,52.90324973540376
1341,193,196,196,193,3995,ok,47.30577683316264
1342,196,195,196,195,1151,ok,52.69583791311559
1343,195,197,197,195,1694,ok,50.8294184703355
1344,196,198,198,196,220,ok,52.63603376070799
1345,194,198,198,194,2649,ok,48.7760815802822
1346,193,196,196,192,5458,ok,46.92322703450017
1347,193,192,195,192,3210,ok,46.923227034500165
1348,194,194,194,193,2000,ok,49.162899734208345
1349,192,193,193,192,1010,ok,45.06696492143091
1350,193,193,193,192,1530,ok,47.42551582395307
1351,195,195,195,193,1254,ok,51.8758198570178
1352,192,195,195,192,3551,ok,45.63566980381165
1353,192,191,192,191,978,ok,45.63566980381165
1354,195,192,195,192,2332,ok,52.29140524724316
1355,195,197,197,195,87,ok,52.29140524724316
1356,192,196,196,192,1300,ok,45.7898062201608
1357,194,195,195,193,2198,ok,50.23233789384775
1358,193,194,195,193,178,ok,48.10941445549467
1359,195,195,195,195,210,ok,52.438728370292125
1360,192,196,196,192,3210,ok,46.21072005114612
1361,192,192,192,191,1814,ok,46.21072005114612
1362,194,195,195,193,40,ok,50.73465802567214
1363,192,196,196,192,330,ok,46.52104136633224
1364,190,190,190,189,3200,ok,42.70176734801729
1365,192,187,192,187,1011,ok,47.35616606832404
1366,188,194,194,188,1812,ok,40.30451607442194
1367,190,190,191,190,3995,ok,44.73564141451696
1368,190,193,193,190,1211,ok,44.73564141451695
1369,190,193,193,190,1211,ok,44.73564141451695
1370,191,191,191,191,874,ok,47.18393046783873
1371,191,192,193,190,1140,ok,47.18393046783873
1372,192,191,192,191,636,ok,49.764963969946834
1373,193,192,193,192,1588,ok,52.27652813167874
1374,191,192,193,191,1280,ok,47.19443066796592
1375,188,190,190,188,405,ok,40.78891180706551
1376,194,188,194,188,820,ok,54.18280280628719
1377,192,193,193,192,1173,ok,50.11348376057802
1378,198,193,202,192,10888,ok,59.85447863450828
1379,196,201,201,194,4438,ok,55.93382829528606
1380,194,194,194,194,10,ok,52.24815289055915
1381,191,194,194,191,3620,ok,47.2217158655416
1382,191,193,194,191,3499,ok,47.22171586554159
1383,192,191,194,189,2830,ok,49.11420745965504
1384,198,195,200,195,8728,ok,58.68633272976832
1385,198,199,200,198,2097,ok,58.68633272976832
1386,200,201,201,197,2250,ok,61.48703472432791
1387,196,204,204,196,7780,ok,53.653057443955504
1388,196,199,199,196,1690,ok,53.653057443955504
1389,197,199,199,197,3230,ok,55.30416435500995
1390,199,199,200,197,9395,ok,58.48930619391092
1391,162,160,162,157,1241,ok,24.171427763771405
1392,162,165,165,162,275,ok,24.171427763771405
1393,162,163,163,162,560,ok,24.171427763771405
1394,162,162,162,160,850,ok,24.171427763771405
1395,162,164,165,162,1128,ok,24.171427763771405
1396,161,162,162,161,964,ok,23.62867135976795
1397,163,159,163,159,1709,ok,27.15185924059095
1398,161,166,166,161,1068,ok,25.866772664973368
1399,163,158,163,158,433,ok,29.462112493492384
1400,168,163,168,163,2394,ok,37.60870064005845
1401,173,170,173,170,1380,ok,44.51030886615818
1402,170,175,175,170,1640,ok,41.541103510867984
1403,173,170,177,170,2169,ok,45.45928995846917
1404,179,176,180,175,2474,ok,52.33958391511565
1405,191,180,195,180,7025,ok,62.522487703993626
1406,188,201,201,188,2008,ok,59.12165635179646
1407,186,182,188,182,2203,ok,56.89961765289059
1408,184,187,187,183,1596,ok,54.6861799849186
1409,187,187,187,180,6382,ok,57.36532863379835
1410,171,190,190,169,3038,ok,42.82318295834968
1411,180,174,180,174,2262,ok,50.43458954996954
1412,183,183,185,179,2330,ok,52.69513966820576
1413,184,186,189,184,1907,ok,53.45713442068932
1414,190,184,190,184,1508,ok,57.84479803172131
1415,190,192,192,189,1530,ok,57.84479803172131
1416,190,190,190,184,1391,ok,57.84479803172131
1417,184,187,187,184,358,ok,51.75144003490808
1418,187,187,187,179,4650,ok,54.34126801986629
1419,181,185,185,181,2600,ok,48.70984687803061
1420,178,183,183,178,120,ok,46.13543771878214
1421,176,181,181,176,2860,ok,44.44882819619986
1422,183,179,183,179,1562,ok,51.17645565065935
1423,178,180,180,177,3431,ok,46.81519361197867
1424,179,178,180,178,864,ok,47.77381032732282
1425,170,176,179,170,9600,ok,40.669061093146375
1426,177,173,182,173,3276,ok,47.24102858905268
1427,178,177,183,177,3294,ok,48.12504146694136
1428,176,181,181,176,800,ok,46.44874460754458
1429,178,176,178,175,6349,ok,48.38490455905775
1430,189,180,190,178,7446,ok,57.48871457913037
1431,189,189,201,186,7032,ok,57.48871457913036
1432,189,186,189,185,1064,ok,57.48871457913037
1433,189,192,195,188,4580,ok,57.48871457913037
1434,189,189,193,189,5844,ok,57.48871457913037
1435,190,189,191,186,5715,ok,58.453675644342376
1436,181,187,187,181,4250,ok,47.912648639810655
1437,177,181,181,177,3231,ok,44.10577288755552
1438,176,177,180,176,1620,ok,43.18204007401757
1439,175,175,178,174,2729,ok,42.22956798880245
1440,172,174,174,172,887,ok,39.42040993726398
1441,180,171,183,168,4888,ok,49.13701959797495
1442,172,179,179,172,6195,ok,41.89961087813244
1443,168,172,172,168,5474,ok,38.82073139524717
1444,170,170,173,167,380,ok,41.14929991123261
1445,169,173,173,167,1827,ok,40.3228982750556
1446,169,169,170,163,2686,ok,40.3228982750556
1447,166,166,167,164,3879,ok,37.68936868785758
1448,165,165,165,165,10,ok,36.82598417801262
1449,162,165,165,162,110,ok,34.288301581162315
1450,157,165,165,154,2234,ok,30.51416306888254
1451,156,158,159,154,4363,ok,29.807500480181147
1452,157,153,159,153,5882,ok,31.515499484677832
1453,154,155,156,154,4656,ok,29.21850067421397
1454,154,155,156,154,4607,ok,29.21850067421396
1455,156,156,159,154,2359,ok,32.99444425846765
1456,157,155,160,155,1208,ok,34.865436279264216
1457,162,159,163,159,2697,ok,43.37869248267927
1458,162,162,162,161,1100,ok,43.37869248267926
1459,170,163,170,161,4950,ok,54.43079687691978
1460,175,173,178,173,3518,ok,59.72246575491288
1461,171,174,174,171,1150,ok,54.29092391278617
1462,167,168,168,165,1502,ok,49.44788657630005
1463,165,170,170,164,508,ok,47.181584512633535
1464,170,164,172,164,3081,ok,52.98318665198488
1465,170,170,172,170,638,ok,52.98318665198488
1466,170,170,171,167,968,ok,52.98318665198487
1467,166,169,170,166,277,ok,47.7433309573493
1468,168,166,168,165,1165,ok,50.38540734207523
1469,165,166,168,165,1706,ok,46.58098878406333
1470,167,163,167,162,1860,ok,49.32790733353794
1471,166,169,169,164,1242,ok,47.99887459375236
1472,164,164,164,163,1153,ok,45.36624074864981
1473,166,165,167,165,3954,ok,48.41330620385785
1474,162,169,169,160,9089,ok,43.22132133875929
1475,163,164,165,163,3077,ok,44.81469207929295
1476,164,163,164,160,3858,ok,46.433551340879774
1477,162,165,167,162,2724,ok,43.674090874262006
1478,162,160,162,159,3375,ok,43.67409087426201
1479,161,159,162,160,1231,ok,42.21916364255392
1480,160,163,164,160,3077,ok,40.75697298704959
1481,160,160,163,159,4439,ok,40.75697298704959
1482,160,160,160,160,400,ok,40.75697298704959
1483,163,162,163,160,802,ok,47.561805124088885
1484,165,160,165,160,1139,ok,51.556716694731385
1485,164,166,166,163,934,ok,49.52511027642708
1486,167,167,167,161,4774,ok,55.22534233231057
1487,164,170,170,164,1776,ok,49.237162212660735
1488,163,164,166,161,1291,ok,47.39244834545022
1489,163,166,166,163,2338,ok,47.39244834545022
1490,167,166,170,165,6777,ok,55.18208200770916
1491,168,167,170,167,3774,ok,56.9002605092092
1492,170,170,177,168,9232,ok,60.18763554766562
1493,166,167,168,166,1775,ok,51.69507827608625
1494,170,166,170,166,6854,ok,58.06701766826267
1495,167,169,169,167,3524,ok,52.476045849599736
1496,172,169,175,167,7523,ok,59.47886370448765
1497,171,173,178,169,10660,ok,57.649212441122266
1498,173,172,173,170,4557,ok,60.28081707095759
1499,173,174,174,171,2249,ok,60.28081707095759
1500,178,172,179,172,6892,ok,66.34435909135613
1501,190,180,192,179,28490,ok,75.86662133743242
1502,195,199,204,195,28564,ok,78.58535460578265
1503,188,195,200,187,26338,ok,67.17567986766286
1504,184,190,193,184,28564,ok,61.666026849925295
1505,188,186,192,184,18855,ok,64.77717733455894
1506,190,186,192,186,8573,ok,66.25200035363419
1507,200,193,203,193,35809,ok,72.46096464911099
1508,200,208,208,200,28908,ok,72.46096464911099
1509,202,200,204,200,17261,ok,73.58808522050425
1510,200,204,204,199,16532,ok,70.48151231440696
1511,200,200,203,198,15967,ok,70.48151231440696
1512,203,204,207,201,12807,ok,72.50104490137345
1513,199,202,205,199,11830,ok,66.01577700315663
1514,200,199,201,199,15613,ok,66.81496800937435
1515,209,204,212,201,32546,ok,72.97480560842857
1516,215,213,218,213,53871,ok,76.15283043646997
1517,229,217,235,215,86698,ok,81.59223140334979
1518,220,230,230,218,24689,ok,70.46500601849911
1519,218,224,227,215,22045,ok,68.23792480247764
1520,217,214,218,212,15410,ok,67.09606108203394
1521,215,227,227,211,8635,ok,64.76194201546181
1522,211,217,217,211,14030,ok,60.24773584249508
1523,215,210,217,210,6275,ok,63.02343726395429
1524,215,214,217,211,19432,ok,63.02343726395429
1525,215,219,219,213,8498,ok,63.023437263954285
1526,217,215,219,214,9042,ok,64.56842620728335
1527,220,214,221,214,6993,ok,66.80869006910383
1528,220,222,225,218,9506,ok,66.80869006910383
1529,219,219,223,218,6720,ok,65.2146400542972
1530,219,229,229,217,17200,ok,65.2146400542972
1531,220,220,222,218,7710,ok,66.1512966393611
1532,219,220,221,217,15139,ok,64.28709713474527
1533,221,223,224,219,22224,ok,66.33072790623868
1534,221,225,229,218,27975,ok,66.33072790623868
1535,220,226,226,219,29908,ok,64.20036235322607
1536,226,220,230,220,52737,ok,70.35293801366089
1537,230,228,234,225,31850,ok,73.60923318937546
1538,225,227,230,225,25941,ok,64.12762591730036
1539,224,229,230,223,24797,ok,62.396515826049686
1540,228,228,230,225,22975,ok,66.3137284535546
1541,249,232,250,229,112049,ok,78.79993000136264
1542,264,261,266,256,57451,ok,83.50348519427325
1543,257,264,269,244,29566,ok,75.12674602926288
1544,252,253,259,250,15294,ok,69.74480537090201
1545,250,260,260,241,33444,ok,67.65694531022623
1546,248,250,250,244,39627,ok,65.54391096928191
1547,249,252,257,246,32299,ok,66.11377603483157
1548,245,246,258,242,27222,ok,61.71679972250496
1549,247,245,250,244,16808,ok,63.040362527729314
1550,243,250,250,242,10728,ok,58.67140815221919
1551,235,239,241,235,9406,ok,51.05100752530607
1552,241,237,243,233,7042,ok,55.69847070356144
1553,249,245,258,245,25402,ok,61.01354529951392
1554,246,250,255,244,15711,ok,58.19396451783129
1555,240,249,249,235,3980,ok,52.92600892538629
1556,244,237,244,237,4142,ok,55.79872299422452
1557,245,248,249,240,10900,ok,56.51320852563242
1558,245,249,249,240,6184,ok,56.51320852563242
1559,252,243,252,240,15185,ok,61.55788482615857
1560,245,257,257,241,6185,ok,54.72161035291128
1561,225,241,245,225,21207,ok,40.78510164722062
1562,232,222,233,217,17329,ok,45.97155326565167
1563,245,236,247,234,10993,ok,54.02514652784745
1564,240,245,248,234,10791,ok,50.88351225222091
1565,240,240,242,236,3281,ok,50.883512252220925
1566,236,243,244,235,2805,ok,48.27871042480878
1567,234,235,236,233,2976,ok,46.983623838112926
1568,236,235,236,234,1572,ok,48.47219456397395
1569,234,232,234,232,3136,ok,47.04953987737211
1570,231,230,237,230,7554,ok,44.91982804540949
1571,231,228,237,225,37396,ok,44.91982804540949
1572,254,235,254,235,34592,ok,60.72651499102101
1573,259,266,275,251,54254,ok,63.19899130061687
1574,257,260,260,252,17875,ok,61.53033589871273
1575,251,262,262,251,21406,ok,56.694173474558845
1576,259,255,259,253,12958,ok,61.08596101291344
1577,253,264,264,253,4448,ok,56.461182815372105
1578,254,250,254,249,5811,ok,57.04489361730683
1579,259,257,260,253,19487,ok,59.93703102189704
1580,260,265,270,257,24884,ok,60.509707249774685
1581,274,265,283,264,46278,ok,67.51148876051909
1582,301,287,301,277,76837,ok,76.25536660673971
1583,297,316,316,291,17902,ok,73.1158227574459
1584,299,302,311,295,26794,ok,73.69889822515881
1585,290,304,306,286,35153,ok,66.68947161464658
1586,283,294,294,280,22043,ok,61.76873186163256
1587,280,283,287,279,36571,ok,59.7344737322213
1588,282,285,285,280,14936,ok,60.66454238343404
1589,277,285,286,276,13542,ok,57.11281298707839
