Date,No of Transactions,high,low,adjclose,volume,Total Amount,open,Difference Rs.,% Change
2016-10-16,35,1800.0,1760,1770.0,2605,4642309,1780.0,-10.0,-0.56
2016-10-17,26,1780.0,1743,1774.0,4532,8004906,1770.0,4.0,0.23
2016-10-18,36,1800.0,1746,1789.0,4476,7905350,1774.0,15.0,0.85
2016-10-19,37,1795.0,1781,1790.0,3025,5418074,1789.0,1.0,0.06
2016-10-20,32,1790.0,1775,1785.0,4051,7223760,1790.0,-5.0,-0.28
2016-10-23,52,1785.0,1762,1765.0,8690,15381286,1785.0,-20.0,-1.12
2016-10-24,63,1770.0,1740,1740.0,10127,17718410,1765.0,-25.0,-1.42
2016-10-25,30,1741.0,1702,1729.0,2830,4889092,1740.0,-11.0,-0.63
2016-10-26,48,1744.0,1705,1740.0,6550,11272100,1729.0,11.0,0.64
2016-10-27,33,1755.0,1730,1755.0,3259,5680460,1740.0,15.0,0.86
2016-11-03,36,1795.0,1760,1760.0,5932,10583365,1755.0,5.0,0.28
2016-11-07,34,1760.0,1735,1739.0,4023,7029454,1760.0,-21.0,-1.19
2016-11-08,39,1758.0,1712,1725.0,3671,6313451,1739.0,-14.0,-0.81
2016-11-09,59,1716.0,1675,1708.0,5692,9680421,1725.0,-17.0,-0.99
2016-11-10,93,1710.0,1697,1700.0,8482,14451732,1708.0,-8.0,-0.47
2016-11-13,61,1720.0,1690,1703.0,9265,15814689,1700.0,3.0,0.18
2016-11-14,38,1730.0,1703,1722.0,4633,7970265,1703.0,19.0,1.12
2016-11-15,48,1725.0,1710,1716.0,4705,8079617,1722.0,-6.0,-0.35
2016-11-16,51,1721.0,1695,1695.0,6094,10400900,1716.0,-21.0,-1.22
2016-11-17,77,1705.0,1660,1670.0,8823,14794812,1695.0,-25.0,-1.47
2016-11-20,68,1650.0,1596,1630.0,8592,13882593,1670.0,-40.0,-2.4
2016-11-21,45,1680.0,1605,1635.0,5441,8855012,1630.0,5.0,0.31
2016-11-22,67,1655.0,1605,1630.0,7277,11888214,1635.0,-5.0,-0.31
2016-11-23,68,1626.0,1596,1600.0,8590,13764315,1630.0,-30.0,-1.84
2016-11-24,61,1610.0,1589,1595.0,6007,9588915,1600.0,-5.0,-0.31
2016-11-27,56,1588.0,1540,1555.0,4670,7327037,1595.0,-40.0,-2.51
2016-11-28,98,1640.0,1450,1640.0,10412,15581669,1555.0,85.0,5.47
2016-11-29,72,1655.0,1600,1655.0,7847,12789990,1640.0,15.0,0.91
2016-11-30,70,1700.0,1640,1691.0,7451,12521920,1655.0,36.0,2.18
2016-12-01,79,1734.0,1652,1674.0,7265,12248557,1691.0,-17.0,-1.01
2016-12-04,47,1670.0,1600,1670.0,4200,6890404,1674.0,-4.0,-0.24
2016-12-05,28,1690.0,1610,1640.0,2489,4064153,1670.0,-30.0,-1.8
2016-12-06,29,1650.0,1618,1638.0,2942,4780580,1640.0,-2.0,-0.12
2016-12-07,19,1640.0,1625,1635.0,944,1543130,1638.0,-3.0,-0.18
2016-12-08,19,1635.0,1616,1630.0,2418,3924004,1635.0,-5.0,-0.31
2016-12-11,26,1615.0,1600,1600.0,2229,3579929,1630.0,-30.0,-1.84
2016-12-12,37,1605.0,1590,1590.0,3275,5234640,1600.0,-10.0,-0.63
2016-12-14,42,1605.0,1575,1580.0,3618,5728110,1590.0,-10.0,-0.63
2016-12-15,37,1596.0,1565,1580.0,3144,4969905,1580.0,0.0,0.0
2016-12-18,23,1590.0,1565,1575.0,2536,3988415,1580.0,-5.0,-0.32
2016-12-19,47,1581.0,1571,1580.0,6814,10728686,1575.0,5.0,0.32
2016-12-20,53,1581.0,1565,1570.0,4956,7777705,1580.0,-10.0,-0.63
2016-12-21,25,1561.0,1530,1533.0,2243,3458589,1570.0,-37.0,-2.36
2016-12-22,45,1540.0,1524,1530.0,4389,6725386,1533.0,-3.0,-0.2
2016-12-26,59,1518.0,1500,1508.0,5860,8839205,1530.0,-22.0,-1.44
2016-12-27,45,1500.0,1421,1479.0,3491,5120574,1508.0,-29.0,-1.92
2016-12-28,64,1485.0,1450,1475.0,6181,9075222,1479.0,-4.0,-0.27
2016-12-29,38,1519.0,1481,1519.0,3186,4769867,1475.0,44.0,2.98
2017-01-01,42,1548.0,1525,1530.0,3097,4755293,1519.0,11.0,0.72
2017-01-02,57,1550.0,1525,1544.0,10617,16338631,1530.0,14.0,0.92
2017-01-03,68,1550.0,1525,1525.0,5907,9065006,1544.0,-19.0,-1.23
2017-01-04,14,1529.0,1515,1515.0,1430,2179380,1525.0,-10.0,-0.66
2017-01-05,41,1520.0,1500,1505.0,4175,6307494,1515.0,-10.0,-0.66
2017-01-08,26,1510.0,1495,1510.0,2781,4176835,1505.0,5.0,0.33
2017-01-09,21,1529.0,1510,1519.0,1389,2106767,1510.0,9.0,0.6
2017-01-10,35,1551.0,1525,1538.0,3248,5014861,1519.0,19.0,1.25
2017-01-11,37,1565.0,1540,1565.0,4054,6277188,1538.0,27.0,1.76
2017-01-12,32,1565.0,1546,1560.0,1982,3080102,1565.0,-5.0,-0.32
2017-01-15,34,1550.0,1530,1540.0,2316,3569530,1560.0,-20.0,-1.28
2017-01-16,52,1540.0,1505,1508.0,5298,8008643,1540.0,-32.0,-2.08
2017-01-17,39,1525.0,1500,1505.0,3743,5639426,1508.0,-3.0,-0.2
2017-01-18,54,1512.0,1490,1504.0,5013,7523545,1505.0,-1.0,-0.07
2017-01-19,39,1515.0,1500,1500.0,3585,5400055,1504.0,-4.0,-0.27
2017-01-22,34,1515.0,1500,1506.0,2713,4089847,1500.0,6.0,0.4
2017-01-23,33,1516.0,1500,1500.0,2874,4328142,1506.0,-6.0,-0.4
2017-01-24,43,1500.0,1481,1487.0,2963,4416101,1500.0,-13.0,-0.87
2017-01-25,92,1459.0,1426,1441.0,7828,11287504,1487.0,-46.0,-3.09
2017-01-26,72,1445.0,1400,1432.0,4524,6429933,1441.0,-9.0,-0.62
2017-01-30,103,1425.0,1350,1365.0,6198,8563164,1432.0,-67.0,-4.68
2017-01-31,75,1390.0,1304,1390.0,7174,9654758,1365.0,25.0,1.83
2017-02-01,69,1450.0,1400,1442.0,5711,8122880,1390.0,52.0,3.74
2017-02-02,69,1485.0,1440,1455.0,5462,7967835,1442.0,13.0,0.9
2017-02-05,39,1480.0,1412,1455.0,4887,7173313,1455.0,0.0,0.0
2017-02-06,39,1455.0,1420,1420.0,3203,4593482,1455.0,-35.0,-2.41
2017-02-07,70,1422.0,1400,1405.0,7394,10392930,1420.0,-15.0,-1.06
2017-02-08,69,1420.0,1382,1395.0,6077,8465459,1405.0,-10.0,-0.71
2017-02-09,70,1391.0,1370,1370.0,4797,6617816,1395.0,-25.0,-1.79
2017-02-12,134,1343.0,1295,1305.0,11250,14703980,1370.0,-65.0,-4.74
2017-02-13,107,1380.0,1275,1370.0,10589,13734117,1305.0,65.0,4.98
2017-02-14,102,1375.0,1346,1360.0,8847,12054626,1370.0,-10.0,-0.73
2017-02-15,71,1412.0,1370,1412.0,6199,8619869,1360.0,52.0,3.82
2017-02-16,118,1458.0,1415,1456.0,7547,10916859,1412.0,44.0,3.12
2017-02-19,91,1500.0,1427,1496.0,7010,10368340,1456.0,40.0,2.75
2017-02-20,98,1549.0,1510,1520.0,7377,11253485,1496.0,24.0,1.6
2017-02-21,96,1550.0,1495,1515.0,7723,11784598,1520.0,-5.0,-0.33
2017-02-22,36,1505.0,1475,1485.0,1883,2804625,1515.0,-30.0,-1.98
2017-02-23,37,1485.0,1465,1471.0,2710,3984496,1485.0,-14.0,-0.94
2017-02-26,51,1470.0,1405,1405.0,4770,6842345,1471.0,-66.0,-4.49
2017-02-28,48,1400.0,1377,1395.0,4357,6066336,1405.0,-10.0,-0.71
2017-03-01,69,1407.0,1388,1400.0,8356,11667455,1395.0,5.0,0.36
2017-03-02,37,1421.0,1401,1420.0,3487,4935667,1400.0,20.0,1.43
2017-03-05,41,1461.0,1395,1450.0,5909,8561833,1420.0,30.0,2.11
2017-03-06,58,1470.0,1451,1469.0,3287,4814614,1450.0,19.0,1.31
2017-03-07,60,1450.0,1424,1435.0,4045,5804665,1469.0,-34.0,-2.31
2017-03-09,26,1463.0,1436,1436.0,3014,4353264,1435.0,1.0,0.07
2017-03-13,19,1460.0,1435,1455.0,2366,3423835,1436.0,19.0,1.32
2017-03-14,17,1465.0,1440,1449.0,1385,2011608,1455.0,-6.0,-0.41
2017-03-15,16,1449.0,1421,1440.0,1235,1775926,1449.0,-9.0,-0.62
2017-03-16,38,1449.0,1431,1440.0,3233,4653160,1440.0,0.0,0.0
2017-03-19,48,1446.0,1430,1440.0,4640,6673702,1440.0,0.0,0.0
2017-03-20,83,1465.0,1440,1460.0,10234,14841723,1440.0,20.0,1.39
2017-03-21,80,1475.0,1450,1475.0,7625,11154867,1460.0,15.0,1.03
2017-03-22,107,1538.0,1480,1481.0,12277,18575436,1475.0,6.0,0.41
2017-03-23,75,1499.0,1465,1470.0,8543,12629357,1481.0,-11.0,-0.74
2017-03-26,109,1529.0,1480,1500.0,14931,22420877,1470.0,30.0,2.04
2017-03-28,75,1581.0,1529,1575.0,9939,15514194,1500.0,75.0,5.0
2017-03-29,150,1606.0,1550,1570.0,18088,28454445,1575.0,-5.0,-0.32
2017-03-30,86,1570.0,1541,1550.0,9746,15116519,1570.0,-20.0,-1.27
2017-04-02,55,1591.0,1560,1579.0,8810,13863282,1550.0,29.0,1.87
2017-04-03,130,1716.0,1550,1577.0,15195,24944664,1579.0,-2.0,-0.13
2017-04-04,82,1594.0,1550,1580.0,8995,14130868,1577.0,3.0,0.19
2017-04-06,52,1580.0,1556,1570.0,5503,8628837,1580.0,-10.0,-0.63
2017-04-09,59,1585.0,1539,1568.0,4935,7720480,1570.0,-2.0,-0.13
2017-04-10,70,1575.0,1550,1575.0,8280,12919959,1568.0,7.0,0.45
2017-04-11,84,1628.0,1592,1600.0,9167,14675019,1575.0,25.0,1.59
2017-04-12,84,1635.0,1592,1615.0,8132,13110570,1600.0,15.0,0.94
2017-04-13,63,1600.0,1565,1590.0,4916,7804592,1615.0,-25.0,-1.55
2017-04-16,45,1590.0,1540,1556.0,2911,4562607,1590.0,-34.0,-2.14
2017-04-18,53,1556.0,1515,1515.0,2972,4530449,1556.0,-41.0,-2.64
2017-04-19,37,1545.0,1500,1540.0,3753,5710446,1515.0,25.0,1.65
2017-04-20,35,1570.0,1540,1551.0,4148,6434092,1540.0,11.0,0.71
2017-04-23,53,1650.0,1580,1599.0,7475,12119151,1551.0,48.0,3.09
2017-04-24,47,1600.0,1575,1599.0,4041,6412340,1599.0,0.0,0.0
2017-04-25,36,1596.0,1570,1590.0,3009,4753538,1599.0,-9.0,-0.56
2017-04-26,29,1579.0,1565,1574.0,2038,3204084,1590.0,-16.0,-1.01
2017-04-27,34,1581.0,1557,1580.0,3571,5613711,1574.0,6.0,0.38
2017-04-30,41,1580.0,1545,1545.0,6533,10180389,1580.0,-35.0,-2.22
2017-05-02,36,1545.0,1535,1535.0,2341,3607072,1545.0,-10.0,-0.65
2017-05-03,37,1596.0,1560,1569.0,3461,5428952,1535.0,34.0,2.22
2017-05-04,44,1570.0,1552,1560.0,2743,4297693,1569.0,-9.0,-0.57
2017-05-07,33,1560.0,1525,1535.0,3218,4934049,1560.0,-25.0,-1.6
2017-05-08,34,1564.0,1520,1540.0,2702,4129491,1535.0,5.0,0.33
2017-05-09,34,1580.0,1550,1560.0,2023,3151900,1540.0,20.0,1.3
2017-05-11,38,1570.0,1560,1560.0,2672,4180311,1560.0,0.0,0.0
2017-05-15,42,1577.0,1560,1560.0,3167,4954540,1560.0,0.0,0.0
2017-05-16,20,1560.0,1536,1558.0,1888,2926720,1560.0,-2.0,-0.13
2017-05-17,39,1560.0,1550,1560.0,2503,3897343,1558.0,2.0,0.13
2017-05-18,62,1565.0,1540,1554.0,5123,7941445,1560.0,-6.0,-0.38
2017-05-21,26,1560.0,1535,1550.0,1204,1869835,1554.0,-4.0,-0.26
2017-05-22,22,1559.0,1535,1535.0,1271,1959285,1550.0,-15.0,-0.97
2017-06-01,85,1525.0,1495,1500.0,8966,13506747,1500.0,0.0,0.0
2017-06-04,77,1501.0,1470,1480.0,8738,12917926,1500.0,-20.0,-1.33
2017-06-05,34,1509.0,1480,1500.0,3695,5530476,1480.0,20.0,1.35
2017-06-06,96,1530.0,1500,1519.0,8003,12067235,1500.0,19.0,1.27
2017-06-07,69,1540.0,1514,1515.0,10804,16424306,1519.0,-4.0,-0.26
2017-06-08,36,1515.0,1500,1512.0,3132,4713197,1515.0,-3.0,-0.2
2017-06-11,72,1512.0,1470,1472.0,6190,9211705,1512.0,-40.0,-2.65
2017-06-12,97,1479.0,1451,1460.0,9507,13894083,1472.0,-12.0,-0.82
2017-06-13,57,1479.0,1455,1460.0,5712,8357364,1460.0,0.0,0.0
2017-06-14,91,1460.0,1450,1452.0,10596,15412170,1460.0,-8.0,-0.55
2017-06-15,40,1504.0,1458,1480.0,4356,6413088,1452.0,28.0,1.93
2017-06-18,41,1480.0,1453,1459.0,3120,4601959,1480.0,-21.0,-1.42
2017-06-19,66,1460.0,1445,1450.0,6395,9297531,1459.0,-9.0,-0.62
2017-06-20,49,1455.0,1436,1442.0,4585,6621680,1450.0,-8.0,-0.55
2017-06-21,32,1460.0,1450,1460.0,3699,5393372,1442.0,18.0,1.25
2017-06-22,46,1484.0,1451,1452.0,3172,4636934,1460.0,-8.0,-0.55
2017-06-25,55,1490.0,1465,1489.0,3963,5871812,1452.0,37.0,2.55
2017-06-27,49,1499.0,1485,1491.0,3543,5280813,1489.0,2.0,0.13
2017-06-28,42,1500.0,1485,1499.0,4402,6571007,1491.0,8.0,0.54
2017-07-02,56,1499.0,1460,1479.0,3363,4948199,1499.0,-20.0,-1.33
2017-07-03,27,1480.0,1470,1475.0,2096,3090420,1479.0,-4.0,-0.27
2017-07-04,40,1479.0,1472,1476.0,2778,4098059,1475.0,1.0,0.07
2017-07-05,31,1485.0,1475,1475.0,2783,4111579,1476.0,-1.0,-0.07
2017-07-06,41,1500.0,1475,1500.0,3154,4686720,1475.0,25.0,1.69
2017-07-09,74,1525.0,1490,1500.0,6988,10562849,1500.0,0.0,0.0
2017-07-10,55,1505.0,1490,1493.0,6071,9080538,1500.0,-7.0,-0.47
2017-07-11,29,1510.0,1500,1506.0,3583,5394980,1493.0,13.0,0.87
2017-07-12,36,1520.0,1510,1519.0,2244,3394055,1506.0,13.0,0.86
2017-07-13,39,1525.0,1512,1523.0,2709,4113818,1519.0,4.0,0.26
2017-07-16,29,1530.0,1500,1530.0,2912,4434776,1523.0,7.0,0.46
2017-07-17,100,1599.0,1540,1597.0,11170,17515322,1530.0,67.0,4.38
2017-07-18,150,1650.0,1599,1638.0,12310,20156563,1597.0,41.0,2.57
2017-07-19,148,1670.0,1650,1658.0,12595,20914375,1638.0,20.0,1.22
2017-07-20,85,1670.0,1656,1658.0,6554,10892528,1658.0,0.0,0.0
2017-07-23,64,1665.0,1630,1635.0,4811,7920541,1658.0,-23.0,-1.39
2017-07-24,78,1650.0,1600,1610.0,4650,7517602,1635.0,-25.0,-1.53
2017-07-25,54,1620.0,1607,1612.0,5546,8936508,1610.0,2.0,0.12
2017-07-26,43,1643.0,1612,1620.0,3897,6361000,1612.0,8.0,0.5
2017-07-27,65,1640.0,1625,1627.0,4790,7802785,1620.0,7.0,0.43
2017-07-30,44,1630.0,1610,1620.0,3503,5680620,1627.0,-7.0,-0.43
2017-07-31,41,1629.0,1620,1622.0,3329,5407310,1620.0,2.0,0.12
2017-08-01,54,1642.0,1625,1635.0,3486,5687953,1622.0,13.0,0.8
2017-08-02,49,1640.0,1630,1638.0,4095,6688292,1635.0,3.0,0.18
2017-08-03,184,1675.0,1652,1667.0,15706,26155939,1638.0,29.0,1.77
2017-08-06,197,1733.0,1700,1728.0,18127,31218211,1667.0,61.0,3.66
2017-08-07,160,1773.0,1750,1768.0,17674,31186114,1728.0,40.0,2.31
2017-08-09,131,1798.0,1775,1780.0,12288,21922842,1768.0,12.0,0.68
2017-08-10,117,1779.0,1736,1758.0,10168,17881898,1780.0,-22.0,-1.24
2017-08-13,91,1769.0,1745,1750.0,9970,17482991,1758.0,-8.0,-0.46
2017-08-15,64,1749.0,1720,1720.0,5048,8758193,1750.0,-30.0,-1.71
2017-08-16,84,1735.0,1713,1718.0,7982,13756714,1720.0,-2.0,-0.12
2017-08-17,94,1751.0,1710,1737.0,10056,17274511,1718.0,19.0,1.11
2017-08-20,66,1760.0,1732,1735.0,5888,10259197,1737.0,-2.0,-0.12
2017-08-21,43,1730.0,1715,1720.0,3081,5297040,1735.0,-15.0,-0.86
2017-08-22,54,1730.0,1717,1729.0,5422,9343100,1720.0,9.0,0.52
2017-08-23,65,1740.0,1730,1730.0,4741,8214588,1729.0,1.0,0.06
2017-08-24,48,1730.0,1718,1729.0,4183,7206550,1730.0,-1.0,-0.06
2017-08-27,316,1810.0,1755,1767.0,31262,55313492,1729.0,38.0,2.2
2017-08-28,283,1799.0,1758,1762.0,20703,36640894,1767.0,-5.0,-0.28
2017-08-30,163,1770.0,1722,1737.0,11486,20085496,1762.0,-25.0,-1.42
2017-08-31,180,1750.0,1699,1700.0,13665,23374198,1737.0,-37.0,-2.13
2017-09-04,164,1701.0,1640,1665.0,13365,22238967,1700.0,-35.0,-2.06
2017-09-06,236,1715.0,1670,1694.0,19799,33552418,1665.0,29.0,1.74
2017-09-07,313,1700.0,1675,1675.0,28839,48861153,1694.0,-19.0,-1.12
2017-09-10,374,1688.0,1632,1634.0,29951,49273019,1675.0,-41.0,-2.45
2017-09-11,760,1650.0,1613,1630.0,63239,103382819,1634.0,-4.0,-0.24
2017-09-12,186,1235.0,1191,1191.0,16172,19436411,1254.0,-63.0,-5.02
2017-09-13,83,1190.0,1170,1185.0,6694,7895425,1191.0,-6.0,-0.5
2017-09-14,115,1210.0,1189,1205.0,9574,11452752,1185.0,20.0,1.69
2017-09-17,129,1255.0,1210,1245.0,8537,10589205,1205.0,40.0,3.32
2017-09-18,101,1270.0,1255,1264.0,6829,8639064,1245.0,19.0,1.53
2017-09-20,97,1274.0,1254,1254.0,5611,7065724,1264.0,-10.0,-0.79
2017-09-24,87,1260.0,1242,1254.0,8497,10628509,1254.0,0.0,0.0
2017-09-25,38,1265.0,1258,1260.0,2474,3118727,1254.0,6.0,0.48
2017-09-26,52,1265.0,1251,1264.0,6134,7709872,1260.0,4.0,0.32
2017-10-03,27,1265.0,1243,1265.0,1586,1988128,1264.0,1.0,0.08
2017-10-04,44,1269.0,1245,1245.0,5471,6875981,1265.0,-20.0,-1.58
2017-10-08,72,1245.0,1200,1218.0,5817,7046017,1245.0,-27.0,-2.17
2017-10-09,80,1225.0,1200,1205.0,6902,8301697,1218.0,-13.0,-1.07
2017-10-10,30,1211.0,1190,1205.0,2185,2631375,1205.0,0.0,0.0
2017-10-11,71,1209.0,1199,1200.0,5616,6749975,1205.0,-5.0,-0.41
2017-10-12,63,1205.0,1195,1200.0,6344,7616025,1200.0,0.0,0.0
2017-10-15,26,1219.0,1200,1219.0,1432,1731988,1200.0,19.0,1.58
2017-10-16,64,1285.0,1220,1285.0,6273,7799850,1219.0,66.0,5.41
2017-10-17,64,1291.0,1265,1273.0,6476,8271853,1285.0,-12.0,-0.93
2017-10-18,42,1280.0,1264,1277.0,4812,6117000,1273.0,4.0,0.31
2017-10-22,16,1285.0,1270,1272.0,1070,1368105,1277.0,-5.0,-0.39
2017-10-23,30,1280.0,1260,1265.0,1708,2169615,1272.0,-7.0,-0.55
2017-10-24,24,1270.0,1251,1257.0,2908,3659420,1265.0,-8.0,-0.63
2017-10-25,32,1265.0,1235,1235.0,2350,2930820,1257.0,-22.0,-1.75
2017-10-29,37,1240.0,1225,1230.0,2416,2973525,1235.0,-5.0,-0.4
2017-10-30,51,1234.0,1220,1225.0,5881,7210045,1230.0,-5.0,-0.41
2017-10-31,43,1225.0,1210,1219.0,4315,5238973,1225.0,-6.0,-0.49
2017-11-01,42,1235.0,1220,1220.0,3253,3979235,1219.0,1.0,0.08
2017-11-02,69,1230.0,1208,1215.0,7706,9364149,1220.0,-5.0,-0.41
2017-11-05,70,1210.0,1194,1203.0,7767,9320970,1215.0,-12.0,-0.99
2017-11-06,72,1200.0,1180,1190.0,5666,6764751,1203.0,-13.0,-1.08
2017-11-07,95,1195.0,1175,1179.0,9207,10893020,1190.0,-11.0,-0.92
2017-11-08,64,1180.0,1165,1165.0,4291,5028682,1179.0,-14.0,-1.19
2017-11-09,177,1165.0,1130,1130.0,18364,20877641,1165.0,-35.0,-3.0
2017-11-12,80,1150.0,1121,1150.0,10024,11359344,1130.0,20.0,1.77
2017-11-13,100,1165.0,1150,1161.0,10925,12632188,1150.0,11.0,0.96
2017-11-14,81,1200.0,1163,1200.0,11066,13012931,1161.0,39.0,3.36
2017-11-15,98,1208.0,1197,1200.0,8902,10679752,1200.0,0.0,0.0
2017-11-16,51,1200.0,1180,1182.0,4677,5558767,1200.0,-18.0,-1.5
2017-11-19,29,1200.0,1168,1168.0,2558,3011830,1182.0,-14.0,-1.18
2017-11-20,85,1157.0,1140,1140.0,11937,13682716,1168.0,-28.0,-2.4
2017-11-21,52,1162.0,1130,1145.0,4337,4981260,1140.0,5.0,0.44
2017-11-22,32,1168.0,1160,1166.0,3050,3551417,1145.0,21.0,1.83
2017-11-23,54,1175.0,1166,1166.0,5085,5958916,1166.0,0.0,0.0
2017-11-26,51,1180.0,1170,1175.0,7461,8771195,1166.0,9.0,0.77
2017-11-27,48,1184.0,1160,1165.0,7045,8269855,1175.0,-10.0,-0.85
2017-11-28,43,1180.0,1165,1180.0,5031,5925569,1165.0,15.0,1.29
2017-11-29,56,1190.0,1180,1180.0,11254,13340119,1180.0,0.0,0.0
2017-11-30,59,1190.0,1170,1179.0,8116,9533877,1180.0,-1.0,-0.08
2017-12-04,45,1181.0,1166,1166.0,4406,5182918,1179.0,-13.0,-1.1
2017-12-05,42,1170.0,1155,1170.0,4113,4771619,1166.0,4.0,0.34
2017-12-06,45,1180.0,1165,1168.0,4018,4716696,1170.0,-2.0,-0.17
2017-12-10,68,1176.0,1155,1164.0,9654,11249659,1168.0,-4.0,-0.34
2017-12-11,36,1167.0,1152,1167.0,2773,3216181,1164.0,3.0,0.26
2017-12-12,12,1170.0,1153,1160.0,950,1104025,1167.0,-7.0,-0.6
2017-12-13,23,1160.0,1155,1156.0,2013,2332412,1160.0,-4.0,-0.34
2017-12-14,9,1169.0,1159,1160.0,1117,1297193,1156.0,4.0,0.35
2017-12-17,37,1160.0,1150,1155.0,3691,4269481,1160.0,-5.0,-0.43
2017-12-18,23,1164.0,1160,1160.0,1545,1794115,1155.0,5.0,0.43
2017-12-19,26,1161.0,1155,1155.0,2366,2738360,1160.0,-5.0,-0.43
2017-12-20,33,1160.0,1145,1155.0,2665,3077286,1155.0,0.0,0.0
2017-12-21,35,1160.0,1145,1149.0,4245,4876851,1155.0,-6.0,-0.52
2017-12-24,42,1155.0,1148,1150.0,4231,4869175,1149.0,1.0,0.09
2017-12-26,32,1155.0,1130,1145.0,2029,2324230,1150.0,-5.0,-0.43
2017-12-27,41,1143.0,1130,1134.0,2831,3218527,1145.0,-11.0,-0.96
2017-12-28,151,1129.0,1085,1090.0,15690,17372804,1134.0,-44.0,-3.88
2017-12-31,174,1090.0,1015,1020.0,19263,19872468,1090.0,-70.0,-6.42
2018-01-01,100,1065.0,1020,1065.0,15122,15815821,1020.0,45.0,4.41
2018-01-02,172,1101.0,1065,1080.0,24418,26436586,1065.0,15.0,1.41
2018-01-03,95,1100.0,1050,1055.0,12532,13419655,1080.0,-25.0,-2.31
2018-01-04,64,1081.0,1059,1080.0,7265,7729842,1055.0,25.0,2.37
2018-01-07,91,1090.0,1074,1081.0,8667,9375573,1080.0,1.0,0.09
2018-01-08,92,1097.0,1080,1089.0,14120,15355520,1081.0,8.0,0.74
2018-01-09,83,1100.0,1089,1090.0,9727,10622378,1089.0,1.0,0.09
2018-01-10,112,1093.0,1070,1070.0,12309,13268074,1090.0,-20.0,-1.83
2018-01-14,89,1073.0,1055,1065.0,9390,9958623,1070.0,-5.0,-0.47
2018-01-16,197,1066.0,1025,1030.0,22276,22954807,1065.0,-35.0,-3.29
2018-01-17,159,1045.0,1010,1039.0,20617,21075039,1030.0,9.0,0.87
2018-01-21,126,1045.0,1025,1039.0,12003,12403365,1039.0,0.0,0.0
2018-01-22,76,1043.0,1033,1039.0,11946,12404528,1039.0,0.0,0.0
2018-01-23,74,1040.0,1030,1031.0,6612,6832655,1039.0,-8.0,-0.77
2018-01-24,177,1032.0,1010,1015.0,19823,20147654,1031.0,-16.0,-1.55
2018-01-25,77,1039.0,1020,1037.0,8156,8413375,1015.0,22.0,2.17
2018-01-28,115,1055.0,1044,1048.0,10059,10552455,1037.0,11.0,1.06
2018-01-29,127,1055.0,1045,1052.0,11653,12243536,1048.0,4.0,0.38
2018-01-31,120,1070.0,1058,1070.0,10033,10680085,1052.0,18.0,1.71
2018-02-01,145,1098.0,1075,1090.0,12664,13798913,1070.0,20.0,1.87
2018-02-04,155,1099.0,1086,1086.0,19894,21733406,1090.0,-4.0,-0.37
2018-02-05,119,1092.0,1074,1077.0,12146,13121803,1086.0,-9.0,-0.83
2018-02-06,69,1073.0,1065,1072.0,4578,4892085,1077.0,-5.0,-0.46
2018-02-07,75,1066.0,1060,1066.0,7436,7896306,1072.0,-6.0,-0.56
2018-02-08,78,1070.0,1057,1065.0,8717,9272016,1066.0,-1.0,-0.09
2018-02-11,69,1070.0,1060,1070.0,6351,6760781,1065.0,5.0,0.47
2018-02-12,73,1074.0,1061,1062.0,6125,6533434,1070.0,-8.0,-0.75
2018-02-14,98,1075.0,1060,1068.0,11870,12624699,1062.0,6.0,0.57
2018-02-15,159,1104.0,1075,1104.0,18692,20360424,1068.0,36.0,3.37
2018-02-18,186,1126.0,1106,1112.0,19540,21802656,1104.0,8.0,0.72
2018-02-20,113,1130.0,1093,1100.0,9378,10334586,1112.0,-12.0,-1.08
2018-02-21,41,1096.0,1085,1095.0,2594,2833586,1100.0,-5.0,-0.45
2018-02-22,85,1100.0,1086,1090.0,8036,8754206,1095.0,-5.0,-0.46
2018-02-25,97,1090.0,1065,1070.0,10593,11396582,1090.0,-20.0,-1.83
2018-02-26,98,1085.0,1059,1059.0,12348,13147101,1070.0,-11.0,-1.03
2018-02-27,64,1075.0,1055,1068.0,19270,20383380,1059.0,9.0,0.85
2018-02-28,113,1067.0,1055,1060.0,12588,13355553,1068.0,-8.0,-0.75
2018-03-04,137,1045.0,1022,1034.0,13490,13943999,1060.0,-26.0,-2.45
2018-03-05,95,1070.0,1031,1035.0,9593,9930691,1034.0,1.0,0.1
2018-03-06,88,1060.0,1025,1050.0,15880,16382778,1035.0,15.0,1.45
2018-03-07,142,1065.0,1051,1060.0,21280,22518994,1050.0,10.0,0.95
2018-03-11,111,1060.0,1040,1044.0,11768,12328304,1060.0,-16.0,-1.51
2018-03-12,95,1043.0,1035,1043.0,8110,8421984,1044.0,-1.0,-0.1
2018-03-13,141,1041.0,1024,1030.0,14786,15241365,1043.0,-13.0,-1.25
2018-03-14,107,1040.0,1030,1030.0,9600,9895232,1030.0,0.0,0.0
2018-03-15,151,1035.0,1023,1023.0,11196,11519949,1030.0,-7.0,-0.68
2018-03-18,110,1029.0,1019,1025.0,12162,12445533,1023.0,2.0,0.2
2018-03-19,122,1030.0,1012,1015.0,12030,12261050,1025.0,-10.0,-0.98
2018-03-20,171,1015.0,998,1015.0,23717,23766543,1015.0,0.0,0.0
2018-03-21,266,1001.0,985,985.0,20783,20629079,1015.0,-30.0,-2.96
2018-03-22,215,990.0,969,975.0,20012,19557394,985.0,-10.0,-1.02
2018-03-26,209,965.0,920,925.0,16921,15870121,975.0,-50.0,-5.13
2018-03-27,225,950.0,888,939.0,25557,23304842,925.0,14.0,1.51
2018-03-28,214,968.0,931,968.0,23753,22625884,939.0,29.0,3.09
2018-03-29,213,987.0,967,970.0,18810,18319193,968.0,2.0,0.21
2018-04-01,186,975.0,917,945.0,15347,14400984,970.0,-25.0,-2.58
2018-04-02,99,949.0,937,945.0,8678,8183555,945.0,0.0,0.0
2018-04-03,113,950.0,939,950.0,11371,10755354,945.0,5.0,0.53
2018-04-04,143,965.0,950,965.0,16959,16258088,950.0,15.0,1.58
2018-04-05,268,978.0,965,970.0,27949,27130865,965.0,5.0,0.52
2018-04-08,270,1010.0,972,999.0,31730,31438392,970.0,29.0,2.99
2018-04-09,356,1030.0,994,994.0,35267,35649958,999.0,-5.0,-0.5
2018-04-10,138,1000.0,980,986.0,11944,11843749,994.0,-8.0,-0.8
2018-04-11,79,994.0,980,988.0,8026,7922823,986.0,2.0,0.2
2018-04-12,115,999.0,988,989.0,14218,14093564,988.0,1.0,0.1
2018-04-15,105,999.0,979,990.0,13102,12926814,989.0,1.0,0.1
2018-04-16,65,999.0,980,996.0,8325,8269895,990.0,6.0,0.61
2018-04-17,127,1005.0,997,1002.0,16009,16014884,996.0,6.0,0.6
2018-04-18,128,1050.0,999,1040.0,21999,22542958,1002.0,38.0,3.79
2018-04-19,179,1060.0,1041,1055.0,15695,16510904,1040.0,15.0,1.44
2018-04-22,210,1076.0,1058,1065.0,20691,22041196,1055.0,10.0,0.95
2018-04-23,180,1081.0,1050,1050.0,16208,17342320,1065.0,-15.0,-1.41
2018-04-24,114,1064.0,1032,1032.0,8229,8577428,1050.0,-18.0,-1.71
2018-04-25,89,1045.0,1030,1040.0,10589,10957803,1032.0,8.0,0.78
2018-04-26,97,1050.0,1020,1030.0,13380,13834533,1040.0,-10.0,-0.96
2018-04-29,90,1020.0,1002,1013.0,7378,7486292,1030.0,-17.0,-1.65
2018-05-02,91,1025.0,996,1009.0,10811,10833777,1013.0,-4.0,-0.39
2018-05-03,70,1025.0,1009,1009.0,6662,6759592,1009.0,0.0,0.0
2018-05-06,70,1006.0,1000,1005.0,6340,6357513,1009.0,-4.0,-0.4
2018-05-07,71,1010.0,998,999.0,6050,6056230,1005.0,-6.0,-0.6
2018-05-08,56,1010.0,997,1010.0,8831,8852104,999.0,11.0,1.1
2018-05-09,65,1014.0,1003,1003.0,7968,8034051,1010.0,-7.0,-0.69
2018-05-10,42,1010.0,996,1003.0,3212,3220711,1003.0,0.0,0.0
2018-05-14,80,1004.0,990,1000.0,8898,8893275,1003.0,-3.0,-0.3
2018-05-15,31,1007.0,995,1002.0,2596,2600618,1000.0,2.0,0.2
2018-05-16,48,1002.0,999,1000.0,6058,6059488,1002.0,-2.0,-0.2
2018-05-17,42,1005.0,1001,1002.0,3295,3305126,1000.0,2.0,0.2
2018-05-20,84,1022.0,1000,1000.0,9372,9407270,1002.0,-2.0,-0.2
2018-05-21,57,1010.0,996,999.0,6405,6406075,1000.0,-1.0,-0.1
2018-05-22,50,1003.0,995,995.0,6365,6353640,999.0,-4.0,-0.4
2018-05-23,64,999.0,984,987.0,5655,5608070,995.0,-8.0,-0.8
2018-05-24,55,999.0,990,990.0,5307,5272846,987.0,3.0,0.3
2018-05-27,43,990.0,978,989.0,3069,3025613,990.0,-1.0,-0.1
2018-05-28,35,1012.0,985,1012.0,4170,4168432,989.0,23.0,2.33
2018-05-29,52,1010.0,999,999.0,4198,4215660,1012.0,-13.0,-1.28
2018-05-30,33,1013.0,999,1000.0,2360,2369794,999.0,1.0,0.1
2018-05-31,46,1005.0,995,1000.0,3164,3164745,1000.0,0.0,0.0
2018-06-03,73,1000.0,980,980.0,5913,5851885,1000.0,-20.0,-2.0
2018-06-04,60,985.0,970,979.0,3875,3778918,980.0,-1.0,-0.1
2018-06-06,30,1000.0,988,990.0,1882,1870275,979.0,11.0,1.12
2018-06-07,72,990.0,975,975.0,4786,4699557,990.0,-15.0,-1.52
2018-06-10,72,970.0,944,956.0,5466,5203139,975.0,-19.0,-1.95
2018-06-11,63,975.0,945,955.0,5198,4985404,956.0,-1.0,-0.1
2018-06-12,35,960.0,945,955.0,4558,4348302,955.0,0.0,0.0
2018-06-13,50,960.0,945,955.0,3803,3623053,955.0,0.0,0.0
2018-06-14,20,963.0,955,958.0,947,908810,955.0,3.0,0.31
2018-06-17,34,959.0,940,942.0,3161,3005848,958.0,-16.0,-1.67
2018-06-18,45,955.0,937,943.0,2878,2708792,942.0,1.0,0.11
2018-06-19,24,944.0,940,941.0,1365,1284805,943.0,-2.0,-0.21
2018-06-20,35,945.0,940,940.0,3344,3150990,941.0,-1.0,-0.11
2018-06-21,36,945.0,940,942.0,2308,2172544,940.0,2.0,0.21
2018-06-24,53,943.0,936,942.0,4494,4227179,942.0,0.0,0.0
2018-06-25,54,945.0,930,932.0,4988,4659460,942.0,-10.0,-1.06
2018-06-26,13,931.0,922,928.0,1174,1090732,932.0,-4.0,-0.43
2018-06-27,57,935.0,921,930.0,5047,4684972,928.0,2.0,0.22
2018-06-28,46,955.0,931,931.0,2623,2458336,930.0,1.0,0.11
2018-07-01,57,945.0,925,928.0,4235,3928819,931.0,-3.0,-0.32
2018-07-02,37,928.0,917,920.0,2420,2230578,928.0,-8.0,-0.86
2018-07-03,48,926.0,918,920.0,5734,5276092,920.0,0.0,0.0
2018-07-04,71,920.0,913,917.0,6221,5705845,920.0,-3.0,-0.33
2018-07-05,141,928.0,919,924.0,12676,11688329,917.0,7.0,0.76
2018-07-08,102,953.0,928,940.0,12880,12053335,924.0,16.0,1.73
2018-07-09,91,941.0,918,918.0,11028,10191921,940.0,-22.0,-2.34
2018-07-10,53,926.0,917,917.0,3949,3635273,918.0,-1.0,-0.11
2018-07-11,81,928.0,917,918.0,9218,8488516,917.0,1.0,0.11
2018-07-12,77,922.0,911,912.0,5387,4937055,918.0,-6.0,-0.65
2018-07-15,70,920.0,912,920.0,5465,5011393,912.0,8.0,0.88
2018-07-16,102,921.0,903,921.0,10813,9814734,920.0,1.0,0.11
2018-07-17,364,917.0,899,900.0,64608,58183875,921.0,-21.0,-2.28
2018-07-18,150,905.0,897,900.0,28537,25684476,900.0,0.0,0.0
2018-07-19,282,905.0,898,900.0,36821,33135848,900.0,0.0,0.0
2018-07-22,74,900.0,897,900.0,6188,5564234,900.0,0.0,0.0
2018-07-23,96,900.0,898,900.0,11306,10173097,900.0,0.0,0.0
2018-07-24,173,905.0,898,899.0,20936,18838973,900.0,-1.0,-0.11
2018-07-25,81,900.0,897,897.0,7248,6515265,899.0,-2.0,-0.22
2018-07-26,75,908.0,899,905.0,13263,11940605,897.0,8.0,0.89
2018-07-29,63,919.0,909,910.0,5574,5081568,905.0,5.0,0.55
2018-07-30,46,913.0,907,909.0,5174,4704652,910.0,-1.0,-0.11
2018-07-31,58,910.0,905,905.0,5144,4667568,909.0,-4.0,-0.44
2018-08-01,56,910.0,904,908.0,5960,5399467,905.0,3.0,0.33
2018-08-02,53,909.0,904,906.0,5552,5025364,908.0,-2.0,-0.22
2018-08-05,71,907.0,900,905.0,6414,5793997,906.0,-1.0,-0.11
2018-08-06,62,907.0,900,903.0,6662,6014701,905.0,-2.0,-0.22
2018-08-07,42,919.0,904,904.0,2142,1939354,903.0,1.0,0.11
2018-08-08,36,910.0,903,904.0,2673,2418903,904.0,0.0,0.0
2018-08-09,40,922.0,904,909.0,3307,2995504,904.0,5.0,0.55
2018-08-12,67,910.0,894,900.0,6359,5711482,909.0,-9.0,-0.99
2018-08-13,44,907.0,900,907.0,5383,4849651,900.0,7.0,0.78
2018-08-14,51,907.0,900,907.0,6383,5763190,907.0,0.0,0.0
2018-08-15,163,940.0,913,935.0,17869,16481295,907.0,28.0,3.09
2018-08-16,186,966.0,930,957.0,17494,16648687,935.0,22.0,2.35
2018-08-19,134,965.0,954,959.0,11046,10576160,957.0,2.0,0.21
2018-08-20,106,960.0,942,948.0,9155,8697104,959.0,-11.0,-1.15
2018-08-21,71,947.0,940,940.0,4925,4641395,948.0,-8.0,-0.84
2018-08-22,35,945.0,935,945.0,2174,2048396,940.0,5.0,0.53
2018-08-23,60,945.0,941,945.0,4749,4479671,945.0,0.0,0.0
2018-08-26,63,948.0,944,945.0,5990,5664032,945.0,0.0,0.0
2018-08-28,60,950.0,943,949.0,6091,5781337,945.0,4.0,0.42
2018-08-29,36,949.0,945,947.0,3171,3001456,949.0,-2.0,-0.21
2018-08-30,54,952.0,945,947.0,5231,4957539,947.0,0.0,0.0
2018-09-02,73,952.0,946,950.0,7021,6664605,947.0,3.0,0.32
2018-09-03,80,970.0,955,964.0,7503,7217390,950.0,14.0,1.47
2018-09-04,80,971.0,961,966.0,8115,7858208,964.0,2.0,0.21
2018-09-05,90,974.0,965,970.0,10041,9723088,966.0,4.0,0.41
2018-09-06,141,984.0,963,965.0,16698,16255028,970.0,-5.0,-0.52
2018-09-09,55,974.0,955,970.0,7541,7272133,965.0,5.0,0.52
2018-09-10,52,967.0,960,964.0,7438,7154743,970.0,-6.0,-0.62
2018-09-11,34,969.0,960,966.0,6852,6594520,964.0,2.0,0.21
2018-09-12,26,967.0,965,965.0,4296,4148546,966.0,-1.0,-0.1
2018-09-13,52,970.0,966,968.0,5373,5204961,965.0,3.0,0.31
2018-09-16,59,974.0,968,969.0,9770,9476501,968.0,1.0,0.1
2018-09-17,34,970.0,965,968.0,1984,1919979,969.0,-1.0,-0.1
2018-09-18,54,970.0,966,968.0,5243,5077774,968.0,0.0,0.0
2018-09-20,57,970.0,960,962.0,6516,6276391,968.0,-6.0,-0.62
2018-09-23,37,964.0,950,961.0,3193,3067001,962.0,-1.0,-0.1
2018-09-25,50,965.0,960,965.0,5209,5014381,961.0,3.0,0.31
2018-09-26,74,969.0,960,966.0,9356,9023400,965.0,1.0,0.1
2018-09-27,32,970.0,960,961.0,3070,2955155,966.0,-5.0,-0.52
2018-09-30,43,961.0,950,950.0,7218,6875847,961.0,-11.0,-1.14
2018-10-01,39,956.0,934,945.0,2593,2457545,950.0,-5.0,-0.53
2018-10-02,41,950.0,940,945.0,3936,3714697,945.0,0.0,0.0
2018-10-03,49,945.0,932,942.0,5114,4797575,945.0,-3.0,-0.32
2018-10-04,61,958.0,916,944.0,5142,4793892,942.0,2.0,0.21
2018-10-07,50,944.0,927,927.0,5803,5418389,944.0,-17.0,-1.8
2018-10-08,33,944.0,927,929.0,3337,3103085,927.0,2.0,0.22
2018-10-09,29,939.0,927,930.0,2484,2309884,929.0,1.0,0.11
2018-10-10,41,932.0,927,930.0,4393,4083177,930.0,0.0,0.0
2018-10-11,39,937.0,929,931.0,5113,4765260,930.0,1.0,0.11
2018-10-14,20,939.0,935,938.0,1925,1805120,931.0,7.0,0.75
2018-10-15,18,956.0,940,953.0,1245,1176840,938.0,15.0,1.6
2018-10-21,6,955.0,950,953.0,193,183830,953.0,0.0,0.0
2018-10-22,26,959.0,950,951.0,1928,1836366,953.0,-2.0,-0.21
2018-10-23,21,960.0,950,960.0,2006,1914357,951.0,9.0,0.95
2018-10-24,35,970.0,956,962.0,3191,3062958,960.0,2.0,0.21
2018-10-25,16,963.0,956,956.0,1044,1003004,962.0,-6.0,-0.62
2018-10-28,38,956.0,939,942.0,2511,2375880,956.0,-14.0,-1.46
2018-10-29,38,945.0,939,940.0,2862,2696421,942.0,-2.0,-0.21
2018-10-30,23,945.0,940,940.0,1768,1665460,940.0,0.0,0.0
2018-10-31,20,952.0,940,952.0,2427,2290367,940.0,12.0,1.28
2018-11-01,23,949.0,940,946.0,1572,1486688,952.0,-6.0,-0.63
2018-11-04,33,947.0,938,940.0,2099,1973599,946.0,-6.0,-0.63
2018-11-05,35,940.0,935,938.0,2736,2564837,940.0,-2.0,-0.21
2018-11-06,4,951.0,940,946.0,130,122200,946.0,-6.0,-0.63
2018-11-07,378,951.0,940,0.0,12170,11551510,940.0,11.0,1.17
2018-11-10,4,951.0,940,946.0,130,122200,946.0,-6.0,-0.63
2018-11-11,31,946.0,897,911.0,2235,2049703,946.0,-35.0,-3.7
2018-11-12,49,911.0,897,0.0,4075,3671257,911.0,-7.0,-0.77
2018-11-13,11,921.0,905,919.0,833,765772,905.0,14.0,1.55
2018-11-14,33,920.0,915,919.0,4373,4012461,919.0,0.0,0.0
2018-11-15,55,940.0,919,927.0,7548,7014926,919.0,8.0,0.87
2018-11-18,38,930.0,916,917.0,3113,2861006,927.0,-10.0,-1.08
2018-11-19,31,918.0,908,917.0,2568,2343176,917.0,0.0,0.0
2018-11-20,13,918.0,902,902.0,760,689755,917.0,-15.0,-1.64
2018-11-21,33,906.0,890,906.0,3991,3590008,902.0,4.0,0.44
2018-11-22,42,915.0,900,900.34,4595,4161447,906.0,-5.66,-0.62
2018-11-25,42,904.0,898,898.76,3792,3411869,900.34,-1.58,-0.18
2018-11-26,44,898.76,888,888.58,5967,5315003,898.76,-10.18,-1.13
2018-11-27,42,899.0,885,889.0,4029,3590433,888.58,0.42,0.05
2018-11-28,58,900.0,888,889.0,5451,4856282,889.0,0.0,0.0
2018-11-29,52,890.0,882,882.14,3294,2918930,889.0,-6.86,-0.77
2018-12-02,49,882.14,865,865.0,4594,4012974,882.14,-17.14,-1.94
2018-12-03,53,875.0,862,863.0,3135,2724634,865.0,-2.0,-0.23
2018-12-04,150,863.0,841,860.0,13920,11836081,863.0,-3.0,-0.35
2018-12-05,90,860.0,849,851.0,7992,6810591,860.0,-9.0,-1.05
2018-12-06,57,851.0,830,850.0,6099,5146673,851.0,-1.0,-0.12
2018-12-09,51,856.0,850,852.0,4171,3551145,850.0,2.0,0.24
2018-12-10,82,860.0,850,853.0,8181,6985900,852.0,1.0,0.12
2018-12-11,52,860.0,844,855.0,3869,3292015,853.0,2.0,0.23
2018-12-12,43,860.0,845,851.0,3175,2698524,855.0,-4.0,-0.47
2018-12-13,51,855.0,847,847.0,4879,4154691,851.0,-4.0,-0.47
2018-12-16,66,859.0,847,853.0,9410,8028210,847.0,6.0,0.71
2018-12-17,35,869.0,850,862.0,2512,2156799,853.0,9.0,1.06
2018-12-18,43,862.0,856,858.0,5028,4313427,862.0,-4.0,-0.46
2018-12-19,43,860.0,850,850.0,7082,6065755,858.0,-8.0,-0.93
2018-12-20,47,860.0,845,851.0,3393,2889782,850.0,1.0,0.12
2018-12-23,54,870.0,851,870.0,8974,7768742,851.0,19.0,2.23
2018-12-24,36,876.0,865,868.0,5253,4559230,870.0,-2.0,-0.23
2018-12-25,25,870.0,855,862.0,1588,1363054,868.0,-6.0,-0.69
2018-12-26,60,870.0,860,864.0,7037,6076478,862.0,2.0,0.23
2018-12-27,64,880.0,864,865.0,6193,5420729,864.0,1.0,0.12
2018-12-30,48,877.0,865,866.0,4130,3580230,865.0,1.0,0.12
2018-12-31,67,879.0,860,860.0,7285,6272105,866.0,-6.0,-0.69
2019-01-01,48,863.0,851,851.0,5002,4299360,860.0,-9.0,-1.05
2019-01-02,35,859.0,850,850.0,5122,4367064,851.0,-1.0,-0.12
2019-01-03,65,855.0,841,841.0,9928,8406376,850.0,-9.0,-1.06
2019-01-06,61,848.0,835,837.0,7310,6131147,841.0,-4.0,-0.48
2019-01-07,35,840.0,835,835.0,4589,3841093,841.0,-6.0,-0.71
2019-01-08,48,839.0,835,837.0,3971,3320723,835.0,2.0,0.24
2019-01-09,48,840.0,834,834.0,4380,3665005,837.0,-3.0,-0.36
2019-01-10,59,848.0,834,835.0,5480,4594681,834.0,1.0,0.12
2019-01-13,32,851.0,835,838.0,3132,2630499,835.0,3.0,0.36
2019-01-14,50,844.0,830,836.0,4045,3380041,838.0,-2.0,-0.24
2019-01-15,27,842.0,834,842.0,2708,2274094,836.0,6.0,0.72
2019-01-16,41,858.0,841,845.0,2960,2495960,842.0,3.0,0.36
2019-01-17,39,845.0,836,844.0,2128,1789744,845.0,-1.0,-0.12
2019-01-20,31,850.0,844,850.0,3123,2644690,844.0,6.0,0.71
2019-01-21,33,848.0,836,843.0,3420,2879855,850.0,-7.0,-0.82
2019-01-22,32,845.0,841,842.0,1670,1408160,843.0,-1.0,-0.12
2019-01-23,52,850.0,838,838.0,4189,3525291,842.0,-4.0,-0.48
2019-01-24,34,843.0,838,840.0,2567,2157456,838.0,2.0,0.24
2019-01-27,43,841.0,832,838.0,3910,3264588,840.0,-2.0,-0.24
2019-01-28,35,838.0,832,834.0,2227,1857209,838.0,-4.0,-0.48
2019-01-29,70,835.0,830,830.0,6286,5226541,834.0,-4.0,-0.48
2019-01-30,61,841.0,830,837.0,3605,3021780,830.0,7.0,0.84
2019-01-31,53,844.0,837,841.0,4408,3704155,837.0,4.0,0.48
2019-02-03,52,845.0,840,841.0,4165,3504489,841.0,0.0,0.0
2019-02-04,69,841.0,825,829.0,5154,4282870,841.0,-12.0,-1.43
2019-02-05,30,835.0,829,830.0,2150,1786992,829.0,1.0,0.12
2019-02-06,48,830.0,825,828.0,3267,2700338,830.0,-2.0,-0.24
2019-02-07,32,835.0,826,831.0,3757,3121345,828.0,3.0,0.36
2019-02-10,34,831.0,820,824.0,2399,1978534,831.0,-7.0,-0.84
2019-02-11,30,830.0,823,825.0,3879,3206308,824.0,1.0,0.12
2019-02-12,43,830.0,825,825.0,2448,2022793,825.0,0.0,0.0
2019-02-13,48,830.0,818,822.0,3151,2590226,825.0,-3.0,-0.36
2019-02-14,36,825.0,818,818.0,2494,2045066,822.0,-4.0,-0.49
2019-02-17,59,829.0,807,807.0,6470,5260676,818.0,-11.0,-1.34
2019-02-18,254,815.0,778,783.0,29718,23363212,807.0,-24.0,-2.97
2019-02-19,105,795.0,776,793.0,7663,6056596,783.0,10.0,1.28
2019-02-20,99,793.0,780,789.0,9080,7134674,793.0,-4.0,-0.5
2019-02-21,135,803.0,789,803.0,17561,13943026,789.0,14.0,1.77
2019-02-24,158,810.0,792,795.0,15486,12382022,803.0,-8.0,-1.0
2019-02-25,308,799.0,789,794.0,31622,25071269,795.0,-1.0,-0.13
2019-02-26,162,708.93,678,687.0,9887,6780379,708.93,-21.93,-3.09
2019-02-27,48,689.0,681,687.0,4794,3287509,687.0,0.0,0.0
2019-03-03,84,691.0,680,682.0,8715,5981206,687.0,-5.0,-0.73
2019-03-05,60,690.0,681,683.0,6279,4299414,682.0,1.0,0.15
2019-03-06,69,688.0,680,686.0,10200,6992179,683.0,3.0,0.44
2019-03-07,61,690.0,685,688.0,7555,5187912,686.0,2.0,0.29
2019-03-10,25,691.0,686,691.0,1992,1371509,688.0,3.0,0.44
2019-03-11,100,700.0,691,696.0,16082,11171683,691.0,5.0,0.72
2019-03-12,126,720.0,696,720.0,12884,9192682,696.0,24.0,3.45
2019-03-13,118,731.0,715,715.0,11803,8544860,720.0,-5.0,-0.69
2019-03-14,43,720.0,708,715.0,3812,2724814,715.0,0.0,0.0
2019-03-17,85,730.0,715,722.0,9881,7160677,715.0,7.0,0.98
2019-03-18,70,730.0,722,722.0,9174,6660220,722.0,0.0,0.0
2019-03-19,16,724.0,718,723.0,1020,735840,722.0,1.0,0.14
2019-03-21,90,722.0,708,710.0,8927,6376826,723.0,-13.0,-1.8
2019-03-24,63,721.0,709,712.0,5859,4167379,710.0,2.0,0.28
2019-03-25,67,716.0,709,712.0,7028,5001380,712.0,0.0,0.0
2019-03-26,46,712.0,706,712.0,3898,2766912,712.0,0.0,0.0
2019-03-27,62,715.0,709,709.0,9163,6518505,712.0,-3.0,-0.42
2019-03-28,44,719.0,708,714.0,5004,3560176,709.0,5.0,0.71
2019-03-31,71,717.0,707,712.0,7019,4989641,714.0,-2.0,-0.28
2019-04-01,62,714.0,709,712.0,11973,8520113,712.0,0.0,0.0
2019-04-02,86,718.0,710,717.0,15403,10998068,712.0,5.0,0.7
2019-04-03,77,731.0,712,724.0,14196,10231962,717.0,7.0,0.98
2019-04-04,69,728.0,718,727.0,8188,5926768,724.0,3.0,0.41
2019-04-07,104,732.0,721,732.0,23725,17210067,727.0,5.0,0.69
2019-04-08,133,755.0,730,740.0,23599,17506141,732.0,8.0,1.09
2019-04-09,105,750.0,740,743.0,12325,9165403,740.0,3.0,0.41
2019-04-10,67,749.0,735,740.0,8232,6083115,743.0,-3.0,-0.4
2019-04-11,66,743.0,736,736.0,7882,5833869,740.0,-4.0,-0.54
2019-04-15,35,746.0,736,746.0,3377,2508067,736.0,10.0,1.36
2019-04-16,55,773.0,747,766.0,6057,4601029,746.0,20.0,2.68
2019-04-17,97,780.0,766,773.0,11183,8655913,766.0,7.0,0.91
2019-04-18,126,810.0,785,810.0,15287,12154425,773.0,37.0,4.79
2019-04-21,185,867.0,815,866.0,28899,24371418,810.0,56.0,6.91
2019-04-22,221,900.0,868,880.0,29675,26446983,866.0,14.0,1.62
2019-04-23,147,890.0,859,881.0,15000,13127950,880.0,1.0,0.11
2019-04-24,72,894.0,864,878.0,6811,5986456,881.0,-3.0,-0.34
2019-04-25,86,895.0,877,880.0,9441,8344073,878.0,2.0,0.23
2019-04-28,119,891.0,873,873.0,9506,8416974,880.0,-7.0,-0.8
2019-04-29,77,880.0,866,868.0,8403,7330752,873.0,-5.0,-0.57
2019-04-30,81,871.0,851,856.0,7584,6535452,868.0,-12.0,-1.38
2019-05-02,68,855.0,845,847.0,6201,5263300,856.0,-9.0,-1.05
2019-05-05,87,844.0,830,835.0,9479,7923076,847.0,-12.0,-1.42
2019-05-06,73,855.0,834,851.0,8355,7017752,835.0,16.0,1.92
2019-05-07,66,869.0,850,850.0,8243,7040204,851.0,-1.0,-0.12
2019-05-08,53,855.0,840,846.0,7578,6380515,850.0,-4.0,-0.47
2019-05-09,44,862.0,838,841.0,2950,2486583,846.0,-5.0,-0.59
2019-05-12,39,845.0,831,841.0,3539,2969502,841.0,0.0,0.0
2019-05-13,39,855.0,841,844.0,2652,2239367,841.0,3.0,0.36
2019-05-14,44,850.0,837,848.0,3614,3042368,844.0,4.0,0.47
2019-05-15,57,860.0,844,851.0,5163,4401510,848.0,3.0,0.35
2019-05-16,61,858.0,845,845.0,6365,5396030,851.0,-6.0,-0.71
2019-05-19,43,855.0,831,843.0,6356,5322545,845.0,-2.0,-0.24
2019-05-20,59,849.0,830,830.0,5507,4593487,843.0,-13.0,-1.54
2019-05-21,41,840.0,827,840.0,4169,3480164,830.0,10.0,1.2
2019-05-22,33,856.0,835,841.0,1981,1666961,840.0,1.0,0.12
2019-05-23,48,845.0,835,841.0,5508,4631903,841.0,0.0,0.0
2019-05-26,52,857.0,835,840.0,5463,4580200,841.0,-1.0,-0.12
2019-05-27,21,840.0,835,840.0,2539,2126755,840.0,0.0,0.0
2019-05-28,26,844.0,830,836.0,2822,2357557,840.0,-4.0,-0.48
2019-05-29,34,840.0,837,840.0,3151,2643739,836.0,4.0,0.48
2019-05-30,72,882.0,847,847.0,9146,7847192,840.0,7.0,0.83
2019-06-02,61,848.0,832,834.0,6077,5092634,847.0,-13.0,-1.53
2019-06-03,40,835.0,830,833.0,2874,2391215,834.0,-1.0,-0.12
2019-06-04,40,843.0,829,829.0,3935,3274335,833.0,-4.0,-0.48
2019-06-06,47,832.0,826,828.0,4877,4044107,829.0,-1.0,-0.12
2019-06-10,57,842.0,820,826.0,4518,3747090,828.0,-2.0,-0.24
2019-06-11,57,826.0,820,822.0,8030,6604807,826.0,-4.0,-0.48
2019-06-12,55,823.0,815,820.0,8943,7321965,822.0,-2.0,-0.24
2019-06-13,53,834.0,818,827.0,9849,8084710,820.0,7.0,0.85
2019-06-16,78,822.0,813,814.0,13511,11054441,827.0,-13.0,-1.57
2019-06-17,68,816.0,807,816.0,10347,8422115,814.0,2.0,0.25
2019-06-18,72,816.0,806,814.0,8230,6675233,816.0,-2.0,-0.25
2019-06-19,47,829.0,803,814.0,3158,2548422,814.0,0.0,0.0
2019-06-24,55,808.0,802,808.0,3446,2774340,805.0,3.0,0.37
2019-06-25,58,810.0,800,810.0,4883,3941709,808.0,2.0,0.25
2019-06-26,55,810.0,802,804.0,7826,6305130,810.0,-6.0,-0.74
2019-06-27,122,815.0,799,800.0,12955,10381928,804.0,-4.0,-0.5
2019-06-30,164,806.0,785,785.0,28406,22459703,800.0,-15.0,-1.88
2019-07-01,75,785.0,780,785.0,8539,6680735,785.0,0.0,0.0
2019-07-02,100,785.0,775,784.0,9500,7396723,785.0,-1.0,-0.13
2019-07-03,70,799.0,775,795.0,7949,6256691,784.0,11.0,1.4
2019-07-04,61,800.0,795,798.0,10401,8304199,795.0,3.0,0.38
2019-07-07,69,805.0,790,790.0,6481,5135732,798.0,-8.0,-1.0
2019-07-08,51,790.0,785,787.0,4253,3346218,790.0,-3.0,-0.38
2019-07-09,115,806.0,786,806.0,11678,9317059,787.0,19.0,2.41
2019-07-10,75,815.0,801,811.0,9931,8029610,806.0,5.0,0.62
2019-07-11,102,824.0,813,823.0,8966,7349011,811.0,12.0,1.48
2019-07-14,70,827.0,820,825.0,3781,3114375,823.0,2.0,0.24
2019-07-15,228,833.0,799,799.0,30861,24844803,825.0,-26.0,-3.15
2019-07-16,176,838.0,792,800.0,25920,20690486,799.0,1.0,0.13
2019-07-17,77,814.0,800,813.0,17512,14114496,800.0,13.0,1.63
2019-07-18,73,820.0,808,812.0,15304,12441575,813.0,-1.0,-0.12
2019-07-21,102,810.0,800,801.0,19195,15373045,812.0,-11.0,-1.35
2019-07-22,96,819.0,803,805.0,19698,15859921,801.0,4.0,0.5
2019-07-23,100,810.0,802,808.0,13387,10777123,805.0,3.0,0.37
2019-07-24,88,815.0,805,812.0,17884,14464085,808.0,4.0,0.5
2019-07-25,86,811.0,800,805.0,11336,9132402,812.0,-7.0,-0.86
2019-07-28,108,808.0,796,797.0,17431,13928301,805.0,-8.0,-0.99
2019-07-29,75,805.0,798,803.0,10970,8776221,797.0,6.0,0.75
2019-07-30,48,805.0,800,801.0,10926,8762095,803.0,-2.0,-0.25
2019-07-31,57,805.0,800,800.0,9199,7380782,801.0,-1.0,-0.12
2019-08-01,64,805.0,800,801.0,11281,9049631,800.0,1.0,0.13
2019-08-04,99,803.0,796,799.0,11095,8875676,801.0,-2.0,-0.25
2019-08-05,64,800.0,795,800.0,9946,7949617,799.0,1.0,0.13
2019-08-06,115,795.0,789,790.0,13321,10532439,800.0,-10.0,-1.25
2019-08-07,61,795.0,784,790.0,9174,7253945,790.0,0.0,0.0
2019-08-08,69,796.0,787,790.0,10432,8237900,790.0,0.0,0.0
2019-08-11,86,788.0,781,784.0,9920,7776326,790.0,-6.0,-0.76
2019-08-12,62,788.0,782,783.0,5650,4425270,784.0,-1.0,-0.13
2019-08-13,52,785.0,781,782.0,6190,4840872,783.0,-1.0,-0.13
2019-08-14,96,784.0,775,779.0,11640,9077408,782.0,-3.0,-0.38
2019-08-15,47,785.0,780,784.0,13055,10216347,779.0,5.0,0.64
2019-08-18,74,790.0,779,779.0,12387,9681667,784.0,-5.0,-0.64
2019-08-19,107,784.0,776,778.0,10297,8024707,779.0,-1.0,-0.13
2019-08-20,72,782.0,777,778.0,12518,9741646,778.0,0.0,0.0
2019-08-21,77,779.0,775,778.0,13659,10607288,778.0,0.0,0.0
2019-08-22,89,781.0,777,777.0,7473,5819886,778.0,-1.0,-0.13
2019-08-25,60,780.0,771,776.0,7386,5716394,777.0,-1.0,-0.13
2019-08-26,117,776.0,760,775.0,23330,17929030,776.0,-1.0,-0.13
2019-08-27,59,780.0,771,778.0,5949,4611481,775.0,3.0,0.39
2019-08-28,52,790.0,770,770.0,4274,3309179,778.0,-8.0,-1.03
2019-08-29,73,775.0,768,770.0,9213,7102386,770.0,0.0,0.0
2019-09-01,70,772.0,767,769.0,9261,7131662,770.0,-1.0,-0.13
2019-09-02,65,769.0,756,758.0,6969,5301083,769.0,-11.0,-1.43
2019-09-03,71,775.0,750,774.0,8894,6777484,758.0,16.0,2.11
2019-09-04,80,781.0,770,777.0,15241,11835353,774.0,3.0,0.39
2019-09-05,71,792.0,777,780.0,8861,6906071,777.0,3.0,0.39
2019-09-08,69,781.0,775,776.0,9562,7431867,780.0,-4.0,-0.51
2019-09-09,50,778.0,770,776.0,4931,3813681,776.0,0.0,0.0
2019-09-10,60,775.0,767,769.0,7569,5839289,776.0,-7.0,-0.9
2019-09-11,50,772.0,765,772.0,4673,3594701,769.0,3.0,0.39
2019-09-12,72,771.0,765,770.0,10514,8072324,772.0,-2.0,-0.26
2019-09-15,54,775.0,759,759.0,6359,4874908,770.0,-11.0,-1.43
2019-09-16,130,756.0,742,742.0,10591,7940938,759.0,-17.0,-2.24
2019-09-17,94,766.0,745,750.0,10137,7664052,742.0,8.0,1.08
2019-09-18,76,780.0,762,775.0,7924,6096104,750.0,25.0,3.33
2019-09-19,92,784.0,770,770.0,13287,10284442,775.0,-5.0,-0.65
2019-09-22,58,770.0,762,765.0,7591,5824754,770.0,-5.0,-0.65
2019-09-23,71,768.0,760,760.0,6194,4722361,765.0,-5.0,-0.65
2019-09-24,61,760.0,757,760.0,7998,6067393,760.0,0.0,0.0
2019-09-25,49,765.0,759,759.0,3910,2976459,760.0,-1.0,-0.13
2019-09-26,52,762.0,755,759.0,3989,3028699,759.0,0.0,0.0
2019-09-29,52,760.0,751,752.0,3598,2712199,759.0,-7.0,-0.92
2019-09-30,37,760.0,754,760.0,4706,3560706,752.0,8.0,1.06
2019-10-01,32,777.0,761,772.0,2719,2093259,760.0,12.0,1.58
2019-10-02,35,780.0,770,772.0,4486,3461626,772.0,0.0,0.0
2019-10-03,43,778.0,769,769.0,5226,4032416,772.0,-3.0,-0.39
2019-10-10,15,773.0,765,770.0,728,560034,769.0,1.0,0.13
2019-10-14,72,770.0,757,765.0,16518,12628679,770.0,-5.0,-0.65
2019-10-15,38,765.0,760,763.0,4973,3789781,765.0,-2.0,-0.26
2019-10-16,44,768.0,754,762.0,4902,3736305,763.0,-1.0,-0.13
2019-10-17,83,765.0,759,760.0,8157,6207023,762.0,-2.0,-0.26
2019-10-20,51,766.0,756,757.0,4145,3146446,760.0,-3.0,-0.39
2019-10-21,65,764.0,755,758.0,6056,4584792,757.0,1.0,0.13
2019-10-22,74,762.0,754,756.0,17493,13223055,758.0,-2.0,-0.26
2019-10-23,29,765.0,756,762.0,3122,2368174,756.0,6.0,0.79
2019-10-24,88,768.0,755,768.0,8808,6697374,762.0,6.0,0.79
2019-10-31,62,768.0,753,761.0,6352,4815541,768.0,-7.0,-0.91
2019-11-03,75,760.0,752,760.0,8041,6072107,761.0,-1.0,-0.13
2019-11-04,194,780.0,762,768.0,25965,19886453,760.0,8.0,1.05
2019-11-05,147,777.0,763,770.0,16182,12474125,768.0,2.0,0.26
2019-11-06,91,774.0,765,768.0,13493,10367567,770.0,-2.0,-0.26
2019-11-07,155,772.0,755,755.0,23312,17710571,768.0,-13.0,-1.69
2019-11-10,75,763.0,753,755.0,10153,7674441,755.0,0.0,0.0
2019-11-11,134,765.0,750,753.0,15505,11683992,755.0,-2.0,-0.26
2019-11-12,73,765.0,749,750.0,21447,16098257,753.0,-3.0,-0.4
2019-11-13,55,755.0,750,750.0,6681,5018811,750.0,0.0,0.0
2019-11-14,46,754.0,749,749.0,3797,2850847,750.0,-1.0,-0.13
2019-11-17,63,755.0,745,755.0,7383,5535999,749.0,6.0,0.8
2019-11-18,46,756.0,750,755.0,23592,17707953,755.0,0.0,0.0
2019-11-19,63,755.0,750,753.0,18207,13687430,755.0,-2.0,-0.26
2019-11-20,64,760.0,750,750.0,29088,21840959,753.0,-3.0,-0.4
2019-11-21,73,750.0,739,740.0,7681,5715781,750.0,-10.0,-1.33
2019-11-24,103,742.0,730,730.0,12391,9102857,740.0,-10.0,-1.35
2019-11-25,81,732.0,727,727.0,10567,7698944,730.0,-3.0,-0.41
2019-11-26,59,735.0,725,730.0,8682,6346523,727.0,3.0,0.41
2019-11-27,77,735.0,729,732.0,18463,13492130,730.0,2.0,0.27
2019-11-28,115,733.0,724,725.0,15634,11378111,732.0,-7.0,-0.96
2019-12-01,84,730.0,723,723.0,24232,17581984,725.0,-2.0,-0.28
2019-12-02,48,726.0,723,725.0,6572,4760969,723.0,2.0,0.28
2019-12-03,70,730.0,725,725.0,9589,6958164,725.0,0.0,0.0
2019-12-04,70,729.0,725,725.0,9772,7096626,725.0,0.0,0.0
2019-12-05,60,737.0,728,730.0,13130,9587208,725.0,5.0,0.69
2019-12-08,90,739.0,725,729.0,11013,8040885,730.0,-1.0,-0.14
2019-12-09,47,749.0,730,736.0,5466,4029498,729.0,7.0,0.96
2019-12-10,50,745.0,736,743.0,4466,3314343,736.0,7.0,0.95
2019-12-11,65,750.0,743,747.0,8847,6602367,743.0,4.0,0.54
2019-12-12,67,751.0,744,749.0,16206,12117258,747.0,2.0,0.27
2019-12-15,109,755.0,744,744.0,16928,12680177,749.0,-5.0,-0.67
2019-12-16,62,750.0,737,737.0,11742,8718734,744.0,-7.0,-0.94
2019-12-17,93,747.0,739,743.0,9416,6998419,737.0,6.0,0.81
2019-12-18,121,750.0,742,748.0,15298,11410627,743.0,5.0,0.67
2019-12-19,120,755.0,749,753.0,15015,11292183,748.0,5.0,0.67
2019-12-22,158,760.0,750,756.0,34362,25925141,753.0,3.0,0.4
2019-12-23,385,762.0,750,750.0,66023,49968524,756.0,-6.0,-0.79
2019-12-24,190,670.0,660,667.0,22863,15219265,669.64,-2.64,-0.39
2019-12-25,92,669.0,665,669.0,12220,8153503,667.0,2.0,0.3
2019-12-26,118,677.0,665,676.0,14538,9770117,669.0,7.0,1.05
2019-12-29,106,679.0,673,674.0,14830,10016237,676.0,-2.0,-0.3
2019-12-30,81,687.0,673,675.0,17063,11519190,674.0,1.0,0.15
2019-12-31,81,682.0,676,681.0,15116,10266502,675.0,6.0,0.89
2020-01-01,71,690.0,680,690.0,10882,7441866,681.0,9.0,1.32
2020-01-02,92,690.0,684,685.0,20018,13735671,690.0,-5.0,-0.72
2020-01-05,95,699.0,690,697.0,17152,11916616,685.0,12.0,1.75
2020-01-06,176,715.0,700,713.0,23487,16704357,697.0,16.0,2.3
2020-01-07,180,734.0,719,722.0,24397,17667225,713.0,9.0,1.26
2020-01-08,117,725.0,715,721.0,17879,12888985,722.0,-1.0,-0.14
2020-01-09,78,723.0,711,716.0,9624,6898033,721.0,-5.0,-0.69
2020-01-12,161,728.0,720,726.0,30359,22021006,716.0,10.0,1.4
2020-01-13,191,749.0,726,730.0,40571,29778694,726.0,4.0,0.55
2020-01-14,99,735.0,716,730.0,12535,9134077,730.0,0.0,0.0
2020-01-15,75,743.0,733,740.0,11175,8250209,730.0,10.0,1.37
2020-01-16,182,759.0,740,751.0,26914,20279439,740.0,11.0,1.49
2020-01-19,176,766.0,757,764.0,22863,17437789,751.0,13.0,1.73
2020-01-20,180,780.0,755,761.0,25615,19608879,764.0,-3.0,-0.39
2020-01-21,129,767.0,749,755.0,18428,13899962,761.0,-6.0,-0.79
2020-01-22,91,756.0,745,745.0,12755,9571027,755.0,-10.0,-1.32
2020-01-23,146,745.0,722,727.0,19663,14402288,745.0,-18.0,-2.42
2020-01-26,192,727.0,709,712.0,20914,14935615,727.0,-15.0,-2.06
2020-01-27,119,729.0,706,720.0,17628,12688880,712.0,8.0,1.12
2020-01-28,101,735.0,725,725.0,15203,11093084,720.0,5.0,0.69
2020-01-29,83,732.0,721,724.0,10541,7633236,725.0,-1.0,-0.14
2020-01-30,113,737.0,724,736.0,14728,10794169,724.0,12.0,1.66
2020-02-02,176,754.0,740,752.0,37634,28186301,736.0,16.0,2.17
2020-02-03,205,758.0,733,738.0,33172,24608597,752.0,-14.0,-1.86
2020-02-04,148,744.0,732,739.0,27241,20084904,738.0,1.0,0.14
2020-02-05,83,739.0,734,734.0,20827,15333803,739.0,-5.0,-0.68
2020-02-06,119,740.0,726,726.0,15362,11219692,734.0,-8.0,-1.09
2020-02-09,115,732.0,720,721.0,18422,13329862,726.0,-5.0,-0.69
2020-02-10,148,727.0,716,720.0,23380,16839330,721.0,-1.0,-0.14
2020-02-11,151,730.0,715,723.0,27491,19884891,720.0,3.0,0.42
2020-02-12,89,729.0,721,722.0,11735,8502428,723.0,-1.0,-0.14
2020-02-13,118,727.0,721,723.0,16258,11739379,722.0,1.0,0.14
2020-02-16,143,726.0,719,724.0,17985,12980031,723.0,1.0,0.14
2020-02-17,237,757.0,728,750.0,51893,38522632,724.0,26.0,3.59
2020-02-18,242,765.0,744,753.0,47604,35781874,750.0,3.0,0.4
2020-02-19,124,753.0,746,751.0,23379,17521598,753.0,-2.0,-0.27
2020-02-20,145,755.0,746,755.0,21585,16200829,751.0,4.0,0.53
2020-02-23,376,804.0,758,790.0,65129,51428772,755.0,35.0,4.64
2020-02-24,440,821.0,791,800.0,93540,75251218,790.0,10.0,1.27
2020-02-25,236,814.0,779,814.0,37640,30262975,800.0,14.0,1.75
2020-02-26,448,875.0,828,870.0,83212,70799650,814.0,56.0,6.88
2020-02-27,788,955.0,845,955.0,167082,153067578,870.0,85.0,9.77
2020-03-01,952,1000.0,936,940.0,163043,157426240,955.0,-15.0,-1.57
2020-03-02,478,939.0,850,850.0,68203,61903748,940.0,-90.0,-9.57
2020-03-03,807,910.0,815,888.0,150206,130046377,850.0,38.0,4.47
2020-03-04,662,888.0,838,847.0,107177,91614291,888.0,-41.0,-4.62
2020-03-05,440,852.0,813,840.0,78904,65853297,847.0,-7.0,-0.83
2020-03-10,264,824.0,776,776.0,60824,48387865,840.0,-64.0,-7.62
2020-03-11,513,822.0,766,815.0,83501,66473957,776.0,39.0,5.03
2020-03-12,469,831.0,784,790.0,65403,52330864,815.0,-25.0,-3.07
2020-03-15,527,787.0,748,750.0,70304,53590197,790.0,-40.0,-5.06
2020-03-16,365,764.0,723,750.0,55501,41379236,750.0,0.0,0.0
2020-03-17,396,765.0,721,731.0,46620,34056347,750.0,-19.0,-2.53
2020-03-18,373,739.0,700,715.0,43913,31255827,731.0,-16.0,-2.19
2020-03-19,394,740.0,690,730.0,55806,40326364,715.0,15.0,2.1
2020-03-22,119,744.0,700,701.0,15101,10711884,730.0,-29.0,-3.97
2020-05-12,16,687.0,680,680.0,2295,1574600,701.0,-21.0,-3.0
2020-05-13,8,667.0,660,660.0,435,287170,680.0,-20.0,-2.94
2020-06-29,274,680.0,594,660.0,40720,25230100,660.0,0.0,0.0
2020-06-30,79,726.0,670,725.0,8769,6202588,660.0,65.0,9.85
2020-07-01,91,770.0,725,770.0,15536,11885951,725.0,45.0,6.21
2020-07-02,137,785.0,702,720.0,21024,15291417,770.0,-50.0,-6.49
2020-07-05,275,734.0,699,729.0,59244,42413482,720.0,9.0,1.25
2020-07-06,186,740.0,715,737.0,32963,24070284,729.0,8.0,1.1
2020-07-07,257,751.0,740,744.0,41752,31110796,737.0,7.0,0.95
2020-07-08,205,756.0,730,741.0,30143,22236187,744.0,-3.0,-0.4
2020-07-12,167,770.0,746,747.0,27529,20670172,742.0,5.0,0.67
2020-07-13,184,769.0,741,742.0,28339,21192710,747.0,-5.0,-0.67
2020-07-14,164,760.0,742,745.0,29973,22359330,742.0,3.0,0.4
2020-07-16,326,790.0,774,790.0,38787,30413146,765.0,25.0,3.27
2020-07-19,10,869.0,805,869.0,711,604099,790.0,79.0,10.0
2020-07-20,837,955.0,816,879.0,118430,104333835,869.0,10.0,1.15
2020-07-21,508,886.0,857,865.0,69536,60373203,879.0,-14.0,-1.59
2020-07-22,342,875.0,846,846.0,51597,44171652,865.0,-19.0,-2.2
2020-07-23,305,854.0,831,850.0,55386,46772267,846.0,4.0,0.47
2020-07-26,345,870.0,853,861.0,58534,50327555,850.0,11.0,1.29
2020-07-27,437,882.0,860,860.0,104636,90909055,861.0,-1.0,-0.12
2020-07-28,248,872.0,854,854.0,51916,44557821,860.0,-6.0,-0.7
2020-07-29,331,855.0,840,845.0,45527,38537876,854.0,-9.0,-1.05
2020-07-30,253,854.0,840,851.0,41463,34949018,845.0,6.0,0.71
2020-08-02,522,850.0,820,820.0,63388,52644301,851.0,-31.0,-3.64
2020-08-03,311,828.0,808,824.0,42609,34937444,820.0,4.0,0.49
2020-08-06,223,859.0,801,814.0,21551,17436075,819.0,-5.0,-0.61
2020-08-09,277,815.0,800,813.0,36927,29733955,814.0,-1.0,-0.12
2020-08-10,285,840.0,810,832.0,47830,39607700,813.0,19.0,2.34
2020-08-11,239,847.0,825,830.0,29776,24910631,832.0,-2.0,-0.24
2020-08-12,163,844.0,821,836.0,23975,19932023,830.0,6.0,0.72
2020-08-13,309,877.0,820,825.0,36200,30028322,836.0,-11.0,-1.32
2020-08-16,235,835.0,810,822.0,29088,23880845,825.0,-3.0,-0.36
2020-08-17,155,824.0,815,822.0,16623,13631013,822.0,0.0,0.0
2020-08-18,159,840.0,824,830.0,20561,16999400,822.0,8.0,0.97
2020-08-19,166,825.0,814,822.0,17216,14104730,830.0,-8.0,-0.96
2020-08-20,94,822.0,812,817.0,10175,8322334,822.0,-5.0,-0.61
2020-08-23,110,824.0,814,824.0,14020,11472416,817.0,7.0,0.86
2020-08-24,188,835.0,825,830.0,22795,18913879,824.0,6.0,0.73
2020-08-25,191,840.0,823,830.0,23396,19393753,830.0,0.0,0.0
2020-08-26,312,850.0,830,841.0,44021,36884764,830.0,11.0,1.33
2020-08-27,249,855.0,841,845.0,23000,19440692,841.0,4.0,0.48
2020-08-31,337,846.0,832,839.0,49117,41228199,839.0,0.0,0.0
2020-09-02,430,866.0,839,858.0,68044,58383099,839.0,19.0,2.26
2020-09-03,341,864.0,849,860.0,54696,46996807,858.0,2.0,0.23
2020-09-06,406,903.0,854,855.0,56147,48599327,860.0,-5.0,-0.58
2020-09-07,232,863.0,842,849.0,19865,16851726,855.0,-6.0,-0.7
2020-09-08,198,858.0,840,846.0,21968,18533893,849.0,-3.0,-0.35
2020-09-09,286,846.0,839,844.0,36262,30535485,846.0,-2.0,-0.24
2020-09-10,257,868.0,844,845.0,26842,22754668,844.0,1.0,0.12
2020-09-13,275,855.0,845,849.0,32164,27216200,845.0,4.0,0.47
2020-09-14,313,870.0,852,856.0,33179,28459824,849.0,7.0,0.82
2020-09-15,257,864.0,853,856.0,31304,26877416,856.0,0.0,0.0
2020-09-16,205,858.0,850,853.0,15690,13408729,856.0,-3.0,-0.35
2020-09-17,293,865.0,851,859.0,33660,28905002,853.0,6.0,0.7
2020-09-20,548,895.0,870,880.0,72747,64108046,859.0,21.0,2.44
2020-09-21,498,892.0,876,883.0,61628,54378128,880.0,3.0,0.34
2020-09-22,384,890.0,870,871.0,51572,45326423,883.0,-12.0,-1.36
2020-09-23,187,877.0,866,874.0,30912,26921675,871.0,3.0,0.34
2020-09-24,214,877.0,866,875.0,23476,20511293,874.0,1.0,0.11
2020-09-27,222,883.0,870,874.0,23447,20496239,875.0,-1.0,-0.11
2020-09-28,222,885.0,868,871.0,17676,15400876,874.0,-3.0,-0.34
2020-09-29,271,875.0,862,864.0,20446,17694728,871.0,-7.0,-0.8
2020-09-30,244,875.0,857,859.0,22250,19158319,864.0,-5.0,-0.58
2020-10-01,287,869.0,860,867.0,30640,26539772,859.0,8.0,0.93
2020-10-04,366,895.0,875,880.0,52843,46554462,867.0,13.0,1.5
2020-10-05,200,889.0,872,876.0,22147,19501801,880.0,-4.0,-0.45
2020-10-06,175,885.0,872,877.0,18761,16443686,876.0,1.0,0.11
2020-10-07,242,882.0,868,872.0,26029,22719444,877.0,-5.0,-0.57
2020-10-08,241,882.0,866,869.0,27048,23575489,872.0,-3.0,-0.34
2020-10-11,232,870.0,864,866.0,24647,21356190,869.0,-3.0,-0.35
2020-10-12,175,865.0,860,864.0,19390,16732449,866.0,-2.0,-0.23
2020-10-13,147,865.0,861,864.0,15218,13128546,864.0,0.0,0.0
2020-10-14,284,865.0,859,860.0,29183,25112911,864.0,-4.0,-0.46
2020-10-15,261,872.0,817,860.0,25564,22063813,860.0,0.0,0.0
2020-10-18,190,874.0,859,859.0,18801,16186884,860.0,-1.0,-0.12
2020-10-19,134,868.0,860,863.0,11314,9745814,859.0,4.0,0.47
2020-10-20,108,872.0,862,868.0,11628,10100283,863.0,5.0,0.58
2020-10-21,315,884.0,870,880.0,30592,26834284,868.0,12.0,1.38
2020-10-22,318,893.0,880,885.0,46895,41512626,880.0,5.0,0.57
2020-10-28,522,903.0,892,903.0,59283,53276411,885.0,18.0,2.03
2020-10-29,468,948.0,898,902.0,51398,46533552,903.0,-1.0,-0.11
2020-11-01,339,902.0,890,894.0,40311,36037361,902.0,-8.0,-0.89
2020-11-02,271,897.0,884,886.0,29989,26645462,894.0,-8.0,-0.89
2020-11-03,172,897.0,884,888.0,15950,14133088,886.0,2.0,0.23
2020-11-04,197,890.0,884,888.0,20507,18177641,888.0,0.0,0.0
2020-11-05,322,890.0,875,880.0,34927,30744588,888.0,-8.0,-0.9
2020-11-08,536,880.0,864,870.0,72463,62957972,880.0,-10.0,-1.14
2020-11-09,640,872.0,858,862.0,90972,78516171,870.0,-8.0,-0.92
2020-11-10,236,890.0,865,879.0,29034,25457758,862.0,17.0,1.97
2020-11-11,247,896.0,872,883.0,41751,36680964,879.0,4.0,0.46
2020-11-12,249,891.0,883,887.0,36591,32463221,883.0,4.0,0.45
2020-11-18,455,905.0,888,901.0,61321,54937368,887.0,14.0,1.58
2020-11-19,588,953.0,900,905.0,94311,85560341,901.0,4.0,0.44
2020-11-22,1284,985.0,920,965.0,229261,221824547,905.0,60.0,6.63
2020-11-23,596,994.0,969,978.0,75761,74141154,965.0,13.0,1.35
2020-11-24,399,1000.0,960,972.0,58491,56962154,978.0,-6.0,-0.61
2020-11-25,1290,1029.0,972,1038.0,295613,296235333,972.0,66.0,6.79
2020-11-26,2145,1141.0,1050,1130.0,343732,383441401,1038.0,92.0,8.86
2020-11-29,1788,1200.0,1141,1185.0,283683,335607869,1130.0,55.0,4.87
2020-11-30,1429,1244.0,1150,1159.0,196359,229713140,1185.0,-26.0,-2.19
2020-12-01,1491,1165.0,1115,1119.0,177245,201194660,1159.0,-40.0,-3.45
2020-12-02,1225,1147.0,1096,1125.0,205216,231653897,1119.0,6.0,0.54
2020-12-03,969,1196.0,1106,1140.0,159437,182433622,1125.0,15.0,1.33
2020-12-06,1286,1145.0,1078,1078.0,161986,179567029,1140.0,-62.0,-5.44
2020-12-07,1118,1147.0,1057,1118.0,164879,180793589,1078.0,40.0,3.71
2020-12-08,778,1162.0,1115,1124.0,113824,128740310,1118.0,6.0,0.54
2020-12-09,612,1135.0,1095,1101.0,77270,85573625,1124.0,-23.0,-2.05
2020-12-10,606,1127.0,1094,1120.0,86977,96928167,1101.0,19.0,1.73
2020-12-13,791,1165.0,1064,1159.0,110589,126540741,1120.0,39.0,3.48
2020-12-14,1570,1248.0,1160,1227.0,273113,327906859,1159.0,68.0,5.87
2020-12-15,1104,1293.0,1202,1240.0,161533,200111684,1227.0,13.0,1.06
2020-12-16,927,1254.0,1200,1248.0,149009,184859975,1240.0,8.0,0.65
2020-12-17,714,1255.0,1228,1235.0,101916,126238866,1248.0,-13.0,-1.04
2020-12-20,1625,1246.0,1175,1207.0,323547,392321090,1235.0,-28.0,-2.27
2020-12-21,1590,1236.0,1160,1231.0,263971,317629142,1207.0,24.0,1.99
2020-12-22,244,1354.0,1292,1354.0,48213,65191252,1231.0,123.0,9.99
2020-12-23,1042,1489.0,1400,1489.0,187508,279179932,1354.0,135.0,9.97
2020-12-24,3916,1550.0,1403,1425.0,425873,614965941,1489.0,-64.0,-4.3
2020-12-27,2280,1450.0,1381,1384.0,290409,404921356,1425.0,-41.0,-2.88
2020-12-28,1534,1395.0,1360,1379.0,176237,243416028,1384.0,-5.0,-0.36
2020-12-29,3132,1400.0,1380,1386.0,381895,530177990,1379.0,7.0,0.51
2020-12-30,2644,1108.0,1048,1101.0,240703,261693768,1038.0,63.0,6.07
2020-12-31,1211,1130.0,1100,1100.0,126022,140476169,1101.0,-1.0,-0.09
2021-01-03,1192,1130.0,1080,1125.0,152668,168109683,1100.0,25.0,2.27
2021-01-04,667,1136.0,1102,1111.0,91228,102321107,1125.0,-14.0,-1.24
2021-01-05,569,1118.0,1095,1097.0,90991,100390256,1111.0,-14.0,-1.26
2021-01-06,564,1104.0,1086,1096.0,76530,83523572,1097.0,-1.0,-0.09
2021-01-07,625,1112.0,1042,1091.0,77627,84901592,1096.0,-5.0,-0.46
2021-01-10,1135,1134.0,1095,1126.0,182457,203939412,1091.0,35.0,3.21
2021-01-11,562,1182.0,1120,1125.0,67113,76129051,1126.0,-1.0,-0.09
