date,open,high,RSI,adjclose,volume
2010-05-23,980.0,961,961,961.0,12
2010-06-03,961.0,942,942,942.0,300
2010-06-14,942.0,924,871,871.0,142
2010-07-12,871.0,854,850,850.0,87
2010-07-25,850.0,833,770,770.0,117
2010-07-26,770.0,755,726,752.0,297
2010-07-27,752.0,770,754,765.0,436
2010-07-28,765.0,750,707,707.0,2095
2010-07-29,707.0,693,650,655.0,4111
2010-08-01,655.0,667,650,665.0,4136
2010-08-02,665.0,678,671,678.0,183
2010-08-03,678.0,690,680,690.0,45
2010-08-04,690.0,703,677,703.0,134
2010-08-05,703.0,700,700,700.0,290
2010-08-10,700.0,693,680,680.0,1049
2010-08-11,680.0,667,667,667.0,60
2010-08-12,667.0,655,655,655.0,132
2010-08-16,655.0,655,655,655.0,15
2010-08-17,655.0,643,642,642.0,306
2010-08-18,642.0,630,618,618.0,54
2010-08-19,618.0,615,615,615.0,154
2010-08-23,615.0,603,603,603.0,15
2010-08-26,603.0,591,591,591.0,30
2010-08-29,591.0,601,590,601.0,765
2010-08-30,601.0,613,613,613.0,10
2010-08-31,613.0,615,611,615.0,315
2010-09-02,615.0,604,603,603.0,200
2010-09-05,603.0,592,591,592.0,515
2010-09-06,592.0,605,595,598.0,723
2010-09-09,598.0,588,587,587.0,30
2010-09-12,587.0,592,581,592.0,145
2010-09-13,592.0,603,595,603.0,328
2010-09-14,603.0,595,595,595.0,60
2010-09-15,595.0,606,595,606.0,180
2010-09-16,606.0,601,600,601.0,215
2010-09-20,601.0,590,580,580.0,96
2010-09-27,580.0,570,570,570.0,15
2010-09-28,570.0,581,570,576.0,115
2010-09-29,576.0,587,587,587.0,30
2010-09-30,587.0,608,597,608.0,80
2010-10-03,608.0,630,596,630.0,2088
2010-10-05,618.0,629,605,629.0,1050
2010-10-06,629.0,617,610,610.0,435
2010-10-10,610.0,610,610,610.0,35
2010-10-12,610.0,622,622,622.0,60
2010-10-28,622.0,635,634,635.0,192
2010-10-31,635.0,647,635,635.0,265
2010-11-02,647.0,659,647,659.0,200
2010-11-03,659.0,710,660,710.0,635
2010-11-04,710.0,724,710,724.0,300
2010-11-09,724.0,725,710,725.0,417
2010-11-11,725.0,755,739,755.0,322
2010-11-14,755.0,760,760,760.0,24
2010-11-15,760.0,761,761,761.0,75
2010-11-16,761.0,761,760,760.0,335
2010-11-18,760.0,760,760,760.0,120
2010-11-21,760.0,760,760,760.0,60
2010-11-22,760.0,755,750,755.0,53
2010-11-23,755.0,755,750,751.0,121
2010-11-24,751.0,750,750,750.0,455
2010-11-25,750.0,750,750,750.0,90
2010-11-28,750.0,765,760,765.0,87
2010-11-29,765.0,765,765,765.0,20
2010-11-30,765.0,765,765,765.0,15
2010-12-05,765.0,750,750,750.0,12
2010-12-07,750.0,735,710,722.0,249
2010-12-08,722.0,730,730,730.0,100
2010-12-09,730.0,743,730,743.0,590
2010-12-13,743.0,729,729,729.0,15
2010-12-14,729.0,715,715,715.0,155
2010-12-16,715.0,715,715,715.0,20
2010-12-20,715.0,701,701,701.0,15
2010-12-23,701.0,701,701,701.0,45
2010-12-29,701.0,715,700,715.0,1755
2011-01-02,715.0,715,715,715.0,119
2011-01-03,715.0,720,716,720.0,210
2011-01-04,720.0,725,725,725.0,15
2011-01-06,725.0,725,725,725.0,140
2011-01-09,725.0,730,723,730.0,695
2011-01-12,730.0,730,730,730.0,159
2011-01-13,730.0,730,730,730.0,105
2011-01-16,730.0,735,735,735.0,75
2011-01-18,735.0,749,749,749.0,30
2011-01-20,749.0,793,759,793.0,83
2011-01-23,793.0,808,792,792.0,210
2011-01-24,792.0,777,777,777.0,2098
2011-02-02,777.0,792,791,792.0,150
2011-02-03,792.0,792,777,785.0,1136
2011-02-06,785.0,785,785,785.0,25
2011-02-07,785.0,785,785,785.0,30
2011-02-09,785.0,770,770,770.0,30
2011-02-10,770.0,785,770,770.0,195
2011-02-14,770.0,771,771,771.0,95
2011-02-15,771.0,781,773,781.0,40
2011-02-17,781.0,780,780,780.0,30
2011-02-20,780.0,780,780,780.0,15
2011-02-21,780.0,790,785,790.0,54
2011-02-22,790.0,780,780,780.0,135
2011-02-23,780.0,780,780,780.0,30
2011-02-24,780.0,785,780,780.0,184
2011-02-27,780.0,780,780,780.0,90
2011-02-28,780.0,780,780,780.0,60
2011-03-09,780.0,785,726,726.0,175
2011-03-13,726.0,720,720,720.0,60
2011-03-14,720.0,721,721,721.0,13
2011-03-15,721.0,725,721,725.0,118
2011-03-17,725.0,721,721,721.0,120
2011-03-24,721.0,725,725,725.0,13
2011-03-29,725.0,725,725,725.0,60
2011-03-31,725.0,715,715,715.0,20
2011-04-18,715.0,701,701,701.0,450
2011-04-27,701.0,701,701,701.0,30
2011-05-02,701.0,687,648,648.0,3083
2011-05-03,648.0,648,648,648.0,30
2011-05-05,648.0,660,660,660.0,100
2011-05-12,660.0,647,640,640.0,130
2011-05-15,640.0,660,647,647.0,235
2011-05-19,647.0,635,635,635.0,15
2011-05-24,635.0,630,630,630.0,30
2011-05-30,630.0,618,606,606.0,88
2011-06-13,606.0,594,594,594.0,100
2011-06-14,594.0,583,572,572.0,60
2011-06-15,572.0,561,561,561.0,24
2011-06-16,561.0,561,558,558.0,930
2011-06-20,558.0,590,569,590.0,51
2011-06-23,590.0,647,601,647.0,109
2011-06-26,647.0,659,659,659.0,59
2011-06-29,659.0,672,659,659.0,220
2011-06-30,659.0,646,640,640.0,250
2011-07-03,640.0,628,616,616.0,290
2011-07-04,616.0,605,605,605.0,143
2011-07-06,605.0,600,600,600.0,20
2011-07-12,600.0,599,577,599.0,95
2011-07-13,599.0,588,577,577.0,30
2011-07-14,577.0,566,566,566.0,30
2011-07-18,566.0,577,577,577.0,17
2011-07-20,577.0,600,588,600.0,641
2011-07-21,600.0,600,590,591.0,125
2011-07-24,591.0,585,585,585.0,23
2011-07-25,585.0,577,575,577.0,55
2011-07-31,577.0,577,577,577.0,453
2011-08-02,577.0,610,588,610.0,62
2011-08-03,610.0,601,601,601.0,125
2011-08-08,601.0,600,600,600.0,156
2011-08-09,600.0,600,595,600.0,306
2011-08-16,600.0,610,610,610.0,345
2011-08-17,610.0,610,610,610.0,30
2011-08-23,610.0,601,598,601.0,120
2011-08-24,601.0,600,600,600.0,100
2011-08-28,600.0,590,580,580.0,75
2011-08-29,580.0,570,570,570.0,2655
2011-08-30,570.0,559,559,559.0,12
2011-09-01,559.0,570,559,570.0,375
2011-09-04,570.0,570,570,570.0,30
2011-09-06,570.0,560,560,560.0,27
2011-09-07,560.0,550,550,550.0,60
2011-09-13,550.0,550,539,539.0,147
2011-09-18,539.0,529,529,529.0,45
2011-09-19,529.0,525,525,525.0,15
2011-09-25,525.0,545,535,545.0,40
2011-09-26,545.0,535,535,535.0,42
2011-09-29,535.0,545,545,545.0,15
2011-10-09,545.0,545,545,545.0,12
2011-10-10,545.0,545,545,545.0,15
2011-10-24,545.0,555,555,555.0,30
2011-11-02,555.0,565,565,565.0,20
2011-11-03,565.0,595,576,595.0,50
2011-11-06,595.0,606,596,606.0,34
2011-11-08,606.0,615,610,615.0,225
2011-11-09,615.0,615,603,615.0,133
2011-11-10,615.0,664,620,660.0,635
2011-11-13,660.0,673,670,670.0,414
2011-11-14,670.0,657,635,635.0,224
2011-11-15,635.0,623,600,600.0,4020
2011-11-16,600.0,610,600,600.0,788
2011-11-17,600.0,612,600,612.0,2015
2011-11-20,612.0,600,600,600.0,840
2011-11-21,600.0,610,601,610.0,27
2011-11-24,610.0,601,590,590.0,117
2011-11-27,590.0,601,601,601.0,24
2011-11-28,601.0,602,602,602.0,50
2011-12-06,602.0,606,595,606.0,503
2011-12-07,606.0,605,600,600.0,686
2011-12-15,600.0,589,589,589.0,24
2011-12-20,589.0,590,590,590.0,24
2011-12-27,590.0,579,579,579.0,24
2011-12-28,579.0,590,590,590.0,165
2011-12-29,590.0,600,599,600.0,330
2012-01-04,600.0,589,558,558.0,3045
2012-01-05,558.0,569,569,569.0,375
2012-01-12,569.0,615,580,615.0,250
2012-01-16,615.0,627,627,627.0,200
2012-01-17,627.0,627,615,627.0,80
2012-01-22,627.0,625,625,625.0,45
2012-01-23,625.0,627,621,621.0,525
2012-01-26,621.0,621,621,621.0,376
2012-01-29,621.0,622,620,622.0,150
2012-01-31,622.0,632,620,632.0,250
2012-02-01,632.0,635,631,631.0,560
2012-02-02,631.0,631,631,631.0,50
2012-02-05,631.0,635,632,635.0,45
2012-02-06,635.0,647,647,647.0,200
2012-02-07,647.0,640,635,640.0,1015
2012-02-08,640.0,640,640,640.0,15
2012-02-14,640.0,640,635,640.0,45
2012-02-15,640.0,650,645,645.0,43
2012-02-23,645.0,641,640,641.0,138
2012-02-26,641.0,642,642,642.0,172
2012-02-29,642.0,654,654,654.0,53
2012-03-01,654.0,650,650,650.0,30
2012-03-04,650.0,650,650,650.0,108
2012-03-05,650.0,660,647,650.0,135
2012-03-06,650.0,660,650,660.0,43
2012-03-11,660.0,660,660,660.0,500
2012-03-12,660.0,659,647,659.0,28
2012-03-13,659.0,659,659,659.0,20
2012-03-14,659.0,655,655,655.0,1250
2012-03-19,655.0,645,645,645.0,4395
2012-03-20,645.0,640,640,640.0,27
2012-03-25,640.0,640,630,630.0,160
2012-03-28,630.0,640,630,630.0,36107
2012-04-01,630.0,640,640,640.0,1000
2012-04-03,640.0,640,640,640.0,175
2012-04-04,640.0,640,630,630.0,25
2012-04-12,630.0,642,642,642.0,20
2012-04-15,642.0,654,654,654.0,10
2012-04-16,654.0,693,667,693.0,40
2012-04-17,693.0,706,706,706.0,13
2012-04-18,706.0,776,719,776.0,95
2012-04-19,776.0,837,791,829.0,894
2012-04-22,829.0,820,820,820.0,10
2012-04-24,820.0,846,815,830.0,1776
2012-04-25,830.0,835,830,835.0,1500
2012-04-26,835.0,846,814,820.0,6259
2012-04-29,820.0,861,820,861.0,3980
2012-05-03,861.0,861,861,861.0,23
2012-05-08,861.0,861,861,861.0,305
2012-05-09,861.0,895,878,895.0,60
2012-05-16,895.0,928,911,928.0,80
2012-05-22,928.0,910,910,910.0,10
2012-05-24,910.0,945,892,945.0,262
2012-05-27,945.0,963,945,945.0,20
2012-06-10,945.0,927,927,927.0,15
2012-06-11,927.0,909,909,909.0,30
2012-06-12,909.0,927,927,927.0,10
2012-06-19,927.0,909,866,899.0,155
2012-07-02,899.0,899,899,899.0,60
2012-07-09,899.0,882,810,810.0,260
2012-07-10,810.0,794,756,767.0,672
2012-07-11,767.0,785,774,780.0,1195
2012-07-12,780.0,785,766,785.0,185
2012-07-15,785.0,785,785,785.0,500
2012-07-17,785.0,804,785,795.0,1821
2012-07-18,795.0,803,795,803.0,2060
2012-07-19,803.0,815,800,815.0,1404
2012-07-22,815.0,846,804,846.0,2531
2012-07-23,846.0,850,830,850.0,406
2012-07-24,850.0,845,833,845.0,1376
2012-07-25,845.0,840,840,840.0,823
2012-07-26,840.0,841,841,841.0,30
2012-07-30,841.0,870,848,860.0,2877
2012-07-31,860.0,860,860,860.0,24
2012-08-01,860.0,865,865,865.0,60
2012-08-05,865.0,865,849,849.0,582
2012-08-06,849.0,865,864,864.0,299
2012-08-07,864.0,865,865,865.0,515
2012-08-12,865.0,881,865,871.0,699
2012-08-13,871.0,879,865,879.0,988
2012-08-14,879.0,880,866,875.0,1472
2012-08-15,875.0,878,870,870.0,814
2012-08-16,870.0,885,870,885.0,712
2012-08-19,885.0,885,875,876.0,928
2012-08-21,876.0,875,870,870.0,2577
2012-08-22,870.0,870,865,870.0,72
2012-08-23,870.0,890,885,890.0,132
2012-08-27,890.0,890,875,875.0,3835
2012-08-28,875.0,880,874,880.0,1115
2012-09-05,880.0,914,897,914.0,536
2012-09-06,914.0,1002,932,1002.0,4495
2012-09-09,1002.0,1102,1022,1102.0,4094
2012-09-10,1102.0,1212,1124,1212.0,2980
2012-09-11,1212.0,1300,1155,1285.0,10220
2012-09-12,1285.0,1260,1200,1223.0,9373
2012-09-13,1223.0,1255,1200,1239.0,2843
2012-09-16,1239.0,1269,1200,1269.0,1438
2012-09-17,1269.0,1244,1200,1200.0,2643
2012-09-18,1200.0,1224,1177,1200.0,2316
2012-09-19,1200.0,1200,1188,1188.0,190
2012-09-20,1188.0,1200,1141,1141.0,261
2012-09-23,1141.0,1160,1118,1118.0,1675
2012-09-24,1118.0,1185,1130,1162.0,1261
2012-09-25,1162.0,1185,1175,1185.0,280
2012-09-26,1185.0,1195,1170,1170.0,4124
2012-09-27,1170.0,1218,1174,1218.0,1010
2012-09-30,1218.0,1208,1200,1200.0,1867
2012-10-01,1200.0,1314,1175,1314.0,3256
2012-10-02,1314.0,1288,1200,1208.0,2230
2012-10-03,1208.0,1224,1218,1224.0,1476
2012-10-04,1224.0,1240,1200,1240.0,2865
2012-10-07,1240.0,1264,1240,1240.0,1875
2012-10-08,1240.0,1221,1216,1220.0,1030
2012-10-09,1220.0,1249,1225,1249.0,1231
2012-10-10,1249.0,1260,1243,1243.0,293
2012-10-11,1243.0,1260,1236,1240.0,1095
2012-10-14,1240.0,1285,1261,1285.0,25
2012-10-15,1285.0,1260,1236,1236.0,90
2012-10-17,1236.0,1260,1250,1260.0,255
2012-10-18,1260.0,1295,1237,1295.0,965
2012-10-30,1295.0,1345,1295,1320.0,201
2012-10-31,1320.0,1350,1330,1345.0,860
2012-11-01,1345.0,1325,1321,1325.0,45
2012-11-04,1325.0,1350,1320,1324.0,1782
2012-11-05,1324.0,1415,1320,1415.0,1261
2012-11-06,1415.0,1424,1372,1424.0,1138
2012-11-07,1424.0,1451,1451,1451.0,10
2012-11-08,1451.0,1529,1422,1450.0,974
2012-11-11,1450.0,1421,1379,1379.0,280
2012-11-12,1379.0,1412,1345,1412.0,1724
2012-11-18,1412.0,1438,1438,1438.0,15
2012-11-20,1438.0,1488,1410,1450.0,450
2012-11-21,1450.0,1530,1479,1530.0,125
2012-11-22,1530.0,1519,1519,1519.0,15
2012-11-26,1519.0,1489,1368,1415.0,1337
2012-11-27,1415.0,1387,1350,1350.0,1385
2012-11-28,1350.0,1389,1360,1360.0,128
2012-11-29,1360.0,1375,1360,1370.0,1005
2012-12-02,1370.0,1407,1380,1407.0,1954
2012-12-03,1407.0,1403,1400,1403.0,321
2012-12-04,1403.0,1472,1403,1435.0,1562
2012-12-05,1435.0,1463,1420,1436.0,1198
2012-12-06,1436.0,1475,1375,1475.0,5054
2012-12-09,1475.0,1446,1410,1411.0,1711
2012-12-10,1411.0,1450,1420,1450.0,387
2012-12-11,1450.0,1454,1442,1454.0,890
2012-12-12,1454.0,1456,1435,1455.0,1866
2012-12-16,1455.0,1455,1430,1455.0,300
2012-12-17,1455.0,1484,1460,1460.0,700
2012-12-18,1460.0,1518,1460,1518.0,290
2012-12-19,1518.0,1550,1459,1500.0,3145
2012-12-20,1500.0,1530,1500,1500.0,727
2012-12-23,1500.0,1470,1470,1470.0,1700
2012-12-24,1470.0,1494,1470,1475.0,2701
2012-12-26,1475.0,1490,1446,1490.0,925
2012-12-27,1490.0,1555,1450,1555.0,903
2012-12-31,1555.0,1530,1515,1530.0,223
2013-01-01,1530.0,1500,1475,1475.0,175
2013-01-02,1475.0,1500,1470,1475.0,247
2013-01-07,1448.0,1435,1430,1430.0,130
2013-01-08,1430.0,1500,1458,1500.0,417
2013-01-09,1500.0,1485,1456,1480.0,736
2013-01-10,1480.0,1501,1468,1499.0,688
2013-01-13,1499.0,1540,1500,1520.0,1076
2013-01-15,1520.0,1632,1550,1632.0,188
2013-01-16,1632.0,1632,1600,1600.0,20
2013-01-17,1600.0,1576,1530,1530.0,565
2013-01-20,1530.0,1550,1520,1545.0,447
2013-01-21,1545.0,1581,1550,1580.0,599
2013-01-22,1580.0,1581,1580,1581.0,55
2013-01-23,1581.0,1600,1550,1550.0,630
2013-01-24,1550.0,1581,1530,1530.0,235
2013-01-27,1530.0,1600,1510,1580.0,659
2013-01-28,1580.0,1616,1551,1616.0,1180
2013-01-30,1616.0,1648,1616,1621.0,659
2013-01-31,1621.0,1621,1601,1621.0,335
2013-02-03,1621.0,1650,1632,1650.0,2395
2013-02-04,1650.0,1665,1650,1665.0,187
2013-02-05,1665.0,1650,1650,1650.0,280
2013-02-06,1650.0,1655,1635,1645.0,720
2013-02-07,1645.0,1665,1650,1665.0,565
2013-02-10,1665.0,1698,1665,1698.0,199
2013-02-12,1698.0,1867,1731,1867.0,2547
2013-02-13,1867.0,1955,1867,1940.0,5685
2013-02-14,1940.0,2060,1978,2030.0,2224
2013-02-17,2030.0,2152,2070,2110.0,357
2013-02-19,2110.0,2110,2068,2076.0,825
2013-02-20,2076.0,2035,2000,2000.0,1730
2013-02-21,2000.0,2045,1960,2045.0,2320
2013-02-24,2045.0,2050,2000,2000.0,350
2013-02-25,2000.0,2040,2000,2010.0,917
2013-02-26,2010.0,2030,2010,2024.0,639
2013-02-27,2024.0,2001,2000,2000.0,60
2013-02-28,2000.0,2010,2000,2010.0,1153
2013-03-03,2010.0,2000,2000,2000.0,15
2013-03-04,2000.0,2030,1980,1980.0,1098
2013-03-05,1980.0,1985,1950,1950.0,1609
2013-03-07,1980.0,1980,1975,1979.0,280
2013-03-11,1979.0,1970,1955,1970.0,1633
2013-03-13,1970.0,2010,1975,2010.0,557
2013-03-14,2010.0,2050,2020,2050.0,309
2013-03-17,2050.0,2050,2011,2020.0,1261
2013-03-18,2020.0,2025,1986,2001.0,350
2013-03-19,2001.0,2000,2000,2000.0,127
2013-03-21,2010.0,2065,2005,2005.0,125
2013-03-24,2005.0,1980,1960,1960.0,565
2013-03-25,1960.0,1987,1911,1987.0,200
2013-03-27,1987.0,2004,1950,2004.0,454
2013-03-28,2004.0,2004,2004,2004.0,60
2013-04-01,1950.0,2000,1935,2000.0,284
2013-04-03,1980.0,1975,1950,1965.0,206
2013-04-04,1965.0,1965,1935,1950.0,378
2013-04-07,1950.0,2110,1950,2110.0,2708
2013-04-08,2110.0,2230,2110,2214.0,3884
2013-04-11,2190.0,2175,2150,2160.0,1735
2013-04-15,2160.0,2183,2160,2165.0,2910
2013-04-16,2165.0,2150,2080,2110.0,15942
2013-04-17,2110.0,2194,2070,2194.0,13790
2013-04-23,2194.0,1358,1358,1358.0,62
2013-04-25,1358.0,1360,1330,1331.0,567
2013-04-28,1331.0,1305,1305,1305.0,120
2013-04-29,1305.0,1280,1255,1255.0,120
2013-04-30,1255.0,1230,1230,1230.0,30
2013-05-02,1230.0,1206,1159,1165.0,293
2013-05-05,1165.0,1146,1142,1142.0,567
2013-05-06,1142.0,1120,1100,1115.0,2050
2013-05-07,1115.0,1115,1115,1115.0,75
2013-05-08,1115.0,1103,1103,1103.0,430
2013-05-09,1103.0,1120,1112,1120.0,177
2013-05-13,1120.0,1187,1142,1187.0,50
2013-05-14,1187.0,1239,1200,1239.0,410
2013-05-15,1239.0,1313,1263,1288.0,257
2013-05-16,1288.0,1310,1265,1310.0,3229
2013-05-19,1310.0,1315,1290,1315.0,480
2013-05-20,1315.0,1328,1320,1328.0,530
2013-05-21,1328.0,1347,1330,1335.0,230
2013-05-22,1335.0,1360,1340,1360.0,662
2013-05-23,1360.0,1355,1335,1355.0,485
2013-05-26,1355.0,1360,1350,1350.0,475
2013-05-27,1350.0,1341,1341,1341.0,85
2013-05-28,1341.0,1341,1330,1330.0,144
2013-05-30,1330.0,1310,1304,1304.0,198
2013-06-03,1304.0,1310,1304,1310.0,293
2013-06-05,1310.0,1300,1299,1300.0,3345
2013-06-06,1300.0,1305,1305,1305.0,2420
2013-06-09,1305.0,1305,1305,1305.0,922
2013-06-10,1305.0,1320,1320,1320.0,1913
2013-06-11,1320.0,1310,1310,1310.0,90
2013-06-12,1310.0,1310,1284,1305.0,4438
2013-06-13,1305.0,1335,1284,1334.0,2625
2013-06-16,1334.0,1320,1308,1317.0,2077
2013-06-17,1317.0,1319,1308,1319.0,1627
2013-06-18,1319.0,1308,1300,1305.0,1320
2013-06-19,1305.0,1318,1305,1318.0,1422
2013-06-20,1318.0,1320,1318,1318.0,1220
2013-06-23,1318.0,1305,1290,1305.0,295
2013-06-24,1305.0,1295,1282,1295.0,75
2013-06-25,1295.0,1282,1281,1282.0,45
2013-06-26,1282.0,1294,1280,1294.0,250
2013-06-27,1294.0,1291,1290,1291.0,230
2013-06-30,1291.0,1290,1280,1290.0,3085
2013-07-01,1290.0,1299,1290,1291.0,258
2013-07-02,1291.0,1300,1299,1299.0,1266
2013-07-03,1299.0,1313,1300,1300.0,562
2013-07-04,1300.0,1305,1290,1300.0,1335
2013-07-07,1300.0,1326,1300,1326.0,1922
2013-07-08,1326.0,1325,1310,1325.0,401
2013-07-09,1325.0,1340,1340,1340.0,165
2013-07-10,1340.0,1385,1360,1385.0,910
2013-07-11,1385.0,1385,1380,1380.0,105
2013-07-15,1380.0,1425,1400,1425.0,250
2013-07-16,1425.0,1450,1430,1432.0,1258
2013-07-17,1432.0,1480,1450,1480.0,929
2013-07-18,1480.0,1534,1474,1534.0,965
2013-07-21,1534.0,1600,1564,1599.0,1249
2013-07-22,1599.0,1656,1610,1620.0,2441
2013-07-23,1620.0,1645,1615,1641.0,990
2013-07-24,1641.0,1660,1650,1652.0,1086
2013-07-25,1652.0,1700,1652,1652.0,265
2013-07-28,1652.0,1735,1685,1735.0,2247
2013-07-29,1735.0,1750,1720,1735.0,2029
2013-07-30,1735.0,1780,1710,1780.0,2798
2013-07-31,1780.0,1855,1750,1818.0,1304
2013-08-01,1818.0,1854,1770,1770.0,4058
2013-08-04,1770.0,1780,1740,1740.0,3745
2013-08-05,1740.0,1706,1662,1662.0,2981
2013-08-06,1662.0,1701,1600,1701.0,4910
2013-08-07,1701.0,1725,1700,1725.0,2817
2013-08-08,1725.0,1759,1725,1759.0,6265
2013-08-11,1759.0,1769,1745,1769.0,1438
2013-08-12,1769.0,1856,1769,1856.0,13345
2013-08-13,1856.0,1880,1850,1860.0,2096
2013-08-14,1860.0,1860,1850,1850.0,1253
2013-08-15,1850.0,1865,1849,1860.0,3510
2013-08-18,1860.0,1860,1840,1860.0,2110
2013-08-19,1860.0,1836,1800,1820.0,1208
2013-08-20,1820.0,1840,1790,1840.0,2894
2013-08-25,1840.0,1829,1770,1829.0,8826
2013-08-26,1829.0,1815,1766,1810.0,1386
2013-08-27,1810.0,1830,1815,1815.0,1044
2013-08-29,1815.0,1820,1785,1820.0,1397
2013-09-01,1820.0,1856,1802,1856.0,2840
2013-09-02,1856.0,1845,1826,1843.0,2415
2013-09-03,1843.0,1849,1830,1848.0,1185
2013-09-04,1848.0,1845,1815,1830.0,2681
2013-09-05,1830.0,1810,1800,1810.0,1252
2013-09-08,1810.0,1820,1800,1810.0,702
2013-09-09,1810.0,1865,1810,1865.0,1545
2013-09-10,1865.0,1860,1828,1860.0,645
2013-09-11,1860.0,1897,1801,1897.0,3451
2013-09-12,1897.0,1930,1892,1929.0,1047
2013-09-15,1929.0,2010,1929,2010.0,1480
2013-09-16,2010.0,2100,1988,2100.0,2995
2013-09-17,2100.0,2245,2080,2200.0,4191
2013-09-19,2200.0,2175,2060,2101.0,1504
2013-09-22,2101.0,2100,2010,2010.0,1272
2013-09-23,2010.0,2010,1931,1990.0,1272
2013-09-24,1990.0,2023,1960,2023.0,1870
2013-09-25,2023.0,2028,1983,2028.0,3070
2013-09-26,2028.0,2054,1980,2039.0,1957
2013-09-29,2039.0,2060,2019,2060.0,560
2013-09-30,2060.0,2100,2058,2080.0,1590
2013-10-01,2080.0,2095,2080,2095.0,293
2013-10-02,2095.0,2135,2100,2102.0,4323
2013-10-03,2102.0,2100,2050,2075.0,1519
2013-10-06,2075.0,2109,2071,2100.0,907
2013-10-07,2100.0,2129,2095,2106.0,1609
2013-10-08,2106.0,2150,2140,2150.0,639
2013-10-09,2150.0,2170,2080,2170.0,10451
2013-10-10,2170.0,2175,2170,2170.0,1054
2013-10-20,2170.0,2210,2200,2200.0,275
2013-10-21,2200.0,2222,2200,2201.0,714
2013-10-22,2201.0,2239,2180,2239.0,1034
2013-10-23,2239.0,2249,2201,2201.0,1318
2013-10-24,2201.0,2225,2157,2225.0,7321
2013-10-27,2225.0,2210,2210,2210.0,76
2013-10-28,2210.0,2210,2200,2205.0,498
2013-10-29,2205.0,2212,2200,2210.0,414
2013-10-30,2210.0,2220,2210,2220.0,627
2013-10-31,2220.0,2300,2220,2300.0,1189
2013-11-06,2300.0,2280,2255,2280.0,341
2013-11-07,2280.0,2300,2266,2300.0,1599
2013-11-10,2300.0,2308,2300,2308.0,217
2013-11-11,2308.0,2370,2325,2370.0,471
2013-11-12,2370.0,2400,2320,2400.0,3914
2013-11-13,2400.0,2479,2405,2479.0,3432
2013-11-14,2479.0,2500,2450,2450.0,1228
2013-11-21,2450.0,2695,2499,2695.0,638
2013-11-24,2695.0,2964,2748,2964.0,665
2013-11-25,2964.0,3060,2895,2940.0,2152
2013-11-26,2940.0,2958,2900,2930.0,142
2013-11-27,2930.0,2930,2865,2865.0,625
2013-11-28,2865.0,2922,2865,2865.0,731
2013-12-01,2865.0,2900,2879,2895.0,937
2013-12-02,2895.0,2904,2860,2860.0,413
2013-12-03,2860.0,2915,2890,2900.0,400
2013-12-04,2900.0,2975,2900,2956.0,1360
2013-12-05,2956.0,3060,2950,3005.0,1706
2013-12-08,3005.0,3050,2990,3001.0,1244
2013-12-09,3001.0,3005,2930,2930.0,896
2013-12-10,2930.0,2958,2815,2958.0,2626
2013-12-11,2958.0,3020,2960,3020.0,5581
2013-12-12,3020.0,3086,3030,3065.0,2131
2013-12-15,3065.0,3111,3040,3090.0,3913
2013-12-16,3090.0,3130,3060,3130.0,765
2013-12-18,3130.0,3150,3130,3150.0,550
2013-12-19,3150.0,3350,3140,3280.0,3960
2013-12-22,3280.0,3400,3234,3350.0,2186
2013-12-23,3350.0,3550,3350,3510.0,1830
2013-12-24,3510.0,3640,3580,3640.0,2223
2013-12-26,3640.0,3700,3626,3650.0,477
2013-12-29,3650.0,3600,3500,3506.0,2362
2013-12-31,3506.0,3576,3450,3508.0,1797
2014-01-01,3508.0,3490,3301,3340.0,760
2014-01-02,3340.0,3450,3240,3450.0,966
2014-01-05,3450.0,3425,3381,3420.0,810
2014-01-06,3420.0,3360,3314,3330.0,288
2014-01-07,3330.0,3450,3300,3396.0,1267
2014-01-08,3396.0,3519,3304,3450.0,4737
2014-01-09,3450.0,3570,3420,3500.0,7831
2014-01-12,3500.0,3570,3450,3500.0,3283
2014-01-13,3500.0,3590,3450,3525.0,4216
2014-01-14,3525.0,3575,3520,3550.0,5243
2014-01-16,3550.0,3610,3500,3590.0,6339
2014-01-19,3590.0,3600,3560,3561.0,7495
2014-01-20,3561.0,3610,3570,3590.0,1207
2014-01-21,3590.0,3600,3555,3590.0,6746
2014-01-22,3590.0,3661,3570,3630.0,6815
2014-01-23,3630.0,3680,3580,3600.0,6146
2014-01-26,3600.0,3700,3640,3685.0,5836
2014-01-27,3685.0,3745,3700,3700.0,5185
2014-01-28,3700.0,3720,3650,3700.0,4186
2014-01-29,3700.0,3700,3700,3700.0,4776
2014-02-02,3700.0,3750,3660,3700.0,9488
2014-02-03,3700.0,3725,3700,3725.0,1296
2014-02-04,3725.0,3710,3690,3690.0,767
2014-02-05,3690.0,3740,3682,3700.0,836
2014-02-06,3700.0,3750,3690,3700.0,5653
2014-02-09,3700.0,3810,3700,3810.0,3140
2014-02-10,3810.0,3963,3886,3900.0,4135
2014-02-11,3900.0,3900,3800,3900.0,1602
2014-02-12,3900.0,4050,3900,4050.0,2898
2014-02-13,4050.0,4130,3970,4100.0,1256
2014-02-16,4100.0,4145,4051,4120.0,1368
2014-02-17,4120.0,4293,4102,4250.0,2474
2014-02-18,4250.0,4401,4290,4381.0,2191
2014-02-20,4381.0,4570,4360,4527.0,10674
2014-02-23,4527.0,4920,4600,4875.0,1041
2014-02-24,4875.0,4925,4458,4460.0,5972
2014-02-25,4460.0,4499,4322,4495.0,6185
2014-02-26,4495.0,4550,4460,4520.0,6352
2014-03-03,4520.0,4550,4498,4498.0,5733
2014-03-04,4498.0,4475,4430,4430.0,2220
2014-03-05,4430.0,4480,4410,4480.0,2012
2014-03-06,4480.0,4600,4500,4600.0,2448
2014-03-09,4600.0,4600,4540,4592.0,1419
2014-03-10,4592.0,4650,4525,4625.0,2971
2014-03-11,4625.0,4575,4501,4525.0,4059
2014-03-12,4525.0,4600,4501,4525.0,3930
2014-03-13,4525.0,4693,4525,4693.0,6151
2014-03-17,4693.0,4650,4600,4600.0,6751
2014-03-18,4600.0,4625,4490,4550.0,5276
2014-03-19,4550.0,4560,4530,4540.0,5714
2014-03-20,4540.0,4600,4530,4600.0,6502
2014-03-23,4600.0,4600,4508,4590.0,6201
2014-03-24,4590.0,4730,4600,4600.0,11240
2014-03-25,4600.0,4660,4600,4650.0,7430
2014-03-26,4650.0,4701,4580,4700.0,9154
2014-03-27,4700.0,4800,4650,4800.0,7820
2014-03-31,4800.0,5100,4800,5099.0,7148
2014-04-01,5099.0,5109,5000,5055.0,5411
2014-04-02,5055.0,5070,5000,5050.0,9493
2014-04-03,5050.0,5020,4970,5020.0,1290
2014-04-06,5020.0,5300,5050,5210.0,10885
2014-04-07,5210.0,5402,5150,5200.0,6329
2014-04-09,5200.0,5225,5170,5184.0,5537
2014-04-10,5184.0,5200,5130,5151.0,2293
2014-04-13,5151.0,5254,5101,5174.0,3553
2014-04-15,5174.0,5200,5151,5200.0,3325
2014-04-16,5200.0,5200,5150,5150.0,922
2014-04-17,5150.0,5355,5100,5355.0,2494
2014-04-20,5355.0,5300,5200,5200.0,530
2014-04-21,5200.0,5150,5130,5130.0,1070
2014-04-22,5130.0,5232,5100,5232.0,1915
2014-04-23,5232.0,5420,5100,5400.0,12008
2014-04-27,5400.0,5550,5400,5550.0,1638
2014-04-28,5550.0,5755,5550,5650.0,4103
2014-04-29,5650.0,5725,5550,5670.0,5366
2014-04-30,5670.0,5760,5570,5650.0,13544
2014-05-06,5650.0,3656,3390,3656.0,1496
2014-05-07,3656.0,4021,3729,4021.0,7821
2014-05-08,4021.0,4183,3900,3905.0,2079
2014-05-11,3905.0,3910,3800,3800.0,225
2014-05-12,3800.0,4010,3870,3870.0,1020
2014-05-13,3870.0,3900,3800,3800.0,4273
2014-05-15,3800.0,3800,3724,3798.0,855
2014-05-18,3798.0,3873,3714,3873.0,560
2014-05-19,3873.0,3870,3724,3870.0,310
2014-05-20,3870.0,3815,3685,3815.0,1293
2014-05-21,3815.0,3817,3770,3817.0,907
2014-05-22,3817.0,3810,3750,3810.0,451
2014-05-25,3810.0,3750,3650,3700.0,909
2014-05-26,3700.0,3680,3601,3605.0,1425
2014-05-27,3605.0,3700,3610,3660.0,2532
2014-05-28,3660.0,3820,3600,3820.0,631
2014-06-01,3820.0,3795,3641,3641.0,1382
2014-06-02,3641.0,3837,3560,3837.0,7275
2014-06-03,3837.0,3761,3612,3760.0,4924
2014-06-04,3760.0,3760,3601,3640.0,1888
2014-06-05,3640.0,3660,3575,3660.0,1922
2014-06-08,3660.0,3600,3541,3550.0,2100
2014-06-09,3550.0,3596,3535,3540.0,1491
2014-06-10,3540.0,3535,3526,3530.0,400
2014-06-11,3530.0,3610,3530,3550.0,2962
2014-06-12,3550.0,3600,3550,3565.0,3379
2014-06-15,3565.0,3630,3565,3580.0,920
2014-06-16,3580.0,3672,3550,3672.0,4650
2014-06-17,3672.0,3660,3545,0.0,2073
2014-06-18,3560.0,3700,3550,3560.0,1205
2014-06-19,3680.0,3700,3650,3670.0,802
2014-06-23,3670.0,3670,3610,3670.0,1541
2014-06-24,3670.0,3729,3699,3720.0,2397
2014-06-25,3720.0,3750,3700,3740.0,1001
2014-06-26,3740.0,3850,3700,3825.0,4780
2014-06-29,3825.0,3870,3750,3850.0,1686
2014-06-30,3850.0,3900,3783,3900.0,5851
2014-07-01,3900.0,4225,3930,4182.0,4097
2014-07-02,4182.0,4426,4190,4350.0,8039
2014-07-03,4350.0,4420,4205,4314.0,2712
2014-07-06,4314.0,4448,4320,4444.0,6844
2014-07-07,4444.0,4550,4460,4500.0,4265
2014-07-08,4500.0,4520,4480,4500.0,1928
2014-07-09,4500.0,4412,4225,4309.0,365
2014-07-10,4309.0,4310,4225,4255.0,5647
2014-07-13,4255.0,4335,4250,4300.0,857
2014-07-14,4300.0,4314,4220,4314.0,1038
2014-07-15,4314.0,4400,4310,4380.0,3320
2014-07-16,4380.0,4400,4321,4351.0,872
2014-07-17,4351.0,4450,4361,4361.0,2816
2014-07-20,4361.0,4533,4440,4500.0,2265
2014-07-21,4500.0,4565,4480,4560.0,2203
2014-07-22,4560.0,4540,4480,4540.0,867
2014-07-23,4540.0,4510,4450,4450.0,1161
2014-07-24,4450.0,4530,4400,4400.0,1314
2014-07-27,4400.0,4540,4400,4451.0,1775
2014-07-28,4451.0,4499,4450,4450.0,68
2014-07-30,4450.0,4450,4380,4400.0,1134
2014-07-31,4400.0,4500,4400,4500.0,945
2014-08-03,4500.0,4532,4480,4480.0,1542
2014-08-04,4480.0,4490,4450,4450.0,568
2014-08-05,4450.0,4521,4470,4470.0,567
2014-08-06,4470.0,4505,4460,4500.0,1878
2014-08-07,4500.0,4500,4410,4488.0,2849
2014-08-12,4488.0,4425,4420,4425.0,80
2014-08-13,4425.0,4475,4449,4475.0,928
2014-08-14,4475.0,4520,4460,4520.0,1991
2014-08-18,4520.0,4610,4465,4465.0,4654
2014-08-19,4465.0,4510,4477,4500.0,2215
2014-08-20,4500.0,4495,4400,4400.0,1827
2014-08-21,4400.0,4312,4142,4302.0,1259
2014-08-24,4302.0,4300,4200,4230.0,423
2014-08-25,4230.0,4146,3963,3963.0,130
2014-08-26,3963.0,4042,3760,3760.0,1218
2014-08-27,3760.0,4136,3790,4002.0,2382
2014-08-28,4002.0,4230,4082,4146.0,678
2014-08-31,4146.0,4100,3920,3990.0,1266
2014-09-01,3990.0,3990,3911,3911.0,400
2014-09-03,3911.0,3905,3810,3810.0,2182
2014-09-04,3810.0,3770,3700,3750.0,2034
2014-09-07,3750.0,3750,3580,3580.0,2289
2014-09-09,3580.0,3775,3650,3702.0,809
2014-09-10,3702.0,3851,3750,3750.0,1771
2014-09-11,3750.0,3715,3700,3715.0,940
2014-09-14,3715.0,3750,3715,3750.0,1411
2014-09-15,3750.0,3850,3800,3850.0,450
2014-09-16,3850.0,3920,3825,3920.0,3854
2014-09-17,3920.0,3939,3842,3875.0,1276
2014-09-18,3875.0,3860,3775,3810.0,2209
2014-09-21,3810.0,3785,3720,3732.0,1321
2014-09-22,3732.0,3702,3660,3700.0,2849
2014-09-23,3700.0,3790,3725,3765.0,1911
2014-09-24,3765.0,3850,3771,3850.0,536
2014-09-28,3850.0,3978,3900,3978.0,196
2014-09-29,3978.0,4264,4040,4245.0,1045
2014-09-30,4245.0,4420,4200,4260.0,1425
2014-10-08,4260.0,4295,4130,4130.0,523
2014-10-09,4130.0,4150,4130,4150.0,208
2014-10-12,4150.0,4080,3980,3999.0,1548
2014-10-13,3999.0,4020,3900,4000.0,868
2014-10-14,4000.0,4050,4000,4030.0,738
2014-10-15,4030.0,4139,4050,4070.0,528
2014-10-16,4070.0,4200,4100,4184.0,2017
2014-10-19,4184.0,4260,4130,4260.0,1016
2014-10-20,4260.0,4300,4240,4260.0,973
2014-10-21,4260.0,4270,4190,4200.0,2468
2014-10-22,4200.0,4280,4130,4250.0,3593
2014-10-26,4250.0,4300,4225,4250.0,780
2014-10-27,4250.0,4435,4250,4400.0,5273
2014-10-28,4400.0,4430,4390,4400.0,2841
2014-10-30,4400.0,4480,4405,4450.0,1384
2014-11-02,4450.0,4510,4460,4465.0,1990
2014-11-03,4465.0,4400,4300,4316.0,1721
2014-11-04,4316.0,4290,4201,4225.0,2768
2014-11-05,4225.0,4300,4175,4269.0,2779
2014-11-06,4269.0,4300,4200,4230.0,4667
2014-11-09,4230.0,4235,4170,4180.0,1318
2014-11-10,4180.0,4161,4105,4161.0,1711
2014-11-11,4161.0,4162,4000,4162.0,5520
2014-11-12,4162.0,4199,4130,4130.0,473
2014-11-13,4130.0,4170,4048,4125.0,3836
2014-11-16,4125.0,4149,4000,4000.0,5358
2014-11-17,4000.0,4000,3927,4000.0,1209
2014-11-18,4000.0,4000,3871,3990.0,4426
2014-11-19,3990.0,4004,3920,4004.0,4121
2014-11-20,4004.0,4010,3990,4010.0,2704
2014-11-23,4010.0,4105,4000,4000.0,6176
2014-11-24,4000.0,4020,3961,4000.0,3544
2014-11-25,4000.0,4000,3970,3985.0,530
2014-11-30,3985.0,3994,3935,3950.0,3086
2014-12-01,3950.0,3941,3890,3900.0,2080
2014-12-02,3900.0,3895,3800,3895.0,2189
2014-12-03,3895.0,3935,3870,3870.0,1123
2014-12-04,3870.0,3930,3820,3830.0,3621
2014-12-07,3830.0,3869,3829,3869.0,1413
2014-12-08,3869.0,3880,3800,3801.0,2532
2014-12-09,3801.0,3840,3771,3790.0,7280
2014-12-10,3790.0,3860,3790,3796.0,1824
2014-12-11,3796.0,3850,3800,3820.0,2048
2014-12-14,3820.0,4000,3896,3950.0,1779
2014-12-15,3950.0,4029,3900,3960.0,2102
2014-12-17,3960.0,3905,3890,3901.0,3290
2014-12-18,3901.0,4000,3950,3970.0,1742
2014-12-21,3970.0,4000,3968,3997.0,1500
2014-12-22,3997.0,4030,3850,3980.0,2796
2014-12-23,3980.0,3988,3901,3980.0,575
2014-12-24,3980.0,4015,3970,3991.0,2667
2014-12-28,3991.0,4051,3993,4051.0,1416
2014-12-29,4051.0,4073,4040,4060.0,1284
2014-12-31,4060.0,4085,4055,4062.0,1957
2015-01-01,4062.0,4130,4070,4072.0,1799
2015-01-04,4072.0,4245,4050,4245.0,3245
2015-01-05,4245.0,4330,4216,4299.0,4651
2015-01-06,4299.0,4346,4256,4346.0,3497
2015-01-07,4346.0,4400,4280,4400.0,3772
2015-01-08,4400.0,4500,4330,4400.0,2505
2015-01-11,4400.0,4505,4420,4460.0,4819
2015-01-12,4460.0,4420,4374,4408.0,1522
2015-01-13,4408.0,4595,4360,4595.0,2137
2015-01-14,4595.0,4600,4500,4539.0,3418
2015-01-18,4539.0,4605,4535,4540.0,3960
2015-01-19,4540.0,4721,4475,4590.0,6378
2015-01-20,4590.0,4575,4510,4510.0,745
2015-01-22,4510.0,4525,4470,4525.0,1187
2015-01-25,4525.0,4570,4525,4525.0,1744
2015-01-26,4525.0,4575,4500,4544.0,2045
2015-01-27,4544.0,4539,4510,4535.0,778
2015-01-28,4535.0,4550,4525,4540.0,1615
2015-01-29,4540.0,4574,4520,4535.0,1057
2015-02-01,4535.0,4510,4490,4510.0,1368
2015-02-02,4510.0,4530,4500,4510.0,2454
2015-02-03,4510.0,4520,4480,4500.0,1839
2015-02-04,4500.0,4520,4490,4490.0,1859
2015-02-05,4490.0,4495,4460,4480.0,1343
2015-02-08,4480.0,4525,4500,4520.0,3190
2015-02-09,4520.0,4550,4500,4500.0,1963
2015-02-10,4500.0,4550,4511,4529.0,2494
2015-02-11,4529.0,4560,4455,4547.0,2430
2015-02-12,4547.0,4563,4530,4555.0,3794
2015-02-15,4555.0,4650,4570,4620.0,1084
2015-02-16,4620.0,4660,4600,4625.0,2223
2015-02-18,4625.0,4650,4600,4635.0,1660
2015-02-22,4635.0,4700,4650,4685.0,7642
2015-02-23,4685.0,4700,4685,4685.0,1779
2015-02-24,4685.0,4689,4650,4668.0,852
2015-02-25,4668.0,4780,4660,4689.0,1347
2015-02-26,4689.0,4820,4680,4820.0,1408
2015-03-01,4820.0,4850,4800,4801.0,422
2015-03-02,4801.0,4890,4795,4890.0,1826
2015-03-03,4890.0,4850,4800,4820.0,1759
2015-03-04,4820.0,4900,4800,4900.0,2980
2015-03-09,4900.0,4998,4850,4860.0,1677
2015-03-10,4860.0,4815,4763,4795.0,2301
2015-03-11,4795.0,4794,4700,4794.0,441
2015-03-12,4794.0,4700,4641,4641.0,1582
2015-03-15,4641.0,4600,4510,4510.0,1091
2015-03-16,4510.0,4580,4460,4540.0,1138
2015-03-17,4540.0,4540,4515,4540.0,381
2015-03-18,4540.0,4675,4545,4675.0,836
2015-03-19,4675.0,4700,4645,4650.0,1913
2015-03-22,4650.0,4640,4620,4620.0,376
2015-03-23,4620.0,4600,4500,4520.0,1510
2015-03-24,4520.0,4500,4465,4465.0,263
2015-03-25,4465.0,4550,4450,4545.0,4531
2015-03-26,4545.0,4590,4550,4551.0,9099
2015-03-29,4551.0,4550,4510,4530.0,2040
2015-03-30,4530.0,4485,4475,4480.0,1434
2015-03-31,4480.0,4549,4480,4540.0,2646
2015-04-01,4540.0,4520,4460,4490.0,1685
2015-04-02,4490.0,4500,4444,4500.0,299
2015-04-05,4500.0,4530,4465,4485.0,1620
2015-04-06,4485.0,4650,4480,4485.0,12691
2015-04-07,4485.0,4530,4450,4460.0,10203
2015-04-08,4460.0,4570,4375,4381.0,10171
2015-04-09,4381.0,4420,4325,4400.0,8365
2015-04-12,4400.0,4555,4434,4435.0,3139
2015-04-13,4435.0,4441,4409,4413.0,4545
2015-04-15,4413.0,4405,4320,4374.0,2366
2015-04-16,4374.0,4399,4342,4365.0,3218
2015-04-19,4365.0,4388,4350,4375.0,3015
2015-04-20,4375.0,4376,4340,4345.0,2476
2015-04-21,4345.0,4400,4240,4240.0,5370
2015-04-22,4240.0,4280,4180,4190.0,2289
2015-04-23,4190.0,4200,4050,4101.0,14331
2015-05-24,4101.0,4019,3691,3691.0,1357
2015-05-25,3691.0,3618,3380,3592.0,19744
2015-05-26,2245.0,2425,2245,2390.0,2528
2015-05-27,2390.0,2360,2310,2355.0,1385
2015-05-28,2355.0,2390,2350,2375.0,2151
2015-05-31,2375.0,2450,2400,2418.0,2436
2015-06-01,2418.0,2526,2465,2505.0,3129
2015-06-02,2505.0,2755,2500,2755.0,3959
2015-06-04,2801.0,2910,2780,2830.0,4539
2015-06-07,2830.0,2885,2815,2815.0,3453
2015-06-08,2815.0,2870,2810,2840.0,6791
2015-06-09,2840.0,2975,2842,2890.0,7031
2015-06-10,2890.0,2850,2810,2811.0,1970
2015-06-11,2811.0,2810,2751,2757.0,899
2015-06-14,2757.0,2770,2675,2700.0,2392
2015-06-15,2700.0,2760,2700,2746.0,12898
2015-06-16,2746.0,2809,2750,2760.0,3444
2015-06-17,2760.0,2800,2750,2750.0,2045
2015-06-18,2750.0,2785,2710,2745.0,2517
2015-06-21,2745.0,2730,2706,2715.0,2945
2015-06-22,2715.0,2750,2700,2722.0,7004
2015-06-23,2722.0,2790,2736,2736.0,4700
2015-06-24,2736.0,2784,2740,2751.0,3580
2015-06-25,2751.0,2780,2751,2760.0,4951
2015-06-28,2760.0,2811,2775,2800.0,13923
2015-06-29,2800.0,2960,2855,2900.0,17446
2015-06-30,2900.0,2910,2855,2900.0,14487
2015-07-01,2900.0,2935,2880,2909.0,9759
2015-07-02,2909.0,2900,2875,2890.0,2366
2015-07-05,2890.0,2905,2885,2900.0,3540
2015-07-06,2900.0,2903,2878,2890.0,4955
2015-07-07,2890.0,2895,2880,2880.0,1981
2015-07-08,2880.0,2901,2870,2896.0,2181
2015-07-09,2896.0,2891,2880,2889.0,2970
2015-07-12,2889.0,2890,2870,2886.0,2028
2015-07-13,2886.0,2900,2882,2882.0,2087
2015-07-14,2882.0,2885,2874,2879.0,1494
2015-07-15,2879.0,2886,2873,2885.0,2666
2015-07-16,2885.0,2894,2875,2886.0,3813
2015-07-22,2886.0,2904,2894,2898.0,12651
2015-07-23,2898.0,2958,2895,2958.0,5524
2015-07-26,2958.0,3253,3017,3253.0,585
2015-07-27,3253.0,3253,2970,3000.0,9071
2015-07-28,3000.0,3060,2985,3000.0,2207
2015-07-29,3000.0,3000,2980,2980.0,3390
2015-07-30,2980.0,3015,2980,3000.0,9829
2015-08-02,3000.0,3001,2995,3000.0,1239
2015-08-03,3000.0,3009,2991,3009.0,8301
2015-08-04,3009.0,3035,3000,3030.0,3148
2015-08-05,3030.0,3170,3020,3170.0,4174
2015-08-06,3170.0,3230,3170,3200.0,10176
2015-08-09,3200.0,3264,3200,3210.0,4706
2015-08-10,3210.0,3271,3216,3255.0,4358
2015-08-11,3255.0,3300,3225,3245.0,2229
2015-08-12,3245.0,3300,3240,3250.0,5093
2015-08-13,3250.0,3250,3235,3240.0,3486
2015-08-16,3240.0,3270,3249,3250.0,1879
2015-08-17,3250.0,3259,3200,3255.0,6562
2015-08-18,3255.0,3290,3230,3240.0,6991
2015-08-19,3240.0,3290,3227,3285.0,4122
2015-08-20,3285.0,3345,3287,3300.0,4661
2015-08-23,3300.0,3364,3250,3280.0,4841
2015-08-24,3280.0,3385,3340,3370.0,4128
2015-08-25,3370.0,3350,3303,3340.0,530
2015-08-26,3340.0,3390,3353,3370.0,810
2015-08-27,3370.0,3501,3376,3490.0,3052
2015-08-31,3490.0,3839,3559,3839.0,6391
2015-09-01,3839.0,4000,3850,3860.0,3677
2015-09-02,3860.0,3875,3720,3722.0,1344
2015-09-03,3722.0,3700,3610,3630.0,1528
2015-09-06,3630.0,3700,3550,3605.0,1521
2015-09-07,3605.0,3652,3581,3610.0,851
2015-09-08,3610.0,3650,3580,3650.0,820
2015-09-09,3650.0,3630,3590,3600.0,3013
2015-09-10,3600.0,3600,3540,3540.0,1437
2015-09-13,3540.0,3580,3510,3575.0,2218
2015-09-14,3575.0,3625,3571,3595.0,2580
2015-09-15,3595.0,3650,3580,3595.0,2873
2015-09-16,3595.0,3610,3571,3600.0,1600
2015-09-17,3600.0,3550,3530,3550.0,579
2015-09-22,3550.0,3549,3400,3400.0,4705
2015-09-23,3400.0,3537,3468,3500.0,2252
2015-09-24,3500.0,3470,3445,3450.0,3072
2015-09-28,3450.0,3455,3328,3360.0,3157
2015-09-29,3360.0,3400,3360,3362.0,4190
2015-09-30,3362.0,3402,3362,3400.0,2980
2015-10-01,3400.0,3400,3372,3395.0,4161
2015-10-04,3395.0,3420,3351,3410.0,3128
2015-10-05,3410.0,3450,3320,3320.0,5217
2015-10-06,3320.0,3350,3296,3312.0,8359
2015-10-07,3312.0,3295,3186,3271.0,3830
2015-10-08,3271.0,3366,3240,3366.0,14203
2015-10-11,3366.0,3340,3300,3340.0,1668
2015-10-14,3340.0,3310,3253,3275.0,2488
2015-10-15,3275.0,3300,3220,3274.0,2209
2015-10-18,3274.0,3280,3231,3260.0,1397
2015-10-19,3260.0,3300,3250,3296.0,1760
2015-10-25,3296.0,3250,3225,3250.0,1260
2015-10-27,3250.0,3200,3140,3170.0,2178
2015-10-28,3170.0,3162,3040,3162.0,5626
2015-10-29,3162.0,3225,3101,3150.0,3747
2015-11-01,3150.0,3160,3100,3160.0,3452
2015-11-02,3160.0,3240,3180,3199.0,2573
2015-11-03,3199.0,3140,3112,3120.0,948
2015-11-04,3120.0,3198,3125,3198.0,746
2015-11-05,3198.0,3202,3150,3150.0,1893
2015-11-08,3150.0,3150,3111,3111.0,3250
2015-11-09,3111.0,3213,3110,3200.0,2142
2015-11-10,3200.0,3200,3175,3199.0,2099
2015-11-15,3199.0,3185,3160,3185.0,1500
2015-11-16,3185.0,3200,3140,3140.0,1483
2015-11-18,3140.0,3175,3141,3143.0,3176
2015-11-19,3143.0,3145,3101,3125.0,3990
2015-11-22,3125.0,3075,3000,3020.0,4696
2015-11-23,3020.0,3015,2917,3012.0,3650
2015-11-24,3012.0,3015,2981,2991.0,4807
2015-11-25,2991.0,2975,2916,2945.0,2080
2015-11-26,2945.0,2920,2842,2880.0,14877
2015-11-30,2805.0,2950,2850,2850.0,1279
2015-12-01,2850.0,2978,2875,2978.0,5592
2015-12-02,2978.0,3000,2915,2975.0,2937
2015-12-03,2975.0,3095,2980,3030.0,4077
2015-12-06,3030.0,3190,3080,3180.0,5382
2015-12-07,3180.0,3240,3180,3190.0,7973
2015-12-08,3190.0,3220,3175,3193.0,6582
2015-12-09,3193.0,3220,3190,3220.0,6696
2015-12-10,3220.0,3250,3181,3210.0,3445
2015-12-13,3210.0,3300,3250,3251.0,4261
2015-12-14,3251.0,3299,3233,3295.0,2487
2015-12-15,3295.0,3515,3360,3425.0,13046
2015-12-16,3425.0,3479,3300,3350.0,9930
2015-12-17,3350.0,3330,3300,3312.0,2795
2015-12-20,3312.0,3331,3246,3300.0,2715
2015-12-21,3300.0,3350,3305,3330.0,2146
2015-12-22,3330.0,3380,3345,3380.0,1402
2015-12-23,3380.0,3368,3350,3350.0,1826
2015-12-24,3350.0,3365,3310,3350.0,2002
2015-12-27,3350.0,3330,3300,3322.0,2531
2015-12-28,3322.0,3350,3312,3321.0,3076
2015-12-29,3321.0,3350,3310,3345.0,2740
2015-12-31,3345.0,3430,3380,3405.0,2262
2016-01-03,3405.0,3515,3440,3475.0,6223
2016-01-04,3475.0,3520,3410,3461.0,1661
2016-01-05,3461.0,3425,3315,3400.0,2070
2016-01-06,3400.0,3370,3350,3369.0,2218
2016-01-07,3369.0,3400,3366,3366.0,2805
2016-01-10,3366.0,3366,3340,3350.0,9768
2016-01-11,3350.0,3350,3321,3333.0,3398
2016-01-12,3333.0,3325,3280,3320.0,3463
2016-01-13,3320.0,3320,3300,3300.0,3013
2016-01-14,3300.0,3355,3300,3301.0,6516
2016-01-17,3301.0,3430,3321,3400.0,3073
2016-01-18,3400.0,3411,3370,3380.0,580
2016-01-19,3380.0,3400,3332,3345.0,1626
2016-01-20,3345.0,3340,3300,3300.0,3434
2016-01-21,3300.0,3340,3300,3300.0,8791
2016-01-24,3300.0,3310,3291,3305.0,4169
2016-01-25,3305.0,3329,3310,3320.0,6112
2016-01-26,3320.0,3320,3300,3300.0,16524
2016-01-27,3300.0,3305,3291,3291.0,4246
2016-01-28,3291.0,3300,3265,3272.0,4360
2016-01-31,3272.0,3290,3270,3270.0,4576
2016-02-01,3270.0,3290,3270,3285.0,1450
2016-02-02,3285.0,3299,3220,3274.0,2942
2016-02-03,3274.0,3264,3218,3229.0,6604
2016-02-04,3229.0,3215,3186,3210.0,11236
2016-02-07,3210.0,3280,3195,3200.0,7726
2016-02-08,3200.0,3239,3201,3235.0,2383
2016-02-11,3235.0,3250,3220,3225.0,3125
2016-02-14,3225.0,3236,3197,3197.0,6612
2016-02-15,3197.0,3200,3145,3176.0,2001
2016-02-16,3176.0,3200,3176,3190.0,1313
2016-02-17,3190.0,3200,3180,3188.0,5192
2016-02-18,3188.0,3189,3156,3164.0,4416
2016-02-21,3164.0,3198,3166,3166.0,1712
2016-02-22,3166.0,3200,3160,3175.0,1229
2016-02-23,3175.0,3200,3150,3150.0,8527
2016-02-24,3150.0,3160,3133,3160.0,1086
2016-02-25,3160.0,3160,3055,3160.0,1978
2016-02-28,3160.0,3160,3111,3111.0,1017
2016-02-29,3111.0,3140,3116,3116.0,1657
2016-03-01,3116.0,3155,3125,3130.0,1510
2016-03-02,3130.0,3200,3100,3100.0,1296
2016-03-03,3100.0,3146,3039,3123.0,2912
2016-03-06,3123.0,3172,3140,3160.0,2931
2016-03-10,3160.0,3223,3152,3160.0,3537
2016-03-13,3160.0,3205,3181,3198.0,8001
2016-03-14,3198.0,3261,3200,3220.0,7360
2016-03-15,3220.0,3250,3230,3250.0,1608
2016-03-16,3250.0,3270,3212,3270.0,9301
2016-03-17,3270.0,3517,3300,3500.0,12160
2016-03-20,3500.0,3850,3570,3850.0,26039
2016-03-21,3850.0,4166,3851,3860.0,23856
2016-03-23,3860.0,3900,3724,3869.0,10651
2016-03-24,3869.0,3905,3806,3825.0,7420
2016-03-27,3825.0,3978,3850,3920.0,29377
2016-03-28,3920.0,3950,3842,3900.0,18727
2016-03-29,3900.0,3887,3830,3870.0,3973
2016-03-30,3870.0,4182,3700,3736.0,24031
2016-03-31,3736.0,3682,3555,3600.0,14647
2016-04-03,3600.0,3594,3503,3575.0,5001
2016-04-04,3575.0,3640,3580,3635.0,3078
2016-04-05,3635.0,3670,3610,3615.0,2970
2016-04-06,3615.0,3670,3626,3670.0,3628
2016-04-10,3670.0,3670,3600,3640.0,1948
2016-04-11,3640.0,3610,3590,3600.0,2119
2016-04-12,3600.0,3610,3586,3600.0,6833
2016-04-14,3600.0,3605,3599,3602.0,1884
2016-04-17,3602.0,3630,3591,3630.0,3848
2016-04-18,3630.0,3705,3650,3704.0,4874
2016-04-19,3704.0,3704,3675,3700.0,2727
2016-04-20,3700.0,3700,3660,3673.0,2709
2016-04-21,3673.0,3845,3700,3795.0,12828
2016-04-24,3795.0,3830,3795,3820.0,9640
2016-04-25,3820.0,3875,3822,3844.0,6058
2016-04-26,3844.0,3900,3840,3850.0,18751
2016-04-27,3850.0,3978,3820,3927.0,26957
2016-04-28,3142.0,3420,3204,3240.0,18639
2016-05-02,3240.0,3242,3230,3239.0,3652
2016-05-03,3239.0,3235,3216,3235.0,5745
2016-05-04,3235.0,3235,3200,3234.0,4630
2016-05-05,3234.0,3255,3175,3217.0,10592
2016-05-08,3217.0,3300,3230,3290.0,6530
2016-05-09,3290.0,3350,3299,3342.0,11635
2016-05-10,3342.0,3500,3276,3464.0,16066
2016-05-11,3464.0,3495,3412,3470.0,4408
2016-05-12,3470.0,3499,3451,3485.0,3178
2016-05-15,3485.0,3480,3432,3450.0,2402
2016-05-16,3450.0,3430,3401,3416.0,2636
2016-05-17,3416.0,3450,3400,3422.0,2199
2016-05-18,3422.0,3490,3400,3435.0,4119
2016-05-19,3435.0,3485,3440,3445.0,3412
2016-05-22,3445.0,3673,3510,3579.0,10390
2016-05-23,3579.0,3839,3590,3839.0,16802
2016-05-24,3839.0,3994,3763,3900.0,18764
2016-05-25,3900.0,3900,3800,3850.0,13159
2016-05-26,3850.0,3874,3750,3874.0,13149
2016-05-29,3874.0,3951,3850,3855.0,5460
2016-05-30,3855.0,3885,3840,3865.0,7516
2016-05-31,3865.0,3900,3840,3875.0,10022
2016-06-01,3875.0,3875,3792,3810.0,2951
2016-06-02,3810.0,3815,3761,3796.0,8663
2016-06-05,3796.0,3800,3675,3675.0,4844
2016-06-06,3675.0,3825,3721,3815.0,6378
2016-06-07,3815.0,3850,3800,3833.0,7202
2016-06-08,3833.0,4120,3840,4080.0,32893
2016-06-09,4080.0,4488,4161,4488.0,54735
2016-06-30,4488.0,4936,4480,4595.0,39586
2016-07-03,4595.0,4510,4322,4400.0,21829
2016-07-04,4400.0,4385,4280,4317.0,9301
2016-07-05,4317.0,4349,4240,4240.0,7710
2016-07-06,4240.0,4330,4255,4275.0,6898
2016-07-10,4275.0,4350,4275,4275.0,9076
2016-07-11,4275.0,4250,4140,4185.0,6320
2016-07-12,4185.0,4160,3980,4100.0,7899
2016-07-13,4100.0,4100,3940,4052.0,4184
2016-07-14,4052.0,4075,4001,4006.0,8155
2016-07-17,4006.0,4050,3999,4045.0,12973
2016-07-18,4045.0,4301,4001,4301.0,6224
2016-07-19,4301.0,4430,4125,4130.0,2587
2016-07-20,4130.0,4100,4050,4052.0,5470
2016-07-21,4052.0,4155,4025,4100.0,3812
2016-07-25,4100.0,4150,4070,4070.0,3605
2016-07-26,4070.0,4151,4031,4040.0,9554
2016-07-27,4040.0,4050,4003,4020.0,2868
2016-07-28,4020.0,4101,4020,4027.0,6510
2016-07-31,4027.0,4050,4000,4025.0,6202
2016-08-01,4025.0,4030,3995,4010.0,3273
2016-08-02,4010.0,4010,3962,3962.0,4572
2016-08-03,3962.0,3939,3876,3939.0,2765
2016-08-04,3939.0,3930,3823,3823.0,7108
2016-08-07,3823.0,3920,3800,3800.0,3430
2016-08-08,3800.0,3730,3440,3440.0,3805
2016-08-09,3440.0,3721,3508,3721.0,130
2016-08-10,3721.0,3905,3721,3905.0,12676
2016-08-11,3905.0,3950,3780,3850.0,1804
2016-08-14,3850.0,4000,3700,3750.0,4586
2016-08-15,3750.0,3750,3528,3600.0,6074
2016-08-16,3600.0,3690,3575,3635.0,2421
2016-08-17,3635.0,3685,3600,3640.0,9395
2016-08-21,3640.0,3650,3600,3605.0,1489
2016-08-22,3605.0,3543,3475,3480.0,3171
2016-08-23,3480.0,3589,3411,3495.0,2943
2016-08-24,3495.0,3760,3480,3626.0,2200
2016-08-28,3626.0,3769,3600,3600.0,2240
2016-08-29,3600.0,3695,3600,3660.0,2552
2016-08-30,3660.0,3700,3690,3690.0,4985
2016-08-31,3690.0,3725,3650,3725.0,1922
2016-09-01,3725.0,3720,3650,3705.0,16040
2016-09-04,3705.0,3760,3631,3750.0,1972
2016-09-05,3750.0,3800,3725,3750.0,5356
2016-09-06,3750.0,3800,3720,3720.0,2467
2016-09-07,3720.0,3794,3721,3721.0,1896
2016-09-08,3721.0,3740,3690,3690.0,3622
2016-09-11,3690.0,3700,3676,3677.0,947
2016-09-12,3677.0,3711,3695,3710.0,1726
2016-09-14,3710.0,3773,3699,3773.0,9200
2016-09-18,3773.0,3830,3762,3771.0,2674
2016-09-20,3771.0,3900,3771,3882.0,15369
2016-09-21,3882.0,3899,3805,3884.0,13457
2016-09-22,3884.0,3890,3750,3880.0,12206
2016-09-25,3880.0,3840,3760,3760.0,2060
2016-09-26,3760.0,3800,3732,3753.0,5526
2016-09-27,3753.0,3765,3725,3740.0,4085
2016-09-28,3740.0,3769,3681,3701.0,3865
2016-09-29,3701.0,3710,3630,3651.0,7222
2016-10-02,3651.0,3950,3700,3850.0,11013
2016-10-03,3850.0,3930,3854,3930.0,6850
2016-10-04,3930.0,4100,3920,4088.0,10118
2016-10-05,4088.0,4080,3962,4050.0,5406
2016-10-06,4050.0,4137,4070,4100.0,9565
2016-10-16,4100.0,4130,4011,4050.0,1193
2016-10-17,4050.0,4040,3940,4000.0,4936
2016-10-18,4000.0,4028,3980,4012.0,3023
2016-10-19,4012.0,4010,3981,3990.0,3418
2016-10-20,3990.0,4105,3976,4100.0,5652
2016-10-23,4100.0,4140,4040,4045.0,8441
2016-10-24,4045.0,4060,3981,4020.0,5755
2016-10-25,4020.0,4000,3900,3900.0,4559
2016-10-26,3900.0,3949,3859,3949.0,6523
2016-10-27,3949.0,3960,3900,3930.0,5420
2016-11-03,3930.0,3950,3880,3890.0,767
2016-11-07,3890.0,3880,3850,3853.0,3105
2016-11-08,3853.0,3850,3755,3765.0,3041
2016-11-09,3765.0,3840,3700,3700.0,4674
2016-11-10,3700.0,3750,3660,3700.0,1947
2016-11-13,3700.0,3795,3690,3720.0,1911
2016-11-14,3720.0,3740,3700,3700.0,6971
2016-11-15,3700.0,3731,3700,3700.0,3421
2016-11-16,3700.0,3780,3675,3700.0,3775
2016-11-17,3700.0,3700,3599,3600.0,2334
2016-11-20,3600.0,3555,3325,3390.0,8953
2016-11-21,3390.0,3429,3310,3429.0,8045
2016-11-22,3429.0,3385,3320,3348.0,2928
2016-11-23,3348.0,3315,3217,3240.0,7856
2016-11-24,3240.0,3305,3100,3150.0,14102
2016-11-27,3150.0,3213,2947,2950.0,10096
2016-11-28,2950.0,3044,2690,2950.0,17319
2016-11-29,2950.0,3110,2787,3110.0,14167
2016-11-30,3110.0,3207,3030,3200.0,12711
2016-12-01,3200.0,3250,3151,3151.0,8947
2016-12-04,3151.0,3180,2995,3013.0,5342
2016-12-05,3013.0,3012,2956,2956.0,6450
2016-12-06,2956.0,3105,2930,3100.0,7235
2016-12-07,3100.0,3090,3038,3064.0,1755
2016-12-08,3064.0,3035,2952,3030.0,3957
2016-12-11,3030.0,3070,2965,2975.0,2445
2016-12-12,2975.0,2965,2880,2959.0,2022
2016-12-14,2959.0,2958,2900,2948.0,4370
2016-12-15,2948.0,2960,2940,2949.0,2190
2016-12-18,2949.0,2975,2900,2975.0,3075
2016-12-19,2975.0,2950,2925,2935.0,582
2016-12-20,2935.0,2930,2881,2890.0,1551
2016-12-21,2890.0,2890,2800,2800.0,2117
2016-12-22,2800.0,2830,2800,2820.0,2065
2016-12-26,2820.0,2850,2700,2700.0,5300
2016-12-27,2700.0,2720,2600,2680.0,7093
2016-12-28,2680.0,2700,2605,2651.0,6138
2016-12-29,2651.0,2916,2690,2800.0,20168
2017-01-01,2800.0,2900,2721,2748.0,10274
2017-01-02,2748.0,2755,2676,2720.0,4713
2017-01-03,2720.0,2695,2613,2615.0,8199
2017-01-04,2615.0,2708,2595,2670.0,10465
2017-01-05,2670.0,2700,2625,2650.0,6314
2017-01-08,2650.0,2665,2640,2654.0,11866
2017-01-09,2654.0,2785,2654,2773.0,10638
2017-01-10,2773.0,2900,2760,2880.0,11933
2017-01-11,2880.0,2904,2831,2850.0,8256
2017-01-12,2850.0,2879,2831,2840.0,5891
2017-01-15,2840.0,2840,2803,2805.0,6116
2017-01-16,2805.0,2805,2745,2750.0,2843
2017-01-17,2750.0,2740,2700,2720.0,5444
2017-01-18,2720.0,2759,2720,2740.0,5383
2017-01-19,2740.0,2759,2715,2739.0,4452
2017-01-22,2739.0,2750,2695,2699.0,3915
2017-01-23,2699.0,2715,2660,2660.0,4332
2017-01-24,2660.0,2649,2615,2621.0,5469
2017-01-25,2621.0,2601,2515,2515.0,9163
2017-01-26,2515.0,2538,2466,2500.0,6836
2017-01-30,2500.0,2470,2250,2255.0,12461
2017-01-31,2255.0,2349,2210,2295.0,9104
2017-02-01,2295.0,2400,2265,2400.0,5513
2017-02-02,2400.0,2480,2305,2375.0,16984
2017-02-05,2375.0,2360,2274,2335.0,6808
2017-02-06,2335.0,2335,2260,2285.0,3123
2017-02-07,2285.0,2330,2280,2295.0,9049
2017-02-08,2295.0,2290,2246,2253.0,5974
2017-02-09,2253.0,2295,2200,2200.0,9307
2017-02-12,2200.0,2200,2090,2090.0,9728
2017-02-13,2090.0,2193,2060,2193.0,8933
2017-02-14,2193.0,2200,2093,2093.0,6126
2017-02-15,2093.0,2215,2110,2215.0,7719
2017-02-16,2215.0,2302,2170,2270.0,10020
2017-02-19,2270.0,2356,2135,2350.0,13537
2017-02-20,2350.0,2409,2255,2335.0,17969
2017-02-21,2335.0,2381,2261,2280.0,8024
2017-02-22,2280.0,2300,2241,2251.0,3311
2017-02-23,2251.0,2270,2201,2245.0,3139
2017-02-26,2245.0,2250,2180,2187.0,3502
2017-02-28,2187.0,2219,2160,2165.0,4322
2017-03-01,2165.0,2279,2194,2265.0,10191
2017-03-02,2265.0,2325,2282,2309.0,11733
2017-03-05,2309.0,2444,2340,2415.0,14755
2017-03-06,2415.0,2485,2412,2432.0,12150
2017-03-07,2432.0,2450,2330,2420.0,11856
2017-03-09,2420.0,2448,2403,2415.0,24084
2017-03-13,1932.0,2035,1969,2030.0,9353
2017-03-14,2030.0,2090,2046,2059.0,7528
2017-03-15,2059.0,2068,2030,2045.0,3825
2017-03-16,2045.0,2065,2046,2056.0,5120
2017-03-19,2056.0,2190,2060,2186.0,13017
2017-03-20,2186.0,2370,2225,2370.0,13605
2017-03-21,2370.0,2430,2310,2350.0,23063
2017-03-22,2350.0,2390,2320,2350.0,11964
2017-03-23,2350.0,2350,2303,2340.0,4342
2017-03-26,2340.0,2419,2350,2372.0,7327
2017-03-28,2372.0,2550,2395,2550.0,11843
2017-03-29,2550.0,2645,2465,2500.0,15641
2017-03-30,2500.0,2601,2450,2523.0,7619
2017-04-02,2523.0,2775,2573,2729.0,17676
2017-04-03,2729.0,2800,2551,2576.0,16369
2017-04-04,2576.0,2600,2500,2555.0,9091
2017-04-06,2555.0,2594,2500,2500.0,6822
2017-04-09,2500.0,2550,2453,2474.0,7830
2017-04-10,2474.0,2550,2441,2550.0,8654
2017-04-11,2550.0,2600,2503,2545.0,9153
2017-04-12,2545.0,2595,2481,2490.0,10475
2017-04-13,2490.0,2505,2360,2490.0,10173
2017-04-16,2490.0,2530,2390,2393.0,6280
2017-04-18,2393.0,2400,2350,2390.0,5828
2017-04-19,2390.0,2405,2385,2390.0,2675
2017-04-20,2390.0,2415,2360,2380.0,5890
2017-04-23,2380.0,2520,2427,2445.0,9351
2017-04-24,2445.0,2490,2350,2390.0,6406
2017-04-25,2390.0,2400,2350,2350.0,4558
2017-04-26,2350.0,2375,2262,2280.0,28636
2017-04-27,2280.0,2320,2222,2281.0,22385
2017-04-30,2281.0,2300,2240,2245.0,20367
2017-05-02,2245.0,2314,2245,2295.0,18831
2017-05-03,2295.0,2350,2300,2340.0,18514
2017-05-04,2340.0,2350,2310,2330.0,15420
2017-05-07,2330.0,2339,2276,2294.0,10175
2017-05-08,2294.0,2327,2276,2290.0,12633
2017-05-09,2290.0,2312,2275,2300.0,9708
2017-05-11,2300.0,2300,2270,2283.0,14523
2017-05-15,2283.0,2327,2280,2285.0,9392
2017-05-16,2285.0,2290,2270,2276.0,7315
2017-05-17,2276.0,2280,2232,2270.0,7190
2017-05-18,2270.0,2273,2248,2264.0,18897
2017-05-21,2264.0,2260,2210,2211.0,10689
2017-05-22,2211.0,2215,2190,2196.0,7058
2017-06-01,2154.0,2179,2135,2168.0,6729
2017-06-04,2168.0,2175,2138,2141.0,7434
2017-06-05,2141.0,2160,2115,2122.0,12209
2017-06-06,2122.0,2230,2130,2165.0,15825
2017-06-07,2165.0,2194,2160,2172.0,8149
2017-06-08,2172.0,2160,2135,2155.0,13244
2017-06-11,2155.0,2180,2120,2121.0,11598
2017-06-12,2121.0,2130,2081,2099.0,16991
2017-06-13,2099.0,2120,2090,2102.0,8651
2017-06-14,2102.0,2105,2085,2100.0,6525
2017-06-15,2100.0,2142,2070,2109.0,9712
2017-06-18,2109.0,2114,2075,2090.0,8011
2017-06-19,2090.0,2090,2052,2072.0,4714
2017-06-20,2072.0,2080,2040,2047.0,11480
2017-06-21,2047.0,2060,2035,2051.0,6565
2017-06-22,2051.0,2075,2021,2045.0,4845
2017-06-25,2045.0,2072,2030,2070.0,9391
2017-06-27,2070.0,2075,2040,2075.0,7437
2017-06-28,2075.0,2059,2045,2045.0,7450
2017-07-02,2045.0,2010,1993,2005.0,25322
2017-07-03,2005.0,2025,1992,2025.0,17892
2017-07-04,2025.0,2011,2000,2000.0,11027
2017-07-05,2000.0,2050,1999,2049.0,23846
2017-07-06,2049.0,2180,2049,2170.0,26116
2017-07-09,2170.0,2260,2058,2178.0,42510
2017-07-10,2178.0,2185,2130,2141.0,17950
2017-07-11,2141.0,2178,2121,2160.0,22896
2017-07-12,2160.0,2176,2140,2164.0,12770
2017-07-13,2164.0,2200,2146,2148.0,21241
2017-07-16,2148.0,2160,2140,2150.0,10115
2017-07-17,2150.0,2169,2140,2168.0,16168
2017-07-18,2168.0,2284,2150,2273.0,41706
2017-07-19,2273.0,2310,2246,2272.0,31653
2017-07-20,2272.0,2293,2265,2272.0,26942
2017-07-23,2272.0,2337,2271,2302.0,29849
2017-07-24,2302.0,2335,2302,2311.0,27144
2017-07-25,2311.0,2335,2300,2310.0,14266
2017-07-26,2310.0,2340,2310,2330.0,19418
2017-07-27,2330.0,2340,2306,2312.0,16625
2017-07-30,2312.0,2325,2266,2300.0,16567
2017-07-31,2300.0,2315,2281,2297.0,18873
2017-08-01,2297.0,2305,2275,2275.0,12132
2017-08-02,2275.0,2301,2260,2275.0,13453
2017-08-03,2275.0,2290,2250,2265.0,22968
2017-08-06,2265.0,2270,2201,2231.0,17832
2017-08-07,2231.0,2239,2206,2236.0,18601
2017-08-09,2236.0,2248,2218,2225.0,17492
2017-08-10,2225.0,2234,2200,2215.0,17587
2017-08-13,2215.0,2227,2175,2179.0,18817
2017-08-15,2179.0,2186,2143,2150.0,16960
2017-08-16,2150.0,2190,2125,2159.0,8506
2017-08-17,2159.0,2165,2141,2150.0,22632
2017-08-20,2150.0,2160,2139,2143.0,7235
2017-08-21,2143.0,2150,2125,2130.0,12436
2017-08-22,2130.0,2150,2101,2127.0,17911
2017-08-23,2127.0,2140,2120,2128.0,7825
2017-08-24,2128.0,2150,2120,2135.0,4058
2017-08-27,2135.0,2160,2124,2127.0,8677
2017-08-28,2127.0,2145,2107,2119.0,27803
2017-08-30,2119.0,2120,2075,2090.0,17476
2017-08-31,2090.0,2090,2050,2060.0,13477
2017-09-04,2060.0,2080,2016,2040.0,14544
2017-09-06,2040.0,2080,2036,2050.0,16515
2017-09-07,2050.0,2085,2030,2032.0,8186
2017-09-10,2032.0,2040,1977,1985.0,18650
2017-09-11,1985.0,2020,1976,2005.0,15662
2017-09-12,2005.0,2000,1965,1970.0,18712
2017-09-13,1970.0,2000,1960,1969.0,11100
2017-09-14,1969.0,1995,1955,1989.0,15552
2017-09-17,1989.0,2024,1975,2006.0,19023
2017-09-18,2006.0,2025,1990,1992.0,13766
2017-09-20,1992.0,2010,1975,1990.0,7931
2017-09-24,1990.0,2002,1980,2000.0,6495
2017-09-25,2000.0,2010,1977,1996.0,5700
2017-09-26,1996.0,2005,1995,2000.0,6128
2017-10-03,2000.0,2014,1995,2002.0,1075
2017-10-04,2002.0,2014,1990,1990.0,9106
2017-10-08,1990.0,1980,1921,1943.0,7372
2017-10-09,1943.0,1960,1936,1950.0,6186
2017-10-10,1950.0,1970,1935,1970.0,5339
2017-10-11,1970.0,1975,1956,1972.0,4082
2017-10-12,1972.0,1988,1967,1988.0,3984
2017-10-15,1988.0,1983,1964,1968.0,4556
2017-10-16,1968.0,2030,1970,2023.0,9150
2017-10-17,2023.0,2041,1990,2004.0,11113
2017-10-18,2004.0,2017,1990,2017.0,6159
2017-10-22,2017.0,2035,2008,2015.0,1655
2017-10-23,2015.0,2050,1990,1990.0,5513
2017-10-24,1990.0,2023,1986,1990.0,3135
2017-10-25,1990.0,2015,1964,1972.0,7602
2017-10-29,1972.0,1972,1958,1958.0,7303
2017-10-30,1958.0,1967,1950,1955.0,9347
2017-10-31,1955.0,1960,1940,1960.0,6825
2017-11-01,1960.0,1950,1933,1942.0,3521
2017-11-02,1942.0,1945,1923,1932.0,8694
2017-11-05,1932.0,1940,1890,1910.0,16688
2017-11-06,1910.0,1940,1881,1908.0,7112
2017-11-07,1908.0,1930,1895,1898.0,4816
2017-11-08,1898.0,1899,1850,1855.0,12414
2017-11-09,1855.0,1900,1831,1860.0,8640
2017-11-12,1860.0,1880,1855,1873.0,4174
2017-11-13,1873.0,1909,1881,1895.0,8788
2017-11-14,1895.0,1915,1889,1900.0,8384
2017-11-15,1900.0,1900,1875,1881.0,8393
2017-11-16,1881.0,1918,1890,1893.0,13699
2017-11-19,1893.0,1905,1870,1876.0,9192
2017-11-20,1876.0,1904,1884,1889.0,8911
2017-11-21,1889.0,1897,1881,1890.0,7008
2017-11-22,1890.0,1910,1890,1910.0,6578
2017-11-23,1910.0,1919,1900,1910.0,14064
2017-11-26,1910.0,1920,1907,1910.0,13031
2017-11-27,1910.0,1943,1909,1914.0,18829
2017-11-28,1914.0,1919,1900,1900.0,17432
2017-11-29,1900.0,1930,1900,1920.0,18346
2017-11-30,1920.0,1924,1900,1902.0,10952
2017-12-04,1902.0,1925,1890,1890.0,5454
2017-12-05,1890.0,1895,1880,1890.0,5499
2017-12-06,1890.0,1927,1890,1898.0,15298
2017-12-10,1898.0,1938,1892,1896.0,6458
2017-12-11,1896.0,1900,1884,1887.0,3888
2017-12-12,1887.0,1900,1878,1878.0,4067
2017-12-13,1878.0,1890,1867,1873.0,4584
2017-12-14,1873.0,1885,1866,1880.0,3179
2017-12-17,1880.0,1885,1854,1859.0,7122
2017-12-18,1859.0,1870,1850,1855.0,7649
2017-12-19,1855.0,1855,1846,1846.0,3963
2017-12-20,1846.0,1850,1834,1844.0,3470
2017-12-21,1844.0,1850,1819,1820.0,8235
2017-12-24,1820.0,1830,1800,1805.0,15280
2017-12-26,1805.0,1815,1775,1786.0,5711
2017-12-27,1786.0,1790,1740,1752.0,11093
2017-12-28,1752.0,1770,1731,1751.0,10139
2017-12-31,1751.0,1740,1710,1721.0,8093
2018-01-01,1721.0,1765,1727,1759.0,10701
2018-01-02,1759.0,1761,1725,1740.0,14371
2018-01-03,1740.0,1750,1720,1720.0,6135
2018-01-04,1720.0,1749,1719,1730.0,14709
2018-01-07,1730.0,1833,1750,1822.0,29515
2018-01-08,1822.0,1899,1822,1875.0,44240
2018-01-09,1875.0,1935,1870,1879.0,33629
2018-01-10,1879.0,1879,1818,1821.0,20995
2018-01-14,1821.0,1810,1785,1786.0,8503
2018-01-16,1786.0,1870,1755,1799.0,11681
2018-01-17,1799.0,1807,1771,1790.0,3523
2018-01-21,1790.0,1801,1777,1777.0,4566
2018-01-22,1777.0,1790,1772,1772.0,4004
2018-01-23,1772.0,1785,1760,1784.0,3915
2018-01-24,1784.0,1790,1752,1770.0,2697
2018-01-25,1770.0,1787,1752,1787.0,5208
2018-01-28,1787.0,1790,1775,1783.0,10157
2018-01-29,1783.0,1790,1760,1790.0,8420
2018-01-31,1790.0,1805,1772,1800.0,12346
2018-02-01,1800.0,1807,1790,1795.0,12673
2018-02-04,1795.0,1809,1780,1786.0,6757
2018-02-05,1786.0,1785,1760,1760.0,6366
2018-02-06,1760.0,1790,1760,1770.0,3639
2018-02-07,1770.0,1800,1755,1760.0,5222
2018-02-08,1760.0,1774,1750,1772.0,5713
2018-02-11,1772.0,1799,1771,1775.0,5402
2018-02-12,1775.0,1790,1760,1780.0,3513
2018-02-14,1780.0,1780,1769,1780.0,6807
2018-02-15,1780.0,1824,1785,1824.0,16723
2018-02-18,1824.0,1859,1790,1791.0,10168
2018-02-20,1791.0,1820,1768,1775.0,5142
2018-02-21,1775.0,1779,1760,1772.0,5174
2018-02-22,1772.0,1775,1760,1762.0,10141
2018-02-25,1762.0,1769,1753,1763.0,6252
2018-02-26,1763.0,1834,1775,1784.0,58624
2018-02-27,1784.0,1805,1780,1790.0,37488
2018-02-28,1790.0,1795,1770,1775.0,23815
2018-03-04,1775.0,1770,1716,1719.0,19666
2018-03-05,1719.0,1756,1707,1722.0,13716
2018-03-06,1722.0,1745,1695,1737.0,14783
2018-03-07,1737.0,1780,1730,1780.0,16443
2018-03-11,1780.0,1770,1710,1720.0,14587
2018-03-12,1720.0,1740,1712,1725.0,8586
2018-03-13,1725.0,1728,1719,1720.0,12871
2018-03-14,1720.0,1735,1706,1725.0,6097
2018-03-15,1725.0,1734,1723,1725.0,5405
2018-03-18,1725.0,1734,1720,1724.0,15278
2018-03-19,1724.0,1733,1705,1715.0,17936
2018-03-20,1715.0,1724,1676,1680.0,15928
2018-03-21,1680.0,1695,1613,1618.0,21234
2018-03-22,1618.0,1629,1550,1600.0,29839
2018-03-26,1600.0,1570,1529,1545.0,35774
2018-03-27,1545.0,1614,1477,1585.0,66436
2018-03-28,1116.0,1149,1072,1100.0,20701
2018-03-29,1100.0,1111,1092,1100.0,13637
2018-04-01,1100.0,1110,1035,1056.0,12778
2018-04-02,1056.0,1060,1040,1050.0,10088
2018-04-03,1050.0,1050,1025,1040.0,8133
2018-04-04,1040.0,1080,1048,1075.0,6687
2018-04-05,1075.0,1120,1080,1120.0,20534
2018-04-08,1120.0,1194,1120,1172.0,18891
2018-04-09,1172.0,1215,1160,1176.0,18592
2018-04-10,1176.0,1190,1156,1165.0,8285
2018-04-11,1165.0,1170,1144,1156.0,6941
2018-04-12,1156.0,1175,1150,1155.0,6778
2018-04-15,1155.0,1159,1127,1156.0,6084
2018-04-16,1156.0,1180,1151,1180.0,11100
2018-04-17,1180.0,1215,1186,1209.0,25734
2018-04-18,1209.0,1227,1190,1200.0,17273
2018-04-19,1200.0,1209,1190,1200.0,14460
2018-04-22,1200.0,1240,1205,1230.0,29712
2018-04-23,1230.0,1254,1200,1215.0,30002
2018-04-24,1215.0,1222,1185,1200.0,21906
2018-04-25,1200.0,1224,1180,1189.0,10745
2018-04-26,1189.0,1190,1160,1165.0,11725
2018-04-29,1165.0,1185,1140,1166.0,3457
2018-05-02,1166.0,1166,1153,1165.0,4002
2018-05-03,1165.0,1200,1160,1180.0,16037
2018-05-06,1180.0,1185,1160,1164.0,13273
2018-05-07,1164.0,1164,1146,1160.0,12737
2018-05-08,1160.0,1180,1155,1178.0,20714
2018-05-09,1178.0,1187,1164,1170.0,13244
2018-05-10,1170.0,1171,1161,1166.0,19108
2018-05-14,1166.0,1175,1160,1160.0,7480
2018-05-15,1160.0,1165,1154,1155.0,3650
2018-05-16,1155.0,1165,1150,1150.0,5503
2018-05-17,1150.0,1163,1150,1155.0,7062
2018-05-20,1155.0,1175,1158,1159.0,4510
2018-05-21,1159.0,1165,1146,1156.0,2461
2018-05-22,1156.0,1167,1150,1153.0,6341
2018-05-23,1153.0,1154,1145,1146.0,2028
2018-05-24,1146.0,1160,1141,1146.0,1907
2018-05-27,1146.0,1147,1125,1126.0,3567
2018-05-28,1126.0,1155,1110,1150.0,9520
2018-05-29,1150.0,1170,1140,1143.0,3826
2018-05-30,1143.0,1175,1141,1145.0,2997
2018-05-31,1145.0,1150,1128,1131.0,11368
2018-06-03,1131.0,1132,1080,1098.0,15490
2018-06-04,1098.0,1122,1070,1075.0,11276
2018-06-06,1075.0,1125,1096,1096.0,7135
2018-06-07,1096.0,1101,1062,1065.0,14101
2018-06-10,1065.0,1080,1030,1031.0,16240
2018-06-11,1031.0,1054,1010,1035.0,7335
2018-06-12,1035.0,1048,1015,1031.0,23114
2018-06-13,1031.0,1035,1012,1029.0,12941
2018-06-14,1029.0,1044,1022,1025.0,10065
2018-06-17,1025.0,1030,1010,1017.0,4576
2018-06-18,1017.0,1019,1003,1014.0,5741
2018-06-19,1014.0,1015,1006,1007.0,5671
2018-06-20,1007.0,1005,1000,1005.0,9066
2018-06-21,1005.0,1012,992,1007.0,3717
2018-06-24,1007.0,1027,1008,1014.0,3134
2018-06-25,1014.0,1014,1000,1003.0,3444
2018-06-26,1003.0,1010,996,1000.0,6322
2018-06-27,1000.0,1009,995,1000.0,5014
2018-06-28,1000.0,1010,990,997.0,4015
2018-07-01,997.0,1002,992,992.0,4983
2018-07-02,992.0,999,983,991.0,7743
2018-07-03,991.0,1005,987,994.0,2732
2018-07-04,994.0,1012,994,1008.0,5676
2018-07-05,1008.0,1043,1002,1042.0,8031
2018-07-08,1042.0,1070,1043,1044.0,15574
2018-07-09,1044.0,1048,1026,1031.0,8746
2018-07-10,1031.0,1040,1013,1025.0,7198
2018-07-11,1025.0,1063,1025,1025.0,5789
2018-07-12,1025.0,1035,1000,1000.0,10586
2018-07-15,1000.0,1028,1000,1025.0,3502
2018-07-16,1025.0,1050,1010,1050.0,6713
2018-07-17,1050.0,1063,1032,1036.0,8473
2018-07-18,1036.0,1052,1016,1022.0,5082
2018-07-19,1022.0,1030,1017,1020.0,4023
2018-07-22,1020.0,1020,1003,1015.0,5582
2018-07-23,1015.0,1020,1008,1016.0,3861
2018-07-24,1016.0,1034,1016,1025.0,2310
2018-07-25,1025.0,1025,1018,1018.0,4103
2018-07-26,1018.0,1020,1005,1010.0,8233
2018-07-29,1010.0,1025,1010,1015.0,5986
2018-07-30,1015.0,1015,1009,1009.0,4557
2018-07-31,1009.0,1015,1005,1005.0,4512
2018-08-01,1005.0,1016,1006,1012.0,6305
2018-08-02,1012.0,1014,1009,1011.0,2871
2018-08-05,1011.0,1015,1006,1012.0,2126
2018-08-06,1012.0,1030,1004,1005.0,8000
2018-08-07,1005.0,1012,1000,1002.0,5307
2018-08-08,1002.0,1007,996,1000.0,4298
2018-08-09,1000.0,1002,965,967.0,22509
2018-08-12,967.0,962,910,910.0,40611
2018-08-13,910.0,947,874,947.0,13127
2018-08-14,947.0,954,934,946.0,8502
2018-08-15,946.0,960,940,960.0,10372
2018-08-16,960.0,970,945,956.0,11452
2018-08-19,956.0,965,951,955.0,5331
2018-08-20,955.0,950,935,939.0,7304
2018-08-21,939.0,939,929,935.0,4875
2018-08-22,935.0,925,915,920.0,7196
2018-08-23,920.0,922,910,915.0,9456
2018-08-26,915.0,923,901,915.0,3428
2018-08-28,915.0,917,900,901.0,18104
2018-08-29,901.0,906,898,902.0,9344
2018-08-30,902.0,915,894,906.0,18482
2018-09-02,906.0,906,890,895.0,32446
2018-09-03,895.0,923,880,900.0,127183
2018-09-04,900.0,918,895,900.0,33203
2018-09-05,900.0,924,901,917.0,25809
2018-09-06,917.0,924,910,915.0,14480
2018-09-09,915.0,915,901,906.0,9134
2018-09-10,906.0,910,900,900.0,7592
2018-09-11,900.0,911,900,905.0,5818
2018-09-12,905.0,910,900,905.0,4479
2018-09-13,905.0,912,900,900.0,13792
2018-09-16,900.0,924,903,914.0,10647
2018-09-17,914.0,940,917,931.0,11962
2018-09-18,931.0,946,926,932.0,9834
2018-09-20,932.0,935,921,927.0,7283
2018-09-23,927.0,922,915,919.0,9722
2018-09-25,919.0,927,919,922.0,11641
2018-09-26,922.0,937,925,937.0,28378
2018-09-27,937.0,960,930,948.0,20619
2018-09-30,948.0,966,945,948.0,13117
2018-10-01,948.0,948,931,932.0,10489
2018-10-02,932.0,940,928,939.0,14217
2018-10-03,939.0,940,931,935.0,18889
2018-10-04,935.0,940,925,933.0,15400
2018-10-07,933.0,938,928,932.0,22158
2018-10-08,932.0,932,927,930.0,9819
2018-10-09,930.0,939,929,930.0,10297
2018-10-10,930.0,938,920,938.0,4540
2018-10-11,938.0,937,920,930.0,12594
2018-10-14,930.0,940,930,937.0,3065
2018-10-15,937.0,940,931,931.0,3722
2018-10-21,931.0,940,935,936.0,255
2018-10-22,936.0,938,932,932.0,2758
2018-10-23,932.0,934,930,931.0,2653
2018-10-24,931.0,941,930,935.0,4606
2018-10-25,935.0,938,933,934.0,2064
2018-10-28,934.0,930,920,922.0,4171
2018-10-29,922.0,929,912,924.0,5469
2018-10-30,924.0,933,922,933.0,6729
2018-10-31,933.0,941,925,934.0,4390
2018-11-01,934.0,935,926,932.0,3419
2018-11-04,932.0,937,914,937.0,23510
2018-11-05,937.0,938,925,935.0,5662
2018-11-06,936.0,940,937,936.0,413
2018-11-07,937.0,940,937,0.0,23773
2018-11-10,936.0,940,937,936.0,413
2018-11-11,936.0,936,921,925.0,1191
2018-11-12,925.0,925,907,0.0,3359
2018-11-13,910.0,933,900,930.0,7795
2018-11-14,930.0,932,921,927.0,3072
2018-11-15,927.0,939,925,930.0,4815
2018-11-18,930.0,930,912,920.0,6076
2018-11-19,920.0,926,915,925.0,4317
2018-11-20,925.0,927,914,921.0,4291
2018-11-21,921.0,927,914,925.0,9089
2018-11-22,925.0,927,914,914.89,3229
2018-11-25,914.89,920,909,916.5,6899
2018-11-26,916.5,920,914,917.02,10485
2018-11-27,917.02,920,915,917.0,8291
2018-11-28,917.0,920,912,918.84,12968
2018-11-29,918.84,921,911,916.0,21174
2018-12-02,916.0,920,905,913.0,32334
2018-12-03,913.0,913,901,910.0,11714
2018-12-04,910.0,918,906,915.0,14225
2018-12-05,915.0,915,901,905.0,11193
2018-12-06,905.0,906,888,904.0,11821
2018-12-09,904.0,910,899,907.0,14941
2018-12-10,907.0,930,901,925.0,18202
2018-12-11,925.0,926,911,922.0,18489
2018-12-12,922.0,928,920,926.0,15533
2018-12-13,926.0,934,925,930.0,10087
2018-12-16,930.0,945,930,937.0,10653
2018-12-17,937.0,960,937,951.0,12916
2018-12-18,951.0,963,941,953.0,13428
2018-12-19,953.0,960,940,955.0,37120
2018-12-20,955.0,969,955,960.0,6399
2018-12-23,960.0,995,960,995.0,17856
2018-12-24,995.0,1016,980,1007.0,23560
2018-12-25,1007.0,1007,999,1005.0,9188
2018-12-26,1005.0,1105,1005,1100.0,23927
2018-12-27,1100.0,1174,1100,1155.0,128682
2018-12-30,1155.0,1170,1136,1141.0,33382
2018-12-31,1141.0,1141,1102,1103.0,20732
2019-01-01,1103.0,1132,1102,1109.0,10868
2019-01-02,1109.0,1110,1093,1093.0,12927
2019-01-03,1093.0,1115,1077,1090.0,12388
2019-01-06,1090.0,1100,1084,1088.0,10089
2019-01-07,1088.0,1109,1088,1102.0,13752
2019-01-08,1102.0,1107,1095,1098.0,7497
2019-01-09,1098.0,1110,1093,1100.0,12067
2019-01-10,1100.0,1104,1091,1099.0,11524
2019-01-13,1099.0,1105,1085,1100.0,14601
2019-01-14,1100.0,1105,1088,1104.0,4326
2019-01-15,1104.0,1140,1096,1140.0,16269
2019-01-16,1140.0,1150,1120,1129.0,9966
2019-01-17,1129.0,1135,1111,1120.0,4242
2019-01-20,1120.0,1120,1113,1114.0,1901
2019-01-21,1114.0,1117,1092,1096.0,7445
2019-01-22,1096.0,1105,1076,1105.0,5762
2019-01-23,1105.0,1107,1090,1092.0,5202
2019-01-24,1092.0,1103,1092,1100.0,5704
2019-01-27,1100.0,1100,1083,1090.0,8703
2019-01-28,1090.0,1097,1076,1095.0,3938
2019-01-29,1095.0,1096,1085,1093.0,3816
2019-01-30,1093.0,1095,1082,1092.0,3615
2019-01-31,1092.0,1099,1085,1088.0,5905
2019-02-03,1088.0,1103,1080,1088.0,6725
2019-02-04,1088.0,1088,1070,1075.0,7890
2019-02-05,1075.0,1075,1064,1071.0,4385
2019-02-06,1071.0,1071,1060,1062.0,6809
2019-02-07,1062.0,1062,1047,1055.0,7064
2019-02-10,1055.0,1055,1020,1022.0,9037
2019-02-11,1022.0,1037,1018,1025.0,7810
2019-02-12,1025.0,1033,1015,1025.0,6611
2019-02-13,1025.0,1035,1017,1019.0,8012
2019-02-14,1019.0,1020,1002,1010.0,7221
2019-02-17,1010.0,1022,1001,1001.0,4565
2019-02-18,1001.0,1010,993,1009.0,3452
2019-02-19,1009.0,1040,1002,1040.0,5673
2019-02-20,1040.0,1055,1007,1010.0,4584
2019-02-21,1010.0,1015,1000,1010.0,2974
2019-02-24,1010.0,1010,990,1000.0,8145
2019-02-25,1000.0,1015,995,1010.0,3663
2019-02-26,1010.0,1020,1001,1010.0,3900
2019-02-27,1010.0,1017,1005,1015.0,3806
2019-03-03,1015.0,1075,1015,1050.0,25277
2019-03-05,1050.0,1060,1049,1056.0,17797
2019-03-06,1056.0,1081,1050,1078.0,10942
2019-03-07,1078.0,1120,1078,1110.0,18107
2019-03-10,1110.0,1121,1090,1120.0,10779
2019-03-11,1120.0,1125,1112,1116.0,25938
2019-03-12,1116.0,1133,1114,1124.0,18654
2019-03-13,1124.0,1129,1100,1108.0,16691
2019-03-14,1108.0,1113,1095,1108.0,11790
2019-03-17,1108.0,1120,1108,1113.0,12300
2019-03-18,1113.0,1110,1098,1098.0,9130
2019-03-19,1098.0,1110,1093,1097.0,4150
2019-03-21,1097.0,1098,1073,1073.0,18867
2019-03-24,1073.0,1086,1062,1072.0,7858
2019-03-25,1072.0,1085,1062,1083.0,7690
2019-03-26,1083.0,1090,1074,1087.0,3742
2019-03-27,1087.0,1100,1089,1095.0,6369
2019-03-28,1095.0,1101,1090,1099.0,9091
2019-03-31,1099.0,1108,1091,1093.0,5586
2019-04-01,1093.0,1099,1090,1093.0,5740
2019-04-02,1093.0,1103,1090,1099.0,8426
2019-04-03,1099.0,1103,1090,1095.0,8815
2019-04-04,1095.0,1099,1086,1089.0,4311
2019-04-07,1089.0,1095,1085,1093.0,4934
2019-04-08,1093.0,1119,1093,1109.0,13827
2019-04-09,1109.0,1125,1095,1104.0,8861
2019-04-10,1104.0,1105,1095,1096.0,6144
2019-04-11,1096.0,1103,1090,1095.0,5540
2019-04-15,1095.0,1100,1090,1096.0,6677
2019-04-16,1096.0,1105,1094,1105.0,11774
2019-04-17,1105.0,1122,1100,1110.0,16108
2019-04-18,1110.0,1119,1102,1110.0,7697
2019-04-21,1110.0,1125,1110,1120.0,10558
2019-04-22,1120.0,1162,1127,1148.0,19890
2019-04-23,1148.0,1152,1130,1140.0,14085
2019-04-24,1140.0,1152,1131,1140.0,5655
2019-04-25,1140.0,1155,1140,1145.0,27259
2019-04-28,1145.0,1259,1160,1259.0,37686
2019-04-29,1259.0,1373,1260,1316.0,112191
2019-04-30,1316.0,1329,1269,1271.0,124075
2019-05-02,1016.8,1035,993,1003.0,26598
2019-05-05,1003.0,996,980,981.0,15545
2019-05-06,981.0,988,966,985.0,13232
2019-05-07,985.0,1001,983,984.0,8342
2019-05-08,984.0,987,976,981.0,7120
2019-05-09,981.0,980,970,971.0,16805
2019-05-12,971.0,980,952,958.0,6698
2019-05-13,958.0,976,960,960.0,9841
2019-05-14,960.0,977,959,963.0,10121
2019-05-15,963.0,968,961,962.0,17613
2019-05-16,962.0,970,960,962.0,12010
2019-05-19,962.0,977,950,955.0,10327
2019-05-20,955.0,952,936,936.0,12972
2019-05-21,936.0,938,930,933.0,13065
2019-05-22,933.0,943,930,940.0,6100
2019-05-23,940.0,945,936,940.0,9155
2019-05-26,940.0,940,932,935.0,11354
2019-05-27,935.0,932,925,928.0,5982
2019-05-28,928.0,927,915,924.0,7802
2019-05-29,924.0,933,920,921.0,9904
2019-05-30,921.0,984,935,935.0,15433
2019-06-02,935.0,950,930,935.0,7401
2019-06-03,935.0,953,925,928.0,7229
2019-06-04,928.0,930,914,924.0,10836
2019-06-06,924.0,925,920,920.0,4409
2019-06-10,920.0,938,918,920.0,7200
2019-06-11,920.0,922,911,912.0,7904
2019-06-12,912.0,918,906,912.0,4157
2019-06-13,912.0,917,900,912.0,5329
2019-06-16,912.0,912,906,907.0,4603
2019-06-17,907.0,909,901,904.0,3827
2019-06-18,904.0,910,903,903.0,3288
2019-06-19,903.0,909,895,897.0,14130
2019-06-24,892.0,897,892,894.0,3635
2019-06-25,894.0,896,890,896.0,4316
2019-06-26,896.0,897,890,892.0,6308
2019-06-27,892.0,895,887,887.0,6102
2019-06-30,887.0,895,873,875.0,6837
2019-07-01,875.0,884,870,876.0,4567
2019-07-02,876.0,888,880,887.0,4272
2019-07-03,887.0,914,890,902.0,5286
2019-07-04,902.0,904,895,895.0,5987
2019-07-07,895.0,900,888,889.0,4646
2019-07-08,889.0,889,881,881.0,5206
2019-07-09,881.0,894,881,893.0,18863
2019-07-10,893.0,897,885,891.0,9488
2019-07-11,891.0,895,889,889.0,16333
2019-07-14,889.0,900,889,896.0,18773
2019-07-15,896.0,897,890,893.0,26244
2019-07-16,893.0,937,886,901.0,3553
2019-07-17,901.0,910,898,900.0,32820
2019-07-18,900.0,908,895,895.0,27437
2019-07-21,895.0,900,885,890.0,16475
2019-07-22,890.0,893,885,890.0,26717
2019-07-23,890.0,900,887,890.0,19439
2019-07-24,890.0,892,887,887.0,29155
2019-07-25,887.0,898,885,885.0,12606
2019-07-28,885.0,885,876,879.0,7972
2019-07-29,879.0,884,873,874.0,15445
2019-07-30,874.0,880,872,873.0,14263
2019-07-31,873.0,880,870,878.0,3833
2019-08-01,878.0,882,870,880.0,8433
2019-08-04,880.0,885,875,876.0,6193
2019-08-05,876.0,879,874,876.0,6053
2019-08-06,876.0,878,869,875.0,5057
2019-08-07,875.0,876,860,875.0,17642
2019-08-08,875.0,878,865,873.0,3303
2019-08-11,873.0,875,870,871.0,12327
2019-08-12,871.0,875,871,875.0,5143
2019-08-13,875.0,889,870,875.0,5663
2019-08-14,875.0,873,869,870.0,1830
2019-08-15,870.0,877,868,877.0,11632
2019-08-18,877.0,880,867,868.0,4265
2019-08-19,868.0,870,865,869.0,2711
2019-08-20,869.0,871,861,865.0,5176
2019-08-21,865.0,869,860,864.0,1655
2019-08-22,864.0,874,857,864.0,1464
2019-08-25,864.0,865,853,853.0,3569
2019-08-26,853.0,853,840,843.0,11009
2019-08-27,843.0,852,840,843.0,7437
2019-08-28,843.0,854,835,837.0,7167
2019-08-29,837.0,835,828,829.0,17927
2019-09-01,829.0,827,806,808.0,24157
2019-09-02,808.0,810,797,797.0,31197
2019-09-03,797.0,820,781,810.0,27921
2019-09-04,810.0,816,802,810.0,17452
2019-09-05,810.0,812,806,808.0,18782
2019-09-08,808.0,812,798,800.0,14142
2019-09-09,800.0,803,793,799.0,13415
2019-09-10,799.0,798,790,790.0,13661
2019-09-11,790.0,796,781,787.0,16479
2019-09-12,787.0,788,779,780.0,11378
2019-09-15,780.0,785,764,769.0,23622
2019-09-16,769.0,770,755,759.0,14795
2019-09-17,759.0,779,758,762.0,36898
2019-09-18,762.0,789,765,775.0,28230
2019-09-19,775.0,790,763,766.0,19769
2019-09-22,766.0,766,751,759.0,13429
2019-09-23,759.0,766,755,760.0,10963
2019-09-24,760.0,761,755,757.0,5440
2019-09-25,757.0,761,753,753.0,7894
2019-09-26,753.0,763,753,756.0,8311
2019-09-29,756.0,755,750,751.0,16367
2019-09-30,751.0,768,749,768.0,9165
2019-10-01,768.0,782,762,765.0,8827
2019-10-02,765.0,770,755,758.0,5153
2019-10-03,758.0,770,760,770.0,4248
2019-10-10,770.0,774,762,765.0,955
2019-10-14,765.0,771,758,760.0,11674
2019-10-15,760.0,765,762,765.0,3094
2019-10-16,765.0,775,761,770.0,14519
2019-10-17,770.0,776,769,776.0,6836
2019-10-20,776.0,777,772,773.0,6456
2019-10-21,773.0,780,773,776.0,7750
2019-10-22,776.0,780,765,780.0,4912
2019-10-23,780.0,800,778,796.0,6227
2019-10-24,796.0,807,796,800.0,7529
2019-10-31,800.0,809,796,802.0,3323
2019-11-03,802.0,805,799,803.0,6050
2019-11-04,803.0,800,783,800.0,3433
2019-11-05,800.0,800,795,795.0,3608
2019-11-06,795.0,796,789,796.0,3247
2019-11-07,796.0,795,785,790.0,5581
2019-11-10,790.0,785,776,781.0,4420
2019-11-11,781.0,794,782,794.0,4140
2019-11-12,794.0,802,782,800.0,6144
2019-11-13,800.0,816,787,790.0,6629
2019-11-14,790.0,798,783,798.0,9250
2019-11-17,798.0,794,784,789.0,6474
2019-11-18,789.0,794,785,794.0,5790
2019-11-19,794.0,795,790,792.0,3332
2019-11-20,792.0,807,785,794.0,9701
2019-11-21,794.0,800,781,785.0,5408
2019-11-24,785.0,785,779,785.0,6828
2019-11-25,785.0,788,776,787.0,2247
2019-11-26,787.0,790,782,786.0,9470
2019-11-27,786.0,801,782,796.0,3765
2019-11-28,796.0,810,795,804.0,12609
2019-12-01,804.0,846,800,842.0,17447
2019-12-02,842.0,850,816,832.0,16366
2019-12-03,832.0,859,832,842.0,16508
2019-12-04,842.0,897,842,868.0,32514
2019-12-05,868.0,898,863,890.0,39555
2019-12-08,890.0,895,865,886.0,14669
2019-12-09,886.0,893,880,885.0,13219
2019-12-10,885.0,890,877,881.0,11616
2019-12-11,881.0,891,879,885.0,9989
2019-12-12,885.0,929,880,915.0,41028
2019-12-15,915.0,923,885,902.0,25650
2019-12-16,902.0,906,885,886.0,13637
2019-12-17,886.0,902,875,884.0,17046
2019-12-18,884.0,901,877,881.0,9920
2019-12-19,881.0,895,875,877.0,20137
2019-12-22,877.0,883,873,875.0,7043
2019-12-23,875.0,899,870,890.0,15276
2019-12-24,890.0,901,885,885.0,17706
2019-12-25,885.0,925,886,913.0,36868
2019-12-26,913.0,926,901,918.0,25929
2019-12-29,918.0,945,923,937.0,51779
2019-12-30,937.0,983,900,980.0,104448
2019-12-31,980.0,996,965,974.0,63135
2020-01-01,974.0,980,960,960.0,27357
2020-01-02,960.0,974,946,950.0,32691
2020-01-05,950.0,976,950,965.0,31646
2020-01-06,965.0,980,962,966.0,25752
2020-01-07,966.0,970,955,960.0,21900
2020-01-08,960.0,970,959,961.0,20662
2020-01-09,961.0,968,959,960.0,15053
2020-01-12,960.0,1008,967,1005.0,59247
2020-01-13,1005.0,1040,1000,1001.0,58758
2020-01-14,1001.0,1011,987,1000.0,29985
2020-01-15,1000.0,1009,998,1008.0,25793
2020-01-16,1008.0,1044,1010,1039.0,46833
2020-01-19,1039.0,1107,1050,1090.0,80919
2020-01-20,1090.0,1105,1051,1065.0,86266
2020-01-21,1065.0,1075,1047,1060.0,58566
2020-01-22,1060.0,1080,1052,1070.0,54670
2020-01-23,1070.0,1125,1067,1100.0,166399
2020-01-26,1100.0,1108,1090,1093.0,58739
2020-01-27,1093.0,1119,1080,1117.0,73672
2020-01-28,1117.0,1154,1125,1137.0,61263
2020-01-29,1137.0,1150,1124,1134.0,43114
2020-01-30,1134.0,1149,1124,1133.0,60862
2020-02-02,1133.0,1155,1126,1133.0,53344
2020-02-03,1133.0,1135,1118,1128.0,34450
2020-02-04,1128.0,1132,1110,1113.0,40314
2020-02-05,1113.0,1130,1111,1118.0,22860
2020-02-06,1118.0,1132,1118,1125.0,34281
2020-02-09,1125.0,1127,1109,1114.0,22026
2020-02-10,1114.0,1124,1106,1115.0,17105
2020-02-11,1115.0,1137,1118,1122.0,30670
2020-02-12,1122.0,1135,1120,1124.0,31481
2020-02-13,1124.0,1140,1125,1130.0,36617
2020-02-16,1130.0,1175,1134,1175.0,81834
2020-02-17,1175.0,1229,1183,1203.0,74933
2020-02-18,1203.0,1219,1183,1195.0,58094
2020-02-19,1195.0,1214,1183,1186.0,31046
2020-02-20,1186.0,1260,1198,1240.0,99355
2020-02-23,1240.0,1309,1190,1290.0,91641
2020-02-24,1290.0,1313,1280,1294.0,81986
2020-02-25,1294.0,1400,1255,1390.0,108070
2020-02-26,1390.0,1499,1395,1494.0,150286
2020-02-27,1494.0,1510,1416,1463.0,196510
2020-03-01,1463.0,1470,1392,1400.0,172827
2020-03-02,1400.0,1394,1274,1279.0,116561
2020-03-03,1279.0,1362,1220,1308.0,313761
2020-03-04,1308.0,1330,1243,1250.0,210074
2020-03-05,1250.0,1268,1226,1251.0,304048
2020-03-10,1251.0,1250,1148,1148.0,71256
2020-03-11,1148.0,1225,1150,1210.0,197341
2020-03-12,1210.0,1230,1175,1187.0,165387
2020-03-15,1187.0,1185,1100,1100.0,152892
2020-03-16,1100.0,1124,1063,1102.0,140064
2020-03-17,1102.0,1114,1050,1057.0,69624
2020-03-18,1057.0,1064,1005,1032.0,90811
2020-03-19,1032.0,1070,984,1059.0,109432
2020-03-22,1059.0,1079,999,1054.0,27607
2020-05-12,1054.0,1033,1023,1023.0,340
2020-05-13,1023.0,1003,993,993.0,70
2020-06-29,993.0,1092,906,1070.0,36309
2020-06-30,1070.0,1177,1089,1177.0,30340
2020-07-01,1177.0,1270,1200,1260.0,54038
2020-07-02,1260.0,1285,1134,1137.0,50905
2020-07-05,1137.0,1202,1122,1180.0,87712
2020-07-06,1180.0,1209,1165,1208.0,65345
2020-07-07,1208.0,1240,1210,1223.0,70100
2020-07-08,1223.0,1240,1190,1212.0,58640
2020-07-12,1228.0,1280,1240,1276.0,127300
2020-07-13,1276.0,1300,1261,1265.0,74537
2020-07-14,1265.0,1282,1260,1267.0,39541
2020-07-16,1260.0,1281,1265,1274.0,28211
2020-07-19,1274.0,1401,1299,1401.0,820
2020-07-20,1401.0,1470,1288,1334.0,114881
2020-07-21,1334.0,1350,1313,1327.0,76952
2020-07-22,1327.0,1350,1318,1320.0,74654
2020-07-23,1320.0,1349,1300,1342.0,77028
2020-07-26,1342.0,1409,1364,1399.0,185964
2020-07-27,1399.0,1434,1372,1377.0,125271
2020-07-28,1377.0,1399,1366,1370.0,72067
2020-07-29,1370.0,1369,1341,1343.0,79722
2020-07-30,1343.0,1360,1326,1350.0,66693
2020-08-02,1350.0,1350,1311,1323.0,109650
2020-08-03,1323.0,1339,1300,1328.0,47778
2020-08-06,1307.0,1321,1300,1320.0,65270
2020-08-09,1320.0,1346,1295,1343.0,54667
2020-08-10,1343.0,1370,1334,1367.0,89015
2020-08-11,1367.0,1379,1342,1359.0,61720
2020-08-12,1359.0,1361,1345,1354.0,35311
2020-08-13,1354.0,1421,1335,1341.0,55013
2020-08-16,1341.0,1349,1315,1330.0,55897
2020-08-17,1330.0,1350,1324,1350.0,33962
2020-08-18,1350.0,1366,1345,1360.0,61934
2020-08-19,1360.0,1354,1327,1338.0,42059
2020-08-20,1338.0,1349,1325,1345.0,9757
2020-08-23,1345.0,1377,1335,1362.0,42164
2020-08-24,1362.0,1391,1362,1384.0,88254
2020-08-25,1384.0,1390,1375,1379.0,58603
2020-08-26,1379.0,1392,1360,1362.0,91039
2020-08-27,1362.0,1390,1361,1372.0,53730
2020-08-31,1366.0,1407,1360,1395.0,121081
2020-09-02,1395.0,1420,1378,1385.0,112873
2020-09-03,1385.0,1403,1373,1375.0,57038
2020-09-06,1375.0,1443,1350,1374.0,50927
2020-09-07,1374.0,1384,1360,1361.0,60251
2020-09-08,1361.0,1375,1340,1369.0,36413
2020-09-09,1369.0,1390,1373,1380.0,57481
2020-09-10,1380.0,1420,1383,1393.0,65266
2020-09-13,1393.0,1424,1390,1424.0,137096
2020-09-14,1424.0,1460,1416,1417.0,87374
2020-09-15,1417.0,1424,1403,1410.0,50792
2020-09-16,1410.0,1410,1395,1404.0,46089
2020-09-17,1404.0,1416,1392,1406.0,54293
2020-09-20,1406.0,1476,1406,1406.0,33448
2020-09-21,1406.0,1418,1395,1399.0,35548
2020-09-22,1399.0,1404,1379,1379.0,44874
2020-09-23,1379.0,1390,1370,1387.0,28725
2020-09-24,1387.0,1394,1383,1387.0,23164
2020-09-27,1387.0,1400,1377,1379.0,26689
2020-09-28,1379.0,1380,1370,1372.0,36356
2020-09-29,1372.0,1380,1367,1370.0,23790
2020-09-30,1370.0,1371,1360,1365.0,33821
2020-10-01,1365.0,1380,1367,1375.0,35173
2020-10-04,1375.0,1393,1379,1380.0,29450
2020-10-05,1380.0,1383,1364,1364.0,25677
2020-10-06,1364.0,1389,1365,1368.0,37835
2020-10-07,1368.0,1400,1336,1368.0,47903
2020-10-08,1368.0,1436,1368,1371.0,31097
2020-10-11,1371.0,1405,1375,1386.0,72413
2020-10-12,1386.0,1399,1374,1374.0,27014
2020-10-13,1374.0,1379,1372,1374.0,19756
2020-10-14,1374.0,1387,1366,1373.0,35969
2020-10-15,1373.0,1385,1370,1374.0,39913
2020-10-18,1374.0,1373,1365,1368.0,11913
2020-10-19,1368.0,1375,1370,1370.0,12583
2020-10-20,1370.0,1389,1372,1376.0,8593
2020-10-21,1376.0,1399,1378,1389.0,19518
2020-10-22,1389.0,1400,1380,1396.0,28056
2020-10-28,1396.0,1415,1393,1415.0,29392
2020-10-29,1415.0,1485,1401,1414.0,24816
2020-11-01,1414.0,1425,1412,1416.0,24083
2020-11-02,1416.0,1420,1408,1408.0,23955
2020-11-03,1408.0,1417,1410,1412.0,19968
2020-11-04,1412.0,1415,1405,1408.0,14805
2020-11-05,1408.0,1412,1403,1409.0,30893
2020-11-08,1409.0,1440,1403,1422.0,47943
2020-11-09,1422.0,1441,1420,1421.0,72225
2020-11-10,1421.0,1531,1425,1496.0,160848
2020-11-11,1496.0,1545,1487,1512.0,100379
2020-11-12,1512.0,1541,1515,1519.0,116773
2020-11-18,1519.0,1627,1519,1620.0,163906
2020-11-19,1620.0,1698,1620,1672.0,156025
2020-11-22,1672.0,1734,1606,1635.0,178589
2020-11-23,1635.0,1716,1600,1607.0,143497
2020-11-24,1607.0,1670,1580,1652.0,111900
2020-11-25,1652.0,1699,1650,1683.0,107477
2020-11-26,1683.0,1710,1653,1665.0,130107
2020-11-29,1665.0,1700,1661,1695.0,157029
2020-11-30,1695.0,1864,1690,1855.0,215134
2020-12-01,1855.0,1965,1855,1910.0,176894
2020-12-02,1910.0,2000,1920,1997.0,156275
2020-12-03,1997.0,2060,1944,1955.0,151621
2020-12-06,1955.0,1938,1764,1764.0,240092
2020-12-07,1764.0,1900,1750,1895.0,259623
2020-12-08,1895.0,1958,1843,1877.0,164222
2020-12-09,1877.0,1914,1829,1834.0,109201
2020-12-10,1834.0,1921,1804,1900.0,198321
2020-12-13,1900.0,2045,1901,2035.0,336101
2020-12-14,2035.0,2238,2099,2238.0,339264
2020-12-15,2238.0,2394,2225,2265.0,229082
2020-12-16,2265.0,2280,2211,2242.0,142271
2020-12-17,2242.0,2270,2172,2195.0,250312
2020-12-20,2195.0,2215,2085,2103.0,501106
2020-12-21,2103.0,2150,2053,2138.0,348225
2020-12-22,2138.0,2351,2180,2351.0,375766
2020-12-23,2351.0,2586,2436,2443.0,567422
2020-12-24,2443.0,2550,2315,2340.0,254324
2020-12-27,2340.0,2360,2220,2224.0,302598
2020-12-28,2224.0,2250,2179,2224.0,156981
2020-12-29,2224.0,2265,2200,2200.0,85258
2020-12-30,2200.0,2249,2180,2247.0,124099
2020-12-31,2247.0,2314,2250,2295.0,161443
2021-01-03,2295.0,2449,2317,2416.0,211374
2021-01-04,2416.0,2500,2368,2400.0,167886
2021-01-05,2400.0,2417,2365,2388.0,108317
2021-01-06,2388.0,2507,2376,2384.0,89413
2021-01-07,2384.0,2410,2380,2383.0,96447
2021-01-10,2383.0,2399,2368,2374.0,82757
2021-01-11,2374.0,2399,2374,2380.0,52570
2021-01-12,2380.0,2420,2261,2414.0,64682
2021-01-13,2414.0,2460,2417,2436.0,61323
2021-01-17,2436.0,2480,2438,2463.0,60655
2021-01-18,2463.0,2500,2465,2465.0,65563
2021-01-19,2465.0,2701,2525,2689.0,351960
2021-01-20,2689.0,2936,2777,2885.0,216711
2021-01-21,2885.0,3000,2882,2908.0,181040
2021-01-24,2908.0,2999,2842,2849.0,232603
