date,open,high,low,adjclose,volume
2010-04-19,265.0,260,260,260.0,2987
2010-04-21,260.0,265,245,245.0,1920
2010-04-22,245.0,249,245,249.0,466
2010-04-25,249.0,246,242,242.0,331
2010-04-26,242.0,255,246,255.0,300
2010-04-27,255.0,250,242,242.0,1719
2010-04-28,242.0,248,240,248.0,1520
2010-04-29,248.0,265,250,265.0,700
2010-05-09,265.0,260,260,260.0,495
2010-05-10,260.0,260,255,260.0,1833
2010-05-11,260.0,280,260,280.0,2811
2010-05-12,280.0,298,280,287.0,1213
2010-05-13,287.0,297,282,282.0,1993
2010-05-17,282.0,277,272,272.0,344
2010-05-18,272.0,267,262,262.0,144
2010-05-19,262.0,272,267,272.0,99
2010-05-20,272.0,287,272,285.0,1157
2010-05-23,285.0,280,280,280.0,20
2010-05-24,280.0,287,285,285.0,371
2010-05-25,285.0,310,290,305.0,665
2010-05-26,305.0,310,300,306.0,1328
2010-05-30,306.0,324,312,324.0,204
2010-05-31,324.0,330,305,306.0,1265
2010-06-01,306.0,300,276,285.0,2743
2010-06-02,285.0,285,281,285.0,306
2010-06-03,285.0,295,290,295.0,700
2010-06-06,295.0,300,290,290.0,711
2010-06-07,290.0,290,285,290.0,300
2010-06-08,290.0,300,295,300.0,229
2010-06-09,300.0,306,297,298.0,774
2010-06-10,298.0,300,293,295.0,506
2010-06-13,295.0,290,272,277.0,2108
2010-06-14,277.0,272,271,271.0,2232
2010-06-16,271.0,281,276,280.0,645
2010-06-17,280.0,287,285,286.0,300
2010-06-20,286.0,287,287,287.0,100
2010-06-21,287.0,294,290,294.0,373
2010-06-22,294.0,295,290,295.0,484
2010-06-23,295.0,290,290,290.0,300
2010-06-24,290.0,290,275,275.0,956
2010-06-28,275.0,272,270,272.0,368
2010-06-29,272.0,276,270,276.0,450
2010-06-30,276.0,277,277,277.0,26
2010-07-01,277.0,287,282,287.0,210
2010-07-05,287.0,285,280,280.0,487
2010-07-06,280.0,285,285,285.0,55
2010-07-07,285.0,290,285,285.0,685
2010-07-08,285.0,285,280,281.0,1658
2010-07-11,281.0,281,278,278.0,200
2010-07-12,278.0,282,278,278.0,572
2010-07-13,278.0,273,273,273.0,132
2010-07-14,273.0,282,278,280.0,1238
2010-07-15,280.0,295,285,295.0,281
2010-07-18,295.0,290,290,290.0,300
2010-07-19,290.0,298,295,298.0,140
2010-07-20,298.0,301,298,301.0,144
2010-07-21,301.0,306,299,299.0,250
2010-07-22,299.0,304,285,289.0,2856
2010-07-25,289.0,286,281,286.0,551
2010-07-26,286.0,283,283,283.0,143
2010-07-27,283.0,288,285,285.0,690
2010-07-28,285.0,290,287,288.0,1950
2010-07-29,288.0,289,285,289.0,1899
2010-08-01,289.0,290,280,285.0,1388
2010-08-02,285.0,289,285,285.0,1249
2010-08-03,285.0,285,285,285.0,160
2010-08-04,285.0,281,280,280.0,115
2010-08-05,280.0,280,280,280.0,189
2010-08-08,280.0,280,280,280.0,200
2010-08-09,280.0,278,270,270.0,223
2010-08-10,270.0,271,270,271.0,216
2010-08-11,271.0,279,274,275.0,456
2010-08-12,275.0,280,275,280.0,1586
2010-08-15,280.0,280,280,280.0,132
2010-08-16,280.0,288,278,288.0,1208
2010-08-17,288.0,285,283,285.0,289
2010-08-18,285.0,285,280,280.0,154
2010-08-19,280.0,285,285,285.0,433
2010-08-22,285.0,285,275,280.0,172
2010-08-23,280.0,285,281,285.0,1790
2010-08-26,285.0,291,288,291.0,787
2010-08-29,291.0,296,291,291.0,425
2010-08-30,291.0,286,285,285.0,790
2010-08-31,285.0,285,280,285.0,882
2010-09-02,285.0,285,278,280.0,828
2010-09-05,280.0,275,265,265.0,664
2010-09-06,265.0,280,270,280.0,296
2010-09-07,280.0,285,270,270.0,4114
2010-09-08,270.0,276,270,276.0,7257
2010-09-09,276.0,280,278,280.0,1416
2010-09-12,280.0,285,280,280.0,871
2010-09-13,280.0,276,275,275.0,205
2010-09-14,275.0,279,276,276.0,2583
2010-09-15,276.0,276,276,276.0,155
2010-09-16,276.0,296,275,289.0,2580
2010-09-19,289.0,292,287,287.0,230
2010-09-20,287.0,287,282,285.0,1013
2010-09-21,285.0,283,280,280.0,1457
2010-09-23,280.0,285,270,270.0,7680
2010-09-28,270.0,248,245,248.0,365
2010-09-29,248.0,246,246,246.0,72
2010-09-30,246.0,251,247,251.0,2286
2010-10-03,251.0,260,255,260.0,791
2010-10-05,260.0,255,250,250.0,400
2010-10-06,250.0,245,245,245.0,180
2010-10-21,245.0,245,245,245.0,58
2010-10-24,245.0,246,242,242.0,1322
2010-10-31,242.0,250,245,248.0,859
2010-11-11,248.0,250,250,250.0,147
2010-11-14,250.0,255,253,255.0,163
2010-11-15,255.0,255,255,255.0,243
2010-11-16,255.0,266,260,266.0,203
2010-11-18,266.0,286,271,281.0,161
2010-11-21,281.0,276,271,271.0,917
2010-11-22,271.0,273,270,273.0,508
2010-11-23,273.0,278,277,278.0,110
2010-11-24,278.0,282,273,275.0,1149
2010-11-25,275.0,271,270,271.0,522
2010-11-28,271.0,270,268,268.0,492
2010-11-29,268.0,272,268,268.0,457
2010-12-02,268.0,268,265,265.0,760
2010-12-05,265.0,264,260,260.0,924
2010-12-06,260.0,260,250,250.0,1377
2010-12-07,250.0,254,246,249.0,763
2010-12-08,249.0,250,245,250.0,2038
2010-12-12,250.0,250,250,250.0,358
2010-12-13,250.0,255,250,250.0,687
2010-12-14,250.0,251,248,248.0,721
2010-12-15,248.0,247,246,246.0,200
2010-12-16,246.0,248,245,245.0,270
2010-12-20,245.0,242,240,241.0,937
2010-12-22,241.0,245,245,245.0,100
2010-12-26,245.0,260,249,260.0,1060
2010-12-27,260.0,269,260,269.0,530
2010-12-28,269.0,264,259,264.0,430
2010-12-29,264.0,264,260,263.0,306
2011-01-02,263.0,258,253,256.0,2092
2011-01-03,256.0,255,255,255.0,1026
2011-01-04,255.0,255,253,253.0,773
2011-01-05,253.0,264,250,264.0,842
2011-01-06,264.0,264,259,264.0,242
2011-01-09,264.0,262,255,255.0,469
2011-01-10,255.0,255,255,255.0,430
2011-01-11,255.0,270,255,270.0,1109
2011-01-12,270.0,265,256,256.0,245
2011-01-13,256.0,265,255,263.0,666
2011-01-16,263.0,266,265,266.0,315
2011-01-17,266.0,270,266,269.0,437
2011-01-18,269.0,270,265,269.0,847
2011-01-19,269.0,273,269,273.0,798
2011-01-20,273.0,278,269,278.0,1014
2011-01-23,278.0,275,273,275.0,912
2011-01-24,275.0,280,279,280.0,305
2011-02-01,280.0,290,285,286.0,406
2011-02-02,286.0,300,290,294.0,1616
2011-02-03,294.0,289,278,287.0,818
2011-02-06,287.0,295,277,295.0,1450
2011-02-07,295.0,305,294,294.0,160
2011-02-08,294.0,292,282,282.0,184
2011-02-09,282.0,280,261,265.0,2034
2011-02-10,265.0,266,261,265.0,731
2011-02-15,265.0,270,270,270.0,165
2011-02-17,270.0,283,270,283.0,810
2011-02-20,283.0,283,278,278.0,1019
2011-02-22,278.0,274,268,268.0,607
2011-02-23,268.0,267,265,266.0,445
2011-02-24,266.0,266,265,265.0,277
2011-02-28,265.0,270,258,258.0,537
2011-03-01,258.0,263,263,263.0,27
2011-03-03,263.0,268,260,260.0,613
2011-03-07,260.0,259,257,258.0,707
2011-03-09,258.0,260,260,260.0,100
2011-03-10,260.0,256,251,252.0,550
2011-03-14,252.0,250,244,244.0,562
2011-03-15,244.0,252,241,252.0,244
2011-03-16,252.0,248,248,248.0,1176
2011-03-17,248.0,251,244,251.0,1383
2011-03-20,251.0,251,247,250.0,599
2011-03-22,250.0,260,245,260.0,759
2011-03-23,260.0,255,254,254.0,344
2011-03-24,254.0,249,249,249.0,88
2011-03-27,249.0,245,245,245.0,636
2011-03-28,245.0,244,226,228.0,1951
2011-03-29,228.0,233,225,232.0,1017
2011-03-30,232.0,235,228,235.0,250
2011-03-31,235.0,231,231,231.0,1000
2011-04-04,231.0,227,225,226.0,190
2011-04-06,226.0,225,225,225.0,100
2011-04-07,225.0,229,225,229.0,753
2011-04-10,229.0,233,229,233.0,235
2011-04-11,233.0,233,229,233.0,356
2011-04-17,233.0,229,229,229.0,100
2011-04-19,229.0,225,215,215.0,1430
2011-04-20,215.0,215,211,211.0,1273
2011-04-21,211.0,215,211,211.0,64
2011-04-25,211.0,210,206,206.0,837
2011-04-26,206.0,210,198,198.0,306
2011-04-27,198.0,198,192,195.0,1039
2011-04-28,195.0,207,193,196.0,1481
2011-05-05,196.0,182,176,176.0,1066
2011-05-08,176.0,175,172,172.0,350
2011-05-09,172.0,174,169,172.0,1475
2011-05-10,172.0,181,175,178.0,735
2011-05-11,178.0,182,181,182.0,294
2011-05-16,182.0,185,185,185.0,7236
2011-05-18,185.0,190,188,190.0,171
2011-05-19,190.0,187,182,185.0,732
2011-05-23,185.0,194,188,192.0,196
2011-05-24,192.0,198,195,198.0,83
2011-05-25,198.0,217,201,217.0,335
2011-05-30,217.0,228,221,228.0,78
2011-05-31,228.0,224,212,212.0,1043
2011-06-01,212.0,224,208,224.0,521
2011-06-02,224.0,220,204,204.0,96
2011-06-05,204.0,200,190,190.0,259
2011-06-06,190.0,193,178,181.0,3223
2011-06-07,181.0,184,172,172.0,249
2011-06-08,172.0,175,158,161.0,1132
2011-06-09,161.0,167,159,160.0,1004
2011-06-12,160.0,160,150,150.0,3304
2011-06-13,150.0,159,145,145.0,1363
2011-06-14,145.0,147,135,135.0,2671
2011-06-15,135.0,135,129,129.0,3076
2011-06-16,129.0,141,130,141.0,817
2011-06-19,141.0,154,143,154.0,187
2011-06-20,154.0,169,157,169.0,4149
2011-06-21,169.0,185,172,185.0,793
2011-06-23,185.0,203,188,203.0,2417
2011-06-26,203.0,223,185,185.0,5727
2011-06-27,185.0,182,167,167.0,1162
2011-06-29,167.0,182,160,182.0,1448
2011-06-30,182.0,185,169,173.0,4805
2011-07-03,173.0,176,169,176.0,4582
2011-07-04,176.0,183,176,180.0,4344
2011-07-05,180.0,186,172,180.0,4554
2011-07-06,180.0,188,180,184.0,5823
2011-07-07,184.0,181,178,178.0,231
2011-07-10,178.0,184,179,183.0,2579
2011-07-11,183.0,183,175,183.0,6669
2011-07-12,183.0,194,186,190.0,2177
2011-07-13,190.0,206,193,198.0,4597
2011-07-14,198.0,201,192,195.0,2976
2011-07-17,195.0,198,198,198.0,69
2011-07-18,198.0,209,197,197.0,5931
2011-07-19,197.0,208,191,208.0,2235
2011-07-20,208.0,215,205,207.0,1929
2011-07-21,207.0,213,205,209.0,1365
2011-07-24,209.0,209,200,204.0,1027
2011-07-25,204.0,200,200,200.0,222
2011-07-26,200.0,197,190,190.0,1866
2011-07-27,190.0,196,193,196.0,1113
2011-07-28,196.0,199,196,199.0,730
2011-07-31,199.0,199,196,199.0,165
2011-08-01,199.0,196,193,196.0,719
2011-08-02,196.0,196,190,190.0,636
2011-08-03,190.0,192,190,190.0,389
2011-08-04,190.0,191,190,191.0,1177
2011-08-08,191.0,190,184,184.0,385
2011-08-09,184.0,183,175,183.0,2171
2011-08-10,183.0,186,180,183.0,749
2011-08-11,183.0,195,186,195.0,1396
2011-08-15,195.0,192,187,190.0,2010
2011-08-16,190.0,187,171,185.0,9864
2011-08-17,185.0,182,182,182.0,129
2011-08-18,182.0,188,185,188.0,179
2011-08-22,188.0,188,186,188.0,341
2011-08-23,188.0,188,185,188.0,5536
2011-08-24,188.0,188,185,188.0,5318
2011-08-25,188.0,185,182,182.0,5430
2011-08-28,182.0,180,177,178.0,337
2011-08-29,178.0,180,180,180.0,15
2011-08-30,180.0,186,183,185.0,801
2011-09-04,185.0,185,182,182.0,94
2011-09-05,182.0,182,180,180.0,1236
2011-09-06,180.0,179,174,174.0,241
2011-09-07,174.0,174,168,174.0,4265
2011-09-08,174.0,177,174,174.0,115
2011-09-12,174.0,177,173,177.0,204
2011-09-13,177.0,174,169,169.0,415
2011-09-14,169.0,169,166,169.0,1714
2011-09-18,169.0,166,163,164.0,1842
2011-09-19,164.0,167,165,166.0,830
2011-09-20,166.0,172,168,170.0,541
2011-09-21,170.0,178,173,178.0,660
2011-09-22,178.0,186,181,186.0,3603
2011-09-25,186.0,183,183,183.0,200
2011-09-26,183.0,182,182,182.0,34
2011-09-27,182.0,182,179,180.0,146
2011-09-29,180.0,180,180,180.0,70
2011-10-09,180.0,178,178,178.0,2000
2011-10-10,178.0,178,173,175.0,1299
2011-10-12,175.0,175,175,175.0,1586
2011-10-13,175.0,172,172,172.0,186
2011-10-16,172.0,170,164,170.0,6412
2011-10-17,170.0,170,170,170.0,17
2011-10-18,170.0,167,163,166.0,4351
2011-10-19,166.0,169,160,163.0,1819
2011-10-20,163.0,165,165,165.0,500
2011-10-23,165.0,165,162,162.0,1444
2011-10-24,162.0,162,160,162.0,425
2011-10-25,162.0,162,157,158.0,2079
2011-10-30,158.0,164,155,164.0,292
2011-10-31,164.0,167,164,167.0,3328
2011-11-02,167.0,183,170,183.0,2120
2011-11-03,183.0,181,169,169.0,2505
2011-11-06,169.0,173,169,172.0,4012
2011-11-08,172.0,178,169,169.0,1877
2011-11-09,169.0,172,169,170.0,640
2011-11-10,170.0,175,170,174.0,313
2011-11-13,174.0,174,174,174.0,34
2011-11-14,174.0,171,168,169.0,3869
2011-11-16,169.0,171,167,167.0,1415
2011-11-17,167.0,171,169,171.0,2016
2011-11-20,171.0,168,163,165.0,2018
2011-11-21,165.0,169,166,166.0,675
2011-11-22,166.0,167,167,167.0,200
2011-11-23,167.0,170,167,167.0,1971
2011-11-24,167.0,170,166,170.0,2645
2011-11-27,170.0,170,167,170.0,931
2011-11-28,170.0,170,170,170.0,100
2011-11-29,170.0,172,165,165.0,1260
2011-11-30,165.0,164,161,163.0,1600
2011-12-01,163.0,166,161,163.0,3402
2011-12-04,163.0,160,157,157.0,160
2011-12-05,157.0,163,160,163.0,214
2011-12-08,163.0,171,165,171.0,63
2011-12-11,171.0,168,165,165.0,93
2011-12-14,165.0,162,156,156.0,100243
2011-12-15,156.0,154,150,151.0,2189
2011-12-18,151.0,151,150,150.0,1390
2011-12-19,150.0,152,152,152.0,2140
2011-12-20,152.0,158,155,158.0,298
2011-12-21,158.0,161,158,161.0,66
2011-12-22,161.0,163,154,163.0,51093
2011-12-26,163.0,165,162,162.0,332
2011-12-27,162.0,159,156,156.0,50178
2011-12-28,156.0,156,154,154.0,470
2011-12-29,154.0,155,155,155.0,20
2012-01-01,155.0,155,155,155.0,100
2012-01-02,155.0,167,158,167.0,235
2012-01-03,167.0,179,167,167.0,2686
2012-01-04,167.0,164,164,164.0,50
2012-01-05,164.0,161,161,161.0,1250
2012-01-08,161.0,162,160,161.0,844
2012-01-09,161.0,163,158,161.0,3559
2012-01-10,161.0,167,163,163.0,414
2012-01-11,163.0,164,164,164.0,236
2012-01-12,164.0,161,155,157.0,937
2012-01-16,157.0,160,151,160.0,2376
2012-01-18,160.0,163,161,161.0,2603
2012-01-22,161.0,158,153,153.0,4227
2012-01-23,153.0,161,154,161.0,1628
2012-01-25,161.0,158,155,155.0,258
2012-01-26,155.0,153,153,153.0,553
2012-01-29,153.0,159,156,159.0,573
2012-02-01,159.0,156,152,156.0,1905
2012-02-02,156.0,158,152,155.0,725
2012-02-05,155.0,157,150,154.0,5961
2012-02-06,154.0,153,150,153.0,13376
2012-02-07,153.0,154,148,150.0,3631
2012-02-08,150.0,152,152,152.0,120
2012-02-09,152.0,151,149,151.0,1224
2012-02-12,151.0,152,149,149.0,313
2012-02-13,149.0,150,148,150.0,546
2012-02-14,150.0,152,150,152.0,457
2012-02-15,152.0,153,150,151.0,763
2012-02-16,151.0,150,147,149.0,653
2012-02-21,149.0,150,148,149.0,1263
2012-02-23,149.0,149,148,148.0,341
2012-02-26,148.0,150,148,150.0,331
2012-02-27,150.0,150,150,150.0,667
2012-02-28,150.0,153,149,153.0,537
2012-02-29,153.0,159,153,156.0,1487
2012-03-01,156.0,158,154,156.0,1919
2012-03-04,156.0,154,153,154.0,1220
2012-03-05,154.0,159,155,158.0,2915
2012-03-06,158.0,159,157,158.0,1240
2012-03-12,158.0,155,153,153.0,653
2012-03-13,153.0,155,154,154.0,2664
2012-03-14,154.0,155,154,154.0,922
2012-03-15,154.0,154,154,154.0,100
2012-03-19,152.0,153,152,153.0,1287
2012-03-20,153.0,154,153,154.0,432
2012-03-25,154.0,153,151,151.0,328
2012-03-26,151.0,152,148,148.0,1645
2012-03-27,148.0,148,146,146.0,1336
2012-03-28,146.0,149,145,149.0,1178
2012-03-29,149.0,149,147,147.0,696
2012-04-01,147.0,147,144,147.0,5184
2012-04-02,147.0,153,147,153.0,3769
2012-04-03,153.0,152,150,152.0,2848
2012-04-04,152.0,155,152,152.0,712
2012-04-08,152.0,155,152,152.0,937
2012-04-09,152.0,154,154,154.0,79
2012-04-10,154.0,154,151,154.0,770
2012-04-11,154.0,163,152,152.0,2767
2012-04-12,152.0,167,153,167.0,5232
2012-04-15,167.0,183,170,183.0,1974
2012-04-16,183.0,186,186,186.0,107
2012-04-17,186.0,195,168,168.0,9024
2012-04-18,168.0,184,165,184.0,2661
2012-04-19,184.0,202,185,189.0,5224
2012-04-22,189.0,207,192,207.0,9545
2012-04-24,207.0,227,211,227.0,1660
2012-04-25,227.0,235,231,235.0,612
2012-04-26,235.0,258,229,255.0,20246
2012-04-29,255.0,267,236,240.0,9887
2012-04-30,240.0,238,225,227.0,6256
2012-05-03,227.0,237,231,237.0,1189
2012-05-07,237.0,253,241,253.0,1712
2012-05-08,253.0,266,253,260.0,23993
2012-05-09,260.0,255,242,245.0,8787
2012-05-10,245.0,245,230,237.0,10371
2012-05-13,237.0,233,214,216.0,5013
2012-05-14,216.0,212,196,204.0,1589
2012-05-15,204.0,224,208,224.0,1976
2012-05-16,224.0,228,228,228.0,10
2012-05-17,228.0,244,232,243.0,14497
2012-05-20,243.0,239,227,235.0,8161
2012-05-21,235.0,243,228,235.0,5557
2012-05-22,235.0,232,223,226.0,2571
2012-05-23,226.0,222,207,208.0,4243
2012-05-24,208.0,228,206,227.0,4151
2012-05-27,227.0,242,227,238.0,10497
2012-06-03,238.0,238,222,226.0,3680
2012-06-04,226.0,223,210,220.0,2544
2012-06-05,220.0,216,204,204.0,5794
2012-06-06,204.0,204,193,194.0,3672
2012-06-07,194.0,210,191,194.0,3479
2012-06-11,194.0,200,195,198.0,3369
2012-06-12,198.0,199,192,192.0,2033
2012-06-13,192.0,193,188,188.0,3083
2012-06-14,188.0,189,186,188.0,1718
2012-06-17,188.0,188,180,180.0,2026
2012-06-18,180.0,185,181,182.0,3209
2012-06-19,182.0,185,182,182.0,1531
2012-06-20,182.0,185,182,185.0,2179
2012-06-21,185.0,186,186,186.0,79
2012-06-25,186.0,198,186,192.0,3765
2012-06-26,192.0,190,188,188.0,648
2012-06-27,188.0,193,186,188.0,2935
2012-06-28,188.0,198,191,195.0,2615
2012-07-01,195.0,193,190,192.0,955
2012-07-02,192.0,190,180,180.0,6024
2012-07-03,180.0,191,180,191.0,1804
2012-07-04,191.0,190,188,189.0,2743
2012-07-05,189.0,189,186,189.0,1723
2012-07-08,189.0,188,185,186.0,1221
2012-07-09,186.0,186,181,182.0,1823
2012-07-10,182.0,189,185,189.0,1520
2012-07-11,189.0,190,188,190.0,770
2012-07-12,190.0,187,181,181.0,1326
2012-07-15,181.0,181,178,180.0,2300
2012-07-16,180.0,180,175,179.0,2888
2012-07-17,179.0,179,173,179.0,1241
2012-07-18,179.0,178,176,178.0,657
2012-07-19,178.0,181,169,171.0,7243
2012-07-22,171.0,180,174,178.0,1646
2012-07-23,178.0,187,181,184.0,4745
2012-07-24,184.0,183,180,183.0,1170
2012-07-25,183.0,182,180,180.0,1051
2012-07-26,180.0,177,171,177.0,3871
2012-07-29,177.0,177,172,174.0,1682
2012-07-30,174.0,180,176,180.0,2282
2012-07-31,180.0,183,180,180.0,1613
2012-08-01,180.0,181,178,180.0,4535
2012-08-05,180.0,180,179,179.0,731
2012-08-06,179.0,177,174,177.0,3860
2012-08-07,177.0,181,177,177.0,600
2012-08-08,177.0,177,176,177.0,282
2012-08-12,177.0,174,166,170.0,2155
2012-08-13,170.0,168,166,167.0,1341
2012-08-14,167.0,164,158,164.0,5362
2012-08-15,164.0,161,151,153.0,5796
2012-08-16,153.0,161,152,161.0,2407
2012-08-19,161.0,159,153,155.0,1376
2012-08-21,155.0,158,152,158.0,1307
2012-08-22,158.0,160,158,158.0,250
2012-08-23,158.0,161,154,154.0,808
2012-08-26,154.0,155,154,154.0,1220
2012-08-27,154.0,160,155,155.0,1838
2012-08-28,155.0,159,156,156.0,530
2012-08-29,156.0,156,155,155.0,881
2012-08-30,155.0,158,155,156.0,1177
2012-09-02,156.0,153,150,152.0,1144
2012-09-03,152.0,167,155,163.0,1763
2012-09-04,163.0,163,160,162.0,5945
2012-09-05,162.0,167,159,161.0,448
2012-09-06,161.0,160,157,157.0,2031
2012-09-09,157.0,159,152,159.0,1678
2012-09-10,159.0,165,162,165.0,324
2012-09-11,165.0,165,161,164.0,1165
2012-09-12,164.0,168,165,165.0,2014
2012-09-13,165.0,168,166,168.0,3645
2012-09-16,168.0,171,167,167.0,2630
2012-09-17,167.0,170,170,170.0,395
2012-09-18,170.0,176,172,176.0,4782
2012-09-19,176.0,174,168,168.0,1118
2012-09-20,168.0,171,165,165.0,2503
2012-09-23,165.0,162,157,159.0,1277
2012-09-24,159.0,158,156,158.0,1528
2012-09-25,158.0,159,156,158.0,10084
2012-09-26,158.0,160,157,157.0,661
2012-09-27,157.0,163,157,163.0,2500
2012-09-30,163.0,160,158,160.0,892
2012-10-01,160.0,160,156,160.0,2794
2012-10-02,160.0,162,162,162.0,44
2012-10-03,162.0,163,161,162.0,3073
2012-10-04,162.0,165,161,165.0,2050
2012-10-07,165.0,168,164,166.0,5279
2012-10-08,166.0,168,166,166.0,3137
2012-10-09,166.0,169,163,169.0,4428
2012-10-10,169.0,170,167,168.0,1383
2012-10-11,168.0,168,166,166.0,2025
2012-10-14,166.0,172,167,170.0,950
2012-10-15,170.0,178,172,175.0,576
2012-10-17,175.0,184,177,184.0,2010
2012-10-18,184.0,187,181,182.0,2680
2012-10-30,182.0,185,185,185.0,1000
2012-10-31,185.0,197,187,193.0,9065
2012-11-01,193.0,195,189,194.0,23435
2012-11-04,194.0,198,192,196.0,5671
2012-11-05,196.0,204,194,196.0,10288
2012-11-06,196.0,204,196,201.0,8854
2012-11-07,201.0,214,205,214.0,8724
2012-11-08,214.0,234,218,230.0,18236
2012-11-11,230.0,244,217,230.0,7494
2012-11-12,230.0,234,220,228.0,8594
2012-11-18,228.0,250,230,243.0,5281
2012-11-20,243.0,262,245,246.0,10169
2012-11-21,246.0,248,234,238.0,10459
2012-11-22,238.0,246,234,243.0,10373
2012-11-25,243.0,253,241,249.0,11633
2012-11-26,249.0,247,245,245.0,1581
2012-11-27,245.0,249,242,244.0,4822
2012-11-28,244.0,243,238,242.0,3519
2012-11-29,242.0,238,233,237.0,3500
2012-12-02,237.0,237,235,236.0,460
2012-12-03,236.0,233,228,229.0,6900
2012-12-04,229.0,243,232,239.0,7714
2012-12-05,239.0,253,242,250.0,9172
2012-12-06,250.0,249,241,249.0,3631
2012-12-09,249.0,246,235,235.0,4778
2012-12-10,235.0,236,236,236.0,1000
2012-12-11,236.0,240,236,238.0,4670
2012-12-12,238.0,245,240,245.0,971
2012-12-13,245.0,243,240,242.0,2430
2012-12-16,242.0,258,245,255.0,4859
2012-12-17,255.0,270,250,258.0,12475
2012-12-18,258.0,258,250,256.0,5805
2012-12-19,256.0,266,254,257.0,3192
2012-12-20,257.0,261,255,256.0,4420
2012-12-23,256.0,256,252,252.0,10050
2012-12-24,252.0,270,255,270.0,10266
2012-12-26,270.0,293,275,281.0,12849
2012-12-27,281.0,291,275,281.0,9184
2012-12-31,281.0,290,271,280.0,3233
2013-01-01,280.0,275,268,270.0,6092
2013-01-02,270.0,274,264,267.0,8346
2013-01-03,267.0,279,266,276.0,9018
2013-01-07,275.0,270,265,265.0,3022
2013-01-08,265.0,265,261,262.0,1806
2013-01-09,262.0,264,258,261.0,5134
2013-01-10,261.0,267,256,264.0,6508
2013-01-13,264.0,269,259,269.0,4613
2013-01-15,269.0,274,265,274.0,5891
2013-01-16,274.0,269,264,264.0,1522
2013-01-17,264.0,262,257,257.0,6560
2013-01-20,257.0,252,241,246.0,2566
2013-01-21,246.0,261,250,256.0,7252
2013-01-22,256.0,264,261,264.0,2481
2013-01-23,264.0,268,260,262.0,4557
2013-01-24,262.0,260,250,260.0,2374
2013-01-27,260.0,261,255,259.0,3813
2013-01-28,259.0,264,259,259.0,3867
2013-01-30,259.0,263,261,261.0,957
2013-01-31,261.0,257,253,254.0,2524
2013-02-03,254.0,272,250,254.0,9241
2013-02-04,254.0,270,259,267.0,3090
2013-02-05,267.0,267,265,267.0,1715
2013-02-06,267.0,272,264,268.0,5477
2013-02-07,268.0,264,262,264.0,2136
2013-02-10,264.0,267,264,267.0,2185
2013-02-12,267.0,290,270,290.0,7204
2013-02-13,290.0,285,275,275.0,1942
2013-02-14,275.0,285,270,278.0,8880
2013-02-17,278.0,305,278,305.0,7234
2013-02-19,305.0,311,290,292.0,9736
2013-02-20,292.0,292,280,283.0,3705
2013-02-21,283.0,296,275,287.0,2450
2013-02-24,287.0,286,277,283.0,3537
2013-02-25,283.0,295,280,281.0,19224
2013-02-26,281.0,291,282,286.0,7752
2013-02-27,286.0,284,284,284.0,191
2013-02-28,284.0,285,280,282.0,5814
2013-03-03,282.0,285,283,285.0,4233
2013-03-04,285.0,285,280,280.0,3799
2013-03-05,280.0,283,257,280.0,37562
2013-03-07,285.0,285,280,281.0,4969
2013-03-11,281.0,283,278,283.0,4052
2013-03-13,283.0,291,284,291.0,2206
2013-03-14,291.0,309,287,289.0,5649
2013-03-17,289.0,284,279,279.0,4748
2013-03-18,279.0,280,270,276.0,1917
2013-03-19,276.0,280,275,279.0,1883
2013-03-21,282.0,277,275,276.0,1881
2013-03-24,276.0,272,271,271.0,429
2013-03-25,271.0,273,266,271.0,3002
2013-03-27,271.0,280,265,280.0,10450
2013-03-28,280.0,280,271,275.0,1303
2013-04-01,265.0,272,261,268.0,1425
2013-04-03,270.0,271,266,269.0,2560
2013-04-04,269.0,268,266,268.0,953
2013-04-07,268.0,269,268,269.0,600
2013-04-08,269.0,274,267,272.0,2008
2013-04-11,273.0,276,270,270.0,5995
2013-04-15,270.0,280,272,273.0,4424
2013-04-16,273.0,272,267,267.0,4241
2013-04-17,267.0,270,264,264.0,4580
2013-04-18,264.0,270,265,270.0,573
2013-04-21,270.0,265,255,265.0,5158
2013-04-23,265.0,269,257,257.0,2847
2013-04-25,257.0,260,252,254.0,2714
2013-04-28,254.0,262,255,260.0,13831
2013-04-29,260.0,259,253,255.0,2956
2013-04-30,255.0,257,252,255.0,5609
2013-05-02,255.0,255,250,250.0,1502
2013-05-05,250.0,253,249,249.0,1013
2013-05-06,249.0,249,241,247.0,1751
2013-05-07,247.0,258,244,253.0,4635
2013-05-08,253.0,251,246,250.0,1941
2013-05-09,250.0,252,247,248.0,1331
2013-05-12,248.0,250,248,248.0,3191
2013-05-13,248.0,252,248,252.0,5516
2013-05-14,252.0,253,246,253.0,4249
2013-05-15,253.0,255,252,252.0,7507
2013-05-16,252.0,253,253,253.0,1200
2013-05-19,253.0,250,250,250.0,96
2013-05-20,250.0,251,250,250.0,1017
2013-05-21,250.0,251,250,250.0,773
2013-05-22,250.0,252,248,250.0,792
2013-05-23,250.0,250,244,244.0,856
2013-05-26,244.0,246,242,246.0,3064
2013-05-27,246.0,250,246,249.0,5578
2013-05-28,249.0,252,247,250.0,7686
2013-05-30,250.0,248,245,246.0,2655
2013-06-02,246.0,248,240,240.0,3041
2013-06-03,240.0,248,242,248.0,1920
2013-06-04,248.0,249,244,244.0,2617
2013-06-05,244.0,250,244,247.0,1118
2013-06-06,247.0,247,247,247.0,500
2013-06-09,247.0,250,245,246.0,1210
2013-06-10,246.0,250,246,250.0,4373
2013-06-12,250.0,250,247,249.0,845
2013-06-13,249.0,246,242,246.0,1907
2013-06-16,246.0,246,246,246.0,96
2013-06-17,246.0,246,244,244.0,1132
2013-06-18,244.0,245,242,242.0,854
2013-06-19,242.0,242,240,241.0,1767
2013-06-20,241.0,241,239,240.0,4409
2013-06-23,240.0,240,240,240.0,100
2013-06-24,240.0,245,240,245.0,1277
2013-06-25,245.0,252,243,252.0,2322
2013-06-26,252.0,255,250,253.0,7635
2013-06-27,253.0,255,245,245.0,1894
2013-06-30,245.0,245,241,241.0,770
2013-07-01,241.0,245,245,245.0,50
2013-07-02,245.0,244,243,244.0,897
2013-07-03,244.0,245,243,245.0,445
2013-07-04,245.0,245,240,243.0,2527
2013-07-07,243.0,243,237,242.0,2211
2013-07-08,242.0,246,243,246.0,552
2013-07-09,246.0,253,249,252.0,1402
2013-07-10,252.0,256,252,255.0,3384
2013-07-11,255.0,254,251,254.0,841
2013-07-14,254.0,258,255,255.0,606
2013-07-15,255.0,255,250,252.0,1362
2013-07-16,252.0,252,248,252.0,560
2013-07-17,252.0,261,253,261.0,732
2013-07-18,261.0,264,257,264.0,6046
2013-07-21,264.0,279,265,275.0,9298
2013-07-22,275.0,280,265,270.0,5532
2013-07-23,270.0,275,268,273.0,3392
2013-07-24,273.0,270,268,268.0,209
2013-07-25,268.0,265,265,265.0,191
2013-07-28,265.0,269,261,264.0,5278
2013-07-29,264.0,266,262,264.0,5994
2013-07-30,264.0,269,262,265.0,7464
2013-07-31,265.0,272,265,265.0,1990
2013-08-01,265.0,266,262,262.0,4688
2013-08-04,262.0,274,263,268.0,2695
2013-08-05,268.0,266,260,261.0,2271
2013-08-06,261.0,262,253,260.0,3233
2013-08-07,260.0,268,256,256.0,6545
2013-08-08,256.0,256,250,250.0,3317
2013-08-11,250.0,260,253,253.0,2384
2013-08-12,253.0,251,249,250.0,1594
2013-08-13,250.0,250,248,248.0,2064
2013-08-14,248.0,250,243,247.0,6514
2013-08-15,247.0,248,246,248.0,486
2013-08-18,248.0,252,248,250.0,3589
2013-08-19,250.0,256,251,256.0,2328
2013-08-20,256.0,260,255,258.0,6881
2013-08-25,258.0,256,254,254.0,929
2013-08-26,254.0,253,247,247.0,3132
2013-08-27,247.0,252,246,250.0,5267
2013-08-29,250.0,251,246,248.0,5195
2013-09-01,248.0,250,245,246.0,3632
2013-09-02,246.0,248,240,245.0,11536
2013-09-03,245.0,245,239,243.0,9537
2013-09-04,243.0,241,235,241.0,18092
2013-09-05,241.0,243,235,242.0,37264
2013-09-08,242.0,244,235,239.0,20639
2013-09-09,239.0,244,237,244.0,6195
2013-09-10,244.0,245,244,244.0,1591
2013-09-11,244.0,247,240,244.0,3468
2013-09-12,244.0,245,244,245.0,844
2013-09-15,245.0,246,239,244.0,2496
2013-09-16,244.0,244,240,241.0,1118
2013-09-17,241.0,248,240,248.0,1612
2013-09-19,248.0,245,243,243.0,795
2013-09-22,243.0,243,240,242.0,1804
2013-09-23,242.0,242,240,240.0,1037
2013-09-24,240.0,243,240,243.0,758
2013-09-25,243.0,243,237,242.0,14358
2013-09-26,242.0,243,243,243.0,233
2013-09-29,243.0,247,235,247.0,56969
2013-09-30,247.0,247,236,245.0,14534
2013-10-01,245.0,244,235,244.0,11001
2013-10-02,244.0,244,241,241.0,671
2013-10-03,241.0,243,241,243.0,695
2013-10-06,243.0,241,237,240.0,2800
2013-10-07,240.0,250,244,247.0,1640
2013-10-08,247.0,252,245,248.0,2473
2013-10-09,248.0,255,247,255.0,1392
2013-10-10,255.0,260,254,260.0,3241
2013-10-20,260.0,263,260,261.0,6968
2013-10-21,261.0,270,261,264.0,5057
2013-10-22,264.0,260,255,255.0,579
2013-10-23,255.0,255,250,255.0,2486
2013-10-24,255.0,253,250,253.0,4242
2013-10-27,253.0,251,249,250.0,2131
2013-10-28,250.0,250,247,247.0,543
2013-10-29,247.0,251,247,249.0,3232
2013-10-30,249.0,254,253,253.0,1125
2013-10-31,253.0,252,250,250.0,2191
2013-11-06,250.0,255,253,255.0,427
2013-11-07,255.0,254,250,254.0,2362
2013-11-10,254.0,259,253,256.0,2565
2013-11-11,256.0,264,258,264.0,7542
2013-11-12,264.0,277,264,268.0,7733
2013-11-13,268.0,276,264,264.0,11824
2013-11-14,264.0,267,258,260.0,24212
2013-11-21,260.0,270,260,270.0,10240
2013-11-24,270.0,297,275,297.0,64132
2013-11-25,297.0,307,285,298.0,75881
2013-11-26,298.0,310,297,304.0,31218
2013-11-27,304.0,305,298,305.0,15650
2013-11-28,305.0,310,298,303.0,50599
2013-12-01,303.0,300,294,294.0,2637
2013-12-02,294.0,300,290,295.0,5420
2013-12-03,295.0,317,295,317.0,4604
2013-12-04,317.0,348,315,348.0,115112
2013-12-05,348.0,372,342,360.0,58150
2013-12-08,360.0,360,340,345.0,3811
2013-12-09,345.0,351,339,339.0,4423
2013-12-10,339.0,341,334,335.0,4929
2013-12-11,335.0,360,341,355.0,7487
2013-12-12,355.0,385,360,373.0,4505
2013-12-15,373.0,400,373,397.0,8969
2013-12-16,397.0,432,398,432.0,4553
2013-12-18,432.0,475,440,475.0,27711
2013-12-19,475.0,466,448,460.0,6038
2013-12-22,460.0,455,422,430.0,4651
2013-12-23,430.0,424,387,388.0,2363
2013-12-24,388.0,410,381,395.0,12318
2013-12-26,395.0,423,402,405.0,13158
2013-12-29,405.0,405,395,398.0,6106
2013-12-31,398.0,402,395,395.0,3159
2014-01-01,395.0,388,372,378.0,3818
2014-01-02,378.0,399,361,395.0,1657
2014-01-05,395.0,394,388,390.0,4326
2014-01-06,390.0,390,385,390.0,2269
2014-01-07,390.0,396,386,390.0,4680
2014-01-08,390.0,411,393,407.0,6090
2014-01-09,407.0,402,398,402.0,1663
2014-01-12,402.0,410,400,410.0,3948
2014-01-13,410.0,418,410,410.0,5931
2014-01-14,410.0,425,404,420.0,13752
2014-01-16,420.0,442,412,420.0,6222
2014-01-19,420.0,415,408,412.0,3208
2014-01-20,412.0,415,405,407.0,5788
2014-01-21,407.0,430,408,410.0,4578
2014-01-22,410.0,410,403,408.0,6104
2014-01-23,408.0,412,406,406.0,3626
2014-01-26,406.0,408,400,401.0,20675
2014-01-27,401.0,400,390,393.0,8510
2014-01-28,393.0,410,393,403.0,10034
2014-01-29,403.0,405,400,405.0,2909
2014-02-02,405.0,405,393,396.0,5756
2014-02-03,396.0,395,383,383.0,2270
2014-02-04,383.0,402,380,396.0,8903
2014-02-05,396.0,401,390,399.0,7782
2014-02-06,399.0,404,395,400.0,5959
2014-02-09,400.0,400,392,395.0,5217
2014-02-10,395.0,420,402,408.0,23803
2014-02-11,408.0,408,400,400.0,9858
2014-02-12,400.0,405,396,401.0,14712
2014-02-13,401.0,406,400,405.0,4200
2014-02-16,405.0,405,391,399.0,2866
2014-02-17,399.0,400,387,400.0,1853
2014-02-18,400.0,401,396,398.0,5013
2014-02-20,398.0,405,400,404.0,4351
2014-02-23,404.0,418,400,414.0,99421
2014-02-24,414.0,426,406,420.0,47094
2014-02-25,420.0,427,415,426.0,20573
2014-02-26,426.0,435,414,422.0,14612
2014-03-03,422.0,421,405,405.0,9653
2014-03-04,405.0,400,391,400.0,9326
2014-03-05,400.0,415,395,410.0,6133
2014-03-06,410.0,412,400,400.0,5739
2014-03-09,400.0,400,390,390.0,7805
2014-03-10,390.0,393,385,387.0,97794
2014-03-11,387.0,394,383,388.0,6946
2014-03-12,388.0,395,373,379.0,6362
2014-03-13,379.0,393,380,390.0,3487
2014-03-17,390.0,390,370,370.0,1819
2014-03-18,370.0,370,353,364.0,4409
2014-03-19,364.0,383,370,371.0,7089
2014-03-20,371.0,379,365,379.0,5339
2014-03-23,379.0,380,374,376.0,3129
2014-03-24,376.0,380,375,379.0,7968
2014-03-25,379.0,376,370,376.0,3332
2014-03-26,376.0,378,372,378.0,1499
2014-03-27,378.0,382,375,380.0,4881
2014-03-31,380.0,385,377,385.0,4878
2014-04-01,385.0,396,389,395.0,5403
2014-04-02,395.0,399,381,381.0,2859
2014-04-03,381.0,399,382,386.0,5062
2014-04-06,386.0,385,371,371.0,3178
2014-04-07,371.0,377,370,377.0,1461
2014-04-09,377.0,385,377,385.0,2247
2014-04-10,385.0,392,386,388.0,2769
2014-04-13,388.0,400,388,397.0,9058
2014-04-15,397.0,401,395,395.0,4083
2014-04-16,395.0,395,387,390.0,3280
2014-04-17,390.0,387,383,385.0,1189
2014-04-20,385.0,385,376,385.0,2930
2014-04-21,385.0,385,378,382.0,2309
2014-04-22,382.0,389,376,387.0,4739
2014-04-23,387.0,396,386,390.0,5727
2014-04-27,390.0,397,390,394.0,8331
2014-04-28,394.0,398,383,383.0,4110
2014-04-29,383.0,387,380,384.0,3377
2014-04-30,384.0,385,377,381.0,6985
2014-05-04,381.0,394,380,384.0,8910
2014-05-05,384.0,416,385,416.0,8410
2014-05-06,416.0,435,408,427.0,29813
2014-05-07,427.0,435,425,426.0,31221
2014-05-08,426.0,427,414,420.0,5603
2014-05-11,420.0,420,400,407.0,7899
2014-05-12,407.0,415,399,410.0,17220
2014-05-13,410.0,416,408,413.0,7105
2014-05-15,413.0,417,406,412.0,8050
2014-05-18,412.0,414,408,413.0,6940
2014-05-19,413.0,417,411,415.0,21264
2014-05-20,415.0,420,412,418.0,15969
2014-05-21,418.0,426,415,422.0,16411
2014-05-22,422.0,430,424,430.0,5600
2014-05-25,430.0,437,425,430.0,17997
2014-05-26,430.0,429,422,425.0,7207
2014-05-27,425.0,425,420,425.0,7844
2014-05-28,425.0,430,422,426.0,20770
2014-06-01,426.0,436,424,434.0,12090
2014-06-02,434.0,448,435,448.0,20582
2014-06-03,448.0,460,445,446.0,14944
2014-06-04,446.0,452,445,448.0,8647
2014-06-05,448.0,445,439,443.0,13789
2014-06-08,443.0,453,445,445.0,9505
2014-06-09,445.0,454,445,451.0,16815
2014-06-10,451.0,480,456,460.0,23576
2014-06-11,460.0,490,463,470.0,27520
2014-06-12,470.0,480,470,474.0,17451
2014-06-15,474.0,510,479,495.0,20062
2014-06-16,495.0,504,491,498.0,18878
2014-06-17,498.0,505,485,0.0,19310
2014-06-18,496.0,504,491,496.0,10192
2014-06-19,491.0,497,482,486.0,6653
2014-06-23,486.0,490,478,480.0,4611
2014-06-24,480.0,489,476,485.0,11804
2014-06-25,485.0,492,480,483.0,12097
2014-06-26,483.0,489,475,482.0,13393
2014-06-29,482.0,503,478,500.0,12118
2014-06-30,500.0,495,490,494.0,4331
2014-07-01,494.0,500,490,495.0,7540
2014-07-02,495.0,493,478,478.0,11572
2014-07-03,478.0,498,475,491.0,14430
2014-07-06,491.0,493,489,491.0,5279
2014-07-07,491.0,505,494,500.0,14913
2014-07-08,500.0,524,500,522.0,18557
2014-07-09,522.0,518,508,517.0,12053
2014-07-10,517.0,540,500,530.0,8641
2014-07-13,530.0,560,520,550.0,9388
2014-07-14,550.0,540,510,526.0,11825
2014-07-15,526.0,526,516,517.0,3848
2014-07-16,517.0,527,512,515.0,11446
2014-07-17,515.0,530,505,525.0,16536
2014-07-20,525.0,545,525,534.0,18470
2014-07-21,534.0,547,535,542.0,20865
2014-07-22,542.0,540,515,520.0,9621
2014-07-23,520.0,540,527,528.0,18221
2014-07-24,528.0,548,529,537.0,13364
2014-07-27,537.0,555,540,545.0,14216
2014-07-28,545.0,554,535,540.0,3428
2014-07-30,540.0,540,520,520.0,7023
2014-07-31,520.0,536,510,524.0,12933
2014-08-03,524.0,534,515,519.0,7373
2014-08-04,519.0,520,505,505.0,8492
2014-08-05,505.0,538,515,531.0,13020
2014-08-06,531.0,539,516,521.0,6437
2014-08-07,521.0,522,500,517.0,13084
2014-08-12,517.0,512,505,510.0,4982
2014-08-13,510.0,527,500,518.0,16912
2014-08-14,518.0,524,514,518.0,9429
2014-08-18,518.0,518,505,505.0,3523
2014-08-19,505.0,520,502,505.0,8247
2014-08-20,505.0,505,490,494.0,9735
2014-08-21,494.0,505,476,501.0,11669
2014-08-24,501.0,503,480,489.0,6789
2014-08-25,489.0,480,463,470.0,2228
2014-08-26,470.0,499,452,455.0,6166
2014-08-27,455.0,499,464,486.0,15575
2014-08-28,486.0,500,481,484.0,11393
2014-08-31,484.0,484,468,477.0,4671
2014-09-01,477.0,475,461,475.0,4378
2014-09-03,475.0,472,466,469.0,2113
2014-09-04,469.0,469,458,465.0,7189
2014-09-07,465.0,463,436,444.0,5711
2014-09-09,444.0,488,452,488.0,8043
2014-09-10,488.0,505,460,468.0,9582
2014-09-11,468.0,483,441,466.0,6897
2014-09-14,466.0,467,453,453.0,4792
2014-09-15,453.0,489,459,489.0,5918
2014-09-16,489.0,499,460,490.0,14629
2014-09-17,490.0,510,475,490.0,7319
2014-09-18,490.0,487,450,468.0,7626
2014-09-21,468.0,465,445,455.0,3586
2014-09-22,455.0,462,450,462.0,3337
2014-09-23,462.0,491,463,475.0,15280
2014-09-24,475.0,502,482,500.0,45026
2014-09-28,500.0,515,500,503.0,13131
2014-09-29,503.0,507,495,507.0,16580
2015-11-16,507.0,557,470,476.0,26871
2015-11-18,476.0,488,479,479.0,21302
2015-11-19,479.0,476,470,473.0,9782
2015-11-22,473.0,466,455,455.0,3936
2015-11-23,455.0,460,441,460.0,4257
2015-11-24,460.0,453,440,444.0,28692
2015-11-25,444.0,440,437,437.0,2902
2015-11-26,437.0,430,415,425.0,3370
2015-11-30,415.0,422,389,396.0,16884
2015-12-01,396.0,408,400,405.0,5401
2015-12-02,405.0,412,393,405.0,12111
2015-12-03,405.0,420,402,408.0,44604
2015-12-06,408.0,432,415,416.0,8447
2015-12-07,416.0,422,413,417.0,5957
2015-12-08,417.0,415,408,415.0,2264
2015-12-09,415.0,428,417,428.0,16533
2015-12-10,428.0,422,416,420.0,3303
2015-12-13,420.0,424,417,417.0,6805
2015-12-14,417.0,425,413,413.0,1803
2015-12-15,413.0,415,410,410.0,4184
2015-12-16,410.0,414,408,414.0,3628
2015-12-17,414.0,410,409,410.0,1090
2015-12-20,410.0,410,405,410.0,251
2015-12-21,410.0,420,411,420.0,3745
2015-12-22,420.0,421,415,420.0,7202
2015-12-23,420.0,419,415,415.0,2521
2015-12-24,415.0,417,410,412.0,1867
2015-12-27,412.0,416,412,416.0,750
2015-12-28,416.0,421,414,417.0,14456
2015-12-29,417.0,420,415,419.0,9050
2015-12-31,419.0,435,421,428.0,6454
2016-01-03,428.0,425,416,416.0,8946
2016-01-04,416.0,424,416,421.0,2559
2016-01-05,421.0,425,417,421.0,16049
2016-01-06,421.0,424,420,421.0,3648
2016-01-07,421.0,439,421,435.0,6039
2016-01-10,435.0,440,431,438.0,7792
2016-01-11,438.0,439,432,432.0,10454
2016-01-12,432.0,439,428,439.0,16525
2016-01-13,439.0,452,436,445.0,12678
2016-01-14,445.0,466,449,460.0,24660
2016-01-17,460.0,478,465,465.0,13070
2016-01-18,465.0,490,458,468.0,9627
2016-01-19,468.0,476,452,471.0,28309
2016-01-20,471.0,475,467,471.0,8650
2016-01-21,471.0,475,470,472.0,14019
2016-01-24,472.0,490,467,485.0,40765
2016-01-25,485.0,503,490,499.0,59476
2016-01-26,462.0,475,466,466.0,11103
2016-01-27,466.0,470,455,460.0,14989
2016-01-28,460.0,463,450,451.0,12607
2016-01-31,451.0,454,449,454.0,18267
2016-02-01,454.0,477,463,477.0,22370
2016-02-02,477.0,491,475,485.0,21542
2016-02-03,485.0,488,477,487.0,7675
2016-02-04,487.0,490,479,482.0,21254
2016-02-07,482.0,500,480,480.0,22897
2016-02-08,480.0,494,480,485.0,15360
2016-02-11,485.0,505,485,504.0,56076
2016-02-14,504.0,516,498,511.0,48114
2016-02-15,511.0,514,500,510.0,40191
2016-02-16,510.0,527,512,520.0,46071
2016-02-17,520.0,550,518,537.0,71382
2016-02-18,537.0,555,537,541.0,34207
2016-02-21,541.0,547,532,537.0,34695
2016-02-22,537.0,547,531,547.0,54898
2016-02-23,547.0,551,538,543.0,41233
2016-02-24,543.0,549,536,539.0,42215
2016-02-25,539.0,542,530,538.0,55984
2016-02-28,538.0,543,528,534.0,28693
2016-02-29,534.0,537,530,537.0,16809
2016-03-01,537.0,539,534,539.0,15831
2016-03-02,539.0,548,529,535.0,25417
2016-03-03,535.0,545,535,537.0,15854
2016-03-06,537.0,541,533,534.0,19864
2016-03-10,534.0,540,531,532.0,28465
2016-03-13,532.0,543,530,540.0,24873
2016-03-14,540.0,545,537,540.0,18217
2016-03-15,540.0,543,535,542.0,29401
2016-03-16,542.0,545,536,542.0,22337
2016-03-17,542.0,554,532,548.0,28729
2016-03-20,548.0,565,553,561.0,52346
2016-03-21,561.0,599,570,576.0,72490
2016-03-23,576.0,599,579,587.0,59664
2016-03-24,587.0,603,590,596.0,74822
2016-03-27,596.0,610,591,607.0,60865
2016-03-28,607.0,609,597,601.0,44659
2016-03-29,601.0,607,590,604.0,46013
2016-03-30,604.0,605,595,596.0,32854
2016-03-31,596.0,595,586,590.0,33572
2016-04-03,590.0,600,572,585.0,29949
2016-04-04,585.0,590,582,589.0,16707
2016-04-05,589.0,598,588,598.0,8614
2016-04-06,598.0,600,593,598.0,14651
2016-04-10,598.0,602,595,598.0,38460
2016-04-11,598.0,605,600,605.0,37663
2016-04-12,605.0,609,600,609.0,28522
2016-04-14,609.0,614,600,614.0,20590
2016-04-17,614.0,623,611,622.0,32426
2016-04-18,622.0,638,620,637.0,29379
2016-04-19,637.0,652,633,635.0,13803
2016-04-20,635.0,645,635,635.0,27534
2016-04-21,635.0,637,623,632.0,15560
2016-04-24,632.0,640,630,636.0,23174
2016-04-25,636.0,642,635,640.0,61555
2016-04-26,640.0,670,640,650.0,71208
2016-04-27,650.0,670,637,664.0,53125
2016-04-28,664.0,663,653,657.0,26453
2016-05-02,657.0,665,650,655.0,20876
2016-05-03,655.0,667,660,665.0,61892
2016-05-04,665.0,665,648,659.0,26420
2016-05-05,659.0,659,640,657.0,36073
2016-05-08,657.0,669,657,666.0,25676
2016-05-09,666.0,690,664,687.0,35896
2016-05-10,687.0,696,667,680.0,28403
2016-05-11,680.0,685,665,670.0,24820
2016-05-12,670.0,673,662,670.0,29942
2016-05-15,670.0,675,652,665.0,35057
2016-05-16,665.0,667,660,662.0,22127
2016-05-17,662.0,670,660,667.0,29614
2016-05-18,667.0,683,670,675.0,67235
2016-05-19,675.0,690,680,685.0,38380
2016-05-22,685.0,694,675,685.0,20791
2016-05-23,685.0,710,680,697.0,44347
2016-05-24,697.0,719,700,719.0,69458
2016-05-25,719.0,718,680,697.0,83949
2016-05-26,697.0,701,671,685.0,60687
2016-05-29,685.0,695,652,673.0,39873
2016-05-30,673.0,681,661,665.0,26227
2016-05-31,665.0,680,652,665.0,28353
2016-06-01,665.0,670,651,665.0,25590
2016-06-02,665.0,670,645,660.0,20452
2016-06-05,660.0,659,632,635.0,33947
2016-06-06,635.0,672,640,652.0,33184
2016-06-07,652.0,677,655,675.0,34887
2016-06-08,675.0,690,677,690.0,32414
2016-06-09,690.0,690,670,685.0,30965
2016-06-12,685.0,708,686,702.0,54711
2016-06-13,702.0,738,700,725.0,70252
2016-06-14,725.0,735,719,719.0,52700
2016-06-15,719.0,731,712,725.0,33720
2016-06-16,725.0,735,715,715.0,31855
2016-06-19,715.0,734,700,708.0,33023
2016-06-20,708.0,717,705,711.0,27121
2016-06-21,711.0,729,709,729.0,33780
2016-06-22,729.0,757,728,740.0,73412
2016-06-23,740.0,753,735,739.0,54489
2016-06-26,739.0,770,745,770.0,65408
2016-06-27,770.0,814,776,796.0,73738
2016-06-28,796.0,821,795,820.0,110316
2016-06-29,820.0,833,810,816.0,50009
2016-06-30,816.0,811,797,806.0,26632
2016-07-03,806.0,810,784,800.0,26050
2016-07-04,800.0,800,789,790.0,21718
2016-07-05,790.0,795,776,792.0,28581
2016-07-06,792.0,807,795,801.0,33550
2016-07-10,801.0,810,797,797.0,26070
2016-07-11,797.0,798,790,795.0,11683
2016-07-12,795.0,795,755,780.0,35722
2016-07-13,780.0,780,755,779.0,17631
2016-07-14,779.0,794,776,788.0,49393
2016-07-17,788.0,815,775,808.0,43879
2016-07-18,808.0,845,813,821.0,27427
2016-07-19,821.0,851,812,838.0,29176
2016-07-20,838.0,850,815,822.0,37917
2016-07-21,822.0,823,810,810.0,19256
2016-07-25,810.0,860,810,855.0,76807
2016-07-26,855.0,900,850,890.0,82065
2016-07-27,890.0,912,880,886.0,51996
2016-07-28,886.0,902,870,890.0,90622
2016-07-31,890.0,907,873,879.0,53303
2016-08-01,879.0,888,860,866.0,32348
2016-08-02,866.0,870,851,859.0,37834
2016-08-03,859.0,869,835,854.0,46959
2016-08-04,854.0,854,822,826.0,57187
2016-08-07,826.0,860,820,823.0,81581
2016-08-08,823.0,820,752,752.0,47205
2016-08-09,752.0,827,767,827.0,10651
2016-08-10,827.0,893,820,853.0,71202
2016-08-11,853.0,870,851,855.0,44946
2016-08-14,855.0,855,826,830.0,41864
2016-08-15,830.0,836,787,814.0,39982
2016-08-16,814.0,841,794,830.0,38558
2016-08-17,830.0,834,821,825.0,28741
2016-08-21,825.0,830,803,815.0,17065
2016-08-22,815.0,805,783,790.0,33657
2016-08-23,790.0,805,775,790.0,24827
2016-08-24,790.0,810,790,810.0,14909
2016-08-28,810.0,840,790,835.0,41915
2016-08-29,835.0,903,835,900.0,93824
2016-08-30,900.0,918,873,893.0,64649
2016-08-31,893.0,899,882,892.0,73032
2016-09-01,892.0,907,885,889.0,61054
2016-09-04,889.0,922,900,919.0,84273
2016-09-05,919.0,940,920,927.0,82839
2016-09-06,927.0,936,900,917.0,75501
2016-09-07,917.0,920,882,900.0,45047
2016-09-08,900.0,910,891,891.0,25664
2016-09-11,891.0,909,881,891.0,20836
2016-09-12,891.0,885,878,883.0,22653
2016-09-14,883.0,890,870,875.0,41950
2016-09-18,875.0,888,860,866.0,44523
2016-09-20,866.0,895,855,866.0,48920
2016-09-21,866.0,863,839,855.0,29639
2016-09-22,855.0,870,838,842.0,27002
2016-09-25,842.0,850,807,810.0,26134
2016-09-26,810.0,825,808,817.0,25579
2016-09-27,817.0,840,820,825.0,18441
2016-09-28,825.0,827,801,802.0,18873
2016-09-29,802.0,830,795,820.0,35999
2016-10-02,820.0,830,800,810.0,21143
2016-10-03,810.0,822,813,817.0,18176
2016-10-04,817.0,823,811,820.0,22434
2016-10-05,820.0,825,813,815.0,15902
2016-10-06,815.0,825,812,815.0,16350
2016-10-16,815.0,824,807,813.0,4316
2016-10-17,813.0,814,800,814.0,13733
2016-10-18,814.0,810,803,804.0,9737
2016-10-19,804.0,806,800,804.0,18981
2016-10-20,804.0,810,793,800.0,24274
2016-10-23,800.0,807,793,793.0,14378
2016-10-24,793.0,785,764,774.0,39888
2016-10-25,774.0,761,722,727.0,38957
2016-10-26,727.0,735,700,717.0,26810
2016-10-27,717.0,724,714,718.0,10563
2016-11-03,718.0,730,704,704.0,6334
2016-11-07,704.0,719,704,707.0,16526
2016-11-08,707.0,707,690,698.0,16574
2016-11-09,698.0,703,670,683.0,19153
2016-11-10,683.0,696,670,679.0,28813
2016-11-13,679.0,691,675,687.0,27774
2016-11-14,687.0,711,690,699.0,36940
2016-11-15,699.0,710,699,707.0,29778
2016-11-16,707.0,708,691,700.0,27167
2016-11-17,700.0,695,675,684.0,25873
2016-11-20,684.0,690,647,669.0,25857
2016-11-21,669.0,679,619,675.0,30478
2016-11-22,675.0,668,625,645.0,30745
2016-11-23,645.0,645,620,635.0,17338
2016-11-24,635.0,672,630,645.0,33917
2016-11-27,645.0,645,613,625.0,27085
2016-11-28,625.0,667,580,653.0,27312
2016-11-29,653.0,666,605,665.0,19614
2016-11-30,665.0,714,667,700.0,44119
2016-12-01,700.0,715,680,697.0,26630
2016-12-04,697.0,700,675,678.0,18143
2016-12-05,678.0,680,652,656.0,6260
2016-12-06,656.0,678,649,655.0,13852
2016-12-07,655.0,668,660,665.0,4768
2016-12-08,665.0,665,660,660.0,5826
2016-12-11,660.0,665,648,648.0,8199
2016-12-12,648.0,650,636,640.0,23867
2016-12-14,640.0,664,641,657.0,12540
2016-12-15,657.0,673,657,671.0,7659
2016-12-18,671.0,665,651,660.0,7297
2016-12-19,660.0,656,649,650.0,11383
2016-12-20,650.0,650,638,640.0,11858
2016-12-21,640.0,642,613,620.0,40645
2016-12-22,521.0,511,500,503.0,11464
2016-12-26,503.0,500,485,485.0,7798
2016-12-27,485.0,492,474,481.0,10556
2016-12-28,481.0,490,475,489.0,6545
2016-12-29,489.0,504,488,499.0,8932
2017-01-01,499.0,516,501,513.0,6252
2017-01-02,513.0,524,505,520.0,3921
2017-01-03,520.0,515,503,503.0,4863
2017-01-04,503.0,504,486,500.0,10629
2017-01-05,500.0,510,499,500.0,10683
2017-01-08,500.0,500,495,499.0,7878
2017-01-09,499.0,505,496,503.0,9804
2017-01-10,503.0,509,500,508.0,3048
2017-01-11,508.0,517,506,511.0,5515
2017-01-12,511.0,512,505,510.0,9711
2017-01-15,510.0,510,500,508.0,3205
2017-01-16,508.0,510,503,504.0,1013
2017-01-17,504.0,515,493,514.0,3211
2017-01-18,514.0,509,500,505.0,7043
2017-01-19,505.0,510,500,500.0,8493
2017-01-22,500.0,510,500,507.0,4273
2017-01-23,507.0,502,498,500.0,3278
2017-01-24,500.0,500,487,487.0,13207
2017-01-25,487.0,496,470,472.0,9778
2017-01-26,472.0,484,450,460.0,15765
2017-01-30,460.0,460,440,448.0,12136
2017-01-31,448.0,465,428,458.0,14269
2017-02-01,458.0,484,455,483.0,16513
2017-02-02,483.0,492,470,483.0,8359
2017-02-05,483.0,483,466,475.0,4034
2017-02-06,475.0,476,467,467.0,9297
2017-02-07,467.0,466,454,465.0,2049
2017-02-08,465.0,470,455,460.0,7900
2017-02-09,460.0,462,445,447.0,25538
2017-02-12,447.0,452,427,435.0,18631
2017-02-13,435.0,454,413,446.0,15659
2017-02-14,446.0,455,432,450.0,8912
2017-02-15,450.0,469,442,463.0,16433
2017-02-16,463.0,484,461,478.0,20575
2017-02-19,478.0,490,465,484.0,11530
2017-02-20,484.0,507,473,475.0,11144
2017-02-21,475.0,492,461,474.0,14411
2017-02-22,474.0,480,460,472.0,3579
2017-02-23,472.0,475,465,468.0,2331
2017-02-26,468.0,460,450,450.0,5816
2017-02-28,450.0,445,430,445.0,17909
2017-03-01,445.0,455,443,454.0,6724
2017-03-02,454.0,469,448,454.0,5332
2017-03-05,454.0,471,455,471.0,5575
2017-03-06,471.0,475,461,461.0,6729
2017-03-07,461.0,460,450,457.0,14584
2017-03-09,457.0,468,457,461.0,4004
2017-03-13,461.0,470,455,456.0,4313
2017-03-14,456.0,461,451,455.0,7299
2017-03-15,455.0,463,451,460.0,5816
2017-03-16,460.0,464,457,458.0,4035
2017-03-19,458.0,468,460,463.0,16399
2017-03-20,463.0,490,463,473.0,18743
2017-03-21,473.0,495,471,491.0,15047
2017-03-22,491.0,527,490,505.0,29508
2017-03-23,505.0,518,500,511.0,9340
2017-03-26,511.0,551,510,539.0,23518
2017-03-28,539.0,582,547,576.0,23850
2017-03-29,576.0,602,568,578.0,32073
2017-03-30,578.0,578,560,568.0,17496
2017-04-02,568.0,620,575,620.0,17493
2017-04-03,620.0,669,596,596.0,24220
2017-04-04,596.0,620,589,594.0,31520
2017-04-06,594.0,605,590,592.0,17687
2017-04-09,592.0,625,602,620.0,26423
2017-04-10,620.0,669,620,667.0,50634
2017-04-11,667.0,678,651,660.0,41284
2017-04-12,660.0,670,645,650.0,23128
2017-04-13,650.0,659,637,643.0,14226
2017-04-16,643.0,648,610,620.0,21841
2017-04-18,620.0,625,593,605.0,27003
2017-04-19,605.0,631,610,631.0,23771
2017-04-20,631.0,640,622,627.0,27136
2017-04-23,627.0,655,630,647.0,57086
2017-04-24,647.0,648,630,636.0,18589
2017-04-25,636.0,641,625,627.0,17996
2017-04-26,627.0,630,620,620.0,14642
2017-04-27,620.0,631,604,607.0,13313
2017-04-30,607.0,615,594,607.0,16513
2017-05-02,607.0,620,600,620.0,24704
2017-05-03,620.0,632,610,620.0,17563
2017-05-04,620.0,629,610,616.0,14331
2017-05-07,616.0,609,594,599.0,12595
2017-05-08,599.0,612,600,607.0,7535
2017-05-09,607.0,616,604,607.0,6175
2017-05-11,607.0,610,600,604.0,18997
2017-05-15,604.0,623,603,604.0,10839
2017-05-16,604.0,610,600,605.0,4410
2017-05-17,605.0,606,595,595.0,7893
2017-05-18,595.0,596,580,590.0,31431
2017-05-21,590.0,591,576,576.0,6693
2017-05-22,576.0,590,570,590.0,7271
2017-06-01,560.0,566,558,558.0,20334
2017-06-04,558.0,560,550,554.0,12660
2017-06-05,554.0,563,552,558.0,9387
2017-06-06,558.0,595,565,594.0,34088
2017-06-07,594.0,608,583,583.0,18015
2017-06-08,583.0,582,573,576.0,6317
2017-06-11,576.0,587,565,567.0,36850
2017-06-12,567.0,571,556,566.0,14492
2017-06-13,566.0,572,562,568.0,5572
2017-06-14,568.0,569,560,565.0,8700
2017-06-15,565.0,574,554,563.0,10662
2017-06-18,563.0,565,551,551.0,7603
2017-06-19,551.0,549,543,543.0,13637
2017-06-20,543.0,550,540,545.0,6017
2017-06-21,545.0,546,530,543.0,8777
2017-06-22,543.0,545,541,543.0,9977
2017-06-25,543.0,550,543,547.0,5224
2017-06-27,547.0,547,540,544.0,9724
2017-06-28,544.0,549,538,540.0,6559
2017-07-02,540.0,540,530,530.0,8005
2017-07-03,530.0,537,530,531.0,9042
2017-07-04,531.0,532,526,526.0,5806
2017-07-05,526.0,532,520,532.0,6232
2017-07-06,532.0,549,538,543.0,15255
2017-07-09,543.0,564,528,555.0,14587
2017-07-10,555.0,560,526,536.0,8157
2017-07-11,536.0,554,540,552.0,10846
2017-07-12,552.0,552,546,550.0,5741
2017-07-13,550.0,555,540,545.0,11036
2017-07-16,545.0,545,540,545.0,6607
2017-07-17,545.0,553,540,551.0,8427
2017-07-18,551.0,578,558,578.0,12104
2017-07-19,578.0,580,565,565.0,18836
2017-07-20,565.0,564,556,559.0,6683
2017-07-23,559.0,566,546,552.0,13420
2017-07-24,552.0,552,537,550.0,19509
2017-07-25,550.0,555,543,543.0,10604
2017-07-26,543.0,544,538,541.0,17041
2017-07-27,541.0,559,544,553.0,19026
2017-07-30,553.0,560,545,552.0,6616
2017-07-31,552.0,565,550,554.0,15503
2017-08-01,554.0,559,552,554.0,6343
2017-08-02,554.0,557,550,555.0,3839
2017-08-03,555.0,557,553,556.0,9984
2017-08-06,556.0,557,550,552.0,8858
2017-08-07,552.0,560,551,552.0,9131
2017-08-09,552.0,553,546,548.0,5811
2017-08-10,548.0,548,540,544.0,9234
2017-08-13,544.0,542,534,538.0,14171
2017-08-15,538.0,541,532,533.0,5525
2017-08-16,533.0,543,526,531.0,6203
2017-08-17,531.0,534,529,531.0,6015
2017-08-20,531.0,531,523,525.0,5409
2017-08-21,525.0,528,520,523.0,3251
2017-08-22,523.0,535,514,526.0,4098
2017-08-23,526.0,528,516,521.0,4859
2017-08-24,521.0,522,511,522.0,5456
2017-08-27,522.0,540,523,523.0,5300
2017-08-28,523.0,524,514,517.0,7136
2017-08-30,517.0,513,505,506.0,10529
2017-08-31,506.0,508,498,500.0,11312
2017-09-04,500.0,500,478,478.0,15259
2017-09-06,478.0,491,483,488.0,10724
2017-09-07,488.0,492,484,485.0,7211
2017-09-10,485.0,480,470,470.0,16947
2017-09-11,470.0,483,461,470.0,5991
2017-09-12,470.0,477,467,472.0,9233
2017-09-13,472.0,472,450,464.0,8205
2017-09-14,464.0,477,464,477.0,5839
2017-09-17,477.0,486,475,480.0,8061
2017-09-18,480.0,487,478,487.0,3075
2017-09-20,487.0,487,475,482.0,5776
2017-09-24,482.0,483,480,480.0,1390
2017-09-25,480.0,488,475,488.0,3199
2017-09-26,488.0,494,482,494.0,3008
2017-10-03,494.0,494,494,494.0,169
2017-10-04,494.0,497,481,481.0,3611
2017-10-08,481.0,472,455,470.0,4675
2017-10-09,470.0,475,460,465.0,11468
2017-10-10,465.0,470,460,470.0,3155
2017-10-11,470.0,474,465,467.0,4347
2017-10-12,467.0,471,463,470.0,7788
2017-10-15,470.0,479,465,476.0,14124
2017-10-16,476.0,494,480,494.0,4979
2017-10-17,494.0,505,485,485.0,7491
2017-10-18,485.0,495,480,490.0,4213
2017-10-22,490.0,495,490,492.0,2355
2017-10-23,492.0,488,480,488.0,5706
2017-10-24,488.0,491,483,487.0,3723
2017-10-25,487.0,487,484,485.0,2121
2017-10-29,485.0,486,480,485.0,14379
2017-10-30,485.0,488,478,484.0,3162
2017-10-31,484.0,482,478,480.0,6232
2017-11-01,480.0,479,475,478.0,6165
2017-11-02,478.0,490,479,485.0,7590
2017-11-05,485.0,482,470,473.0,11638
2017-11-06,473.0,480,466,474.0,7939
2017-11-07,474.0,477,470,471.0,8477
2017-11-08,471.0,473,453,464.0,8499
2017-11-09,464.0,470,463,468.0,4745
2017-11-12,468.0,471,466,471.0,7484
2017-11-13,471.0,480,473,474.0,9283
2017-11-14,474.0,487,474,479.0,6223
2017-11-15,479.0,490,478,483.0,6895
2017-11-16,483.0,480,472,480.0,12019
2017-11-19,480.0,480,453,470.0,12507
2017-11-20,470.0,470,465,465.0,6428
2017-11-21,465.0,474,466,466.0,1744
2017-11-22,466.0,470,465,466.0,2932
2017-11-23,466.0,475,470,472.0,4785
2017-11-26,472.0,484,472,480.0,4437
2017-11-27,480.0,489,479,479.0,4879
2017-11-28,479.0,487,479,485.0,18281
2017-11-29,485.0,491,487,487.0,9059
2017-11-30,487.0,490,480,490.0,7639
2017-12-04,490.0,491,486,490.0,22202
2017-12-05,490.0,487,483,484.0,7749
2017-12-06,484.0,493,488,491.0,10114
2017-12-10,491.0,494,490,491.0,12108
2017-12-11,491.0,490,488,489.0,3268
2017-12-12,489.0,490,481,481.0,7084
2017-12-13,481.0,482,476,480.0,3566
2017-12-14,480.0,486,479,480.0,3252
2017-12-17,480.0,480,475,477.0,6141
2017-12-18,477.0,477,468,469.0,8158
2017-12-19,469.0,475,472,474.0,3723
2017-12-20,474.0,472,468,470.0,5311
2017-12-21,470.0,472,468,469.0,3477
2017-12-24,469.0,473,468,468.0,6357
2017-12-26,468.0,469,460,465.0,6883
2017-12-27,465.0,465,454,456.0,4897
2017-12-28,456.0,461,455,460.0,6172
2017-12-31,460.0,459,445,453.0,12451
2018-01-01,453.0,464,450,464.0,20444
2018-01-02,464.0,472,460,465.0,10550
2018-01-03,465.0,460,455,458.0,10244
2018-01-04,458.0,460,454,456.0,2741
2018-01-07,456.0,458,447,452.0,5604
2018-01-08,452.0,460,452,458.0,1992
2018-01-09,458.0,464,457,464.0,7457
2018-01-10,464.0,465,460,460.0,3277
2018-01-14,460.0,460,456,457.0,1751
2018-01-16,457.0,455,451,454.0,6698
2018-01-17,454.0,453,447,450.0,4694
2018-01-21,450.0,454,443,443.0,15918
2018-01-22,443.0,450,440,450.0,15413
2018-01-23,450.0,450,440,446.0,6593
2018-01-24,446.0,450,444,447.0,6249
2018-01-25,447.0,449,433,447.0,10116
2018-01-28,447.0,465,447,463.0,28166
2018-01-29,463.0,470,461,464.0,18395
2018-01-31,464.0,474,465,474.0,19377
2018-02-01,474.0,479,466,472.0,19718
2018-02-04,472.0,477,473,476.0,33882
2018-02-05,476.0,480,470,474.0,23034
2018-02-06,474.0,471,466,466.0,8936
2018-02-07,466.0,467,462,463.0,4212
2018-02-08,463.0,470,465,468.0,2790
2018-02-11,468.0,474,466,468.0,3093
2018-02-12,468.0,470,460,460.0,14560
2018-02-14,460.0,467,459,466.0,13269
2018-02-15,466.0,492,462,481.0,32657
2018-02-18,481.0,490,475,475.0,17687
2018-02-20,475.0,484,465,465.0,24369
2018-02-21,465.0,465,460,465.0,4777
2018-02-22,465.0,470,462,462.0,8172
2018-02-25,462.0,463,458,460.0,7549
2018-02-26,460.0,463,453,453.0,7378
2018-02-27,453.0,464,453,460.0,6705
2018-02-28,460.0,459,451,455.0,14739
2018-03-04,455.0,450,424,440.0,10971
2018-03-05,440.0,450,430,435.0,15661
2018-03-06,435.0,438,420,432.0,32814
2018-03-07,432.0,441,435,441.0,14773
2018-03-11,441.0,440,432,433.0,7761
2018-03-12,433.0,438,431,436.0,7224
2018-03-13,436.0,439,431,439.0,5894
2018-03-14,439.0,439,431,439.0,8840
2018-03-15,439.0,441,435,440.0,3363
2018-03-18,440.0,441,433,436.0,10435
2018-03-19,436.0,439,433,433.0,5900
2018-03-20,433.0,433,420,424.0,7288
2018-03-21,424.0,425,416,420.0,7025
2018-03-22,420.0,420,410,412.0,18850
2018-03-26,412.0,406,393,395.0,17197
2018-03-27,395.0,410,384,410.0,12758
2018-03-28,410.0,423,402,420.0,12649
2018-03-29,420.0,430,418,421.0,7500
2018-04-01,421.0,421,410,414.0,4613
2018-04-02,414.0,420,413,413.0,3514
2018-04-03,413.0,418,410,416.0,2804
2018-04-04,416.0,426,416,425.0,5028
2018-04-05,425.0,444,426,441.0,11937
2018-04-08,441.0,455,438,453.0,13817
2018-04-09,453.0,462,448,448.0,6869
2018-04-10,448.0,450,440,446.0,6729
2018-04-11,446.0,444,431,435.0,17387
2018-04-12,435.0,445,438,445.0,13223
2018-04-15,445.0,445,434,440.0,4663
2018-04-16,440.0,446,439,444.0,5964
2018-04-17,444.0,461,445,456.0,9962
2018-04-18,456.0,479,450,457.0,16845
2018-04-19,457.0,480,456,479.0,31030
2018-04-22,479.0,490,476,486.0,35631
2018-04-23,486.0,502,477,478.0,35071
2018-04-24,478.0,485,474,479.0,13367
2018-04-25,479.0,479,470,472.0,13223
2018-04-26,472.0,481,466,473.0,14450
2018-04-29,473.0,475,465,466.0,4650
2018-05-02,466.0,469,452,469.0,6375
2018-05-03,469.0,477,469,470.0,9608
2018-05-06,470.0,476,466,466.0,4645
2018-05-07,466.0,468,460,463.0,18538
2018-05-08,463.0,469,462,469.0,11667
2018-05-09,469.0,470,460,463.0,35837
2018-05-10,463.0,466,462,463.0,25579
2018-05-14,463.0,462,458,460.0,11526
2018-05-15,460.0,461,460,461.0,2935
2018-05-16,461.0,464,459,460.0,10975
2018-05-17,460.0,465,458,465.0,13794
2018-05-20,465.0,471,458,465.0,17259
2018-05-21,465.0,461,458,460.0,4432
2018-05-22,460.0,460,451,458.0,2770
2018-05-23,458.0,456,453,455.0,10050
2018-05-24,455.0,453,450,450.0,7374
2018-05-27,450.0,445,437,437.0,9758
2018-05-28,437.0,452,430,444.0,12893
2018-05-29,444.0,436,413,419.0,71425
2018-05-30,419.0,420,411,414.0,25450
2018-05-31,414.0,415,405,405.0,13468
2018-06-03,405.0,413,390,397.0,14422
2018-06-04,397.0,401,395,395.0,14887
2018-06-06,395.0,410,395,395.0,5153
2018-06-07,395.0,392,380,380.0,18666
2018-06-10,380.0,375,366,370.0,28282
2018-06-11,370.0,378,363,371.0,14404
2018-06-12,371.0,371,366,367.0,5902
2018-06-13,367.0,371,362,368.0,14440
2018-06-14,368.0,382,368,372.0,28450
2018-06-17,372.0,365,355,355.0,54367
2018-06-18,355.0,353,349,351.0,31970
2018-06-19,351.0,357,349,350.0,20717
2018-06-20,350.0,366,351,351.0,12642
2018-06-21,351.0,358,345,349.0,12027
2018-06-24,349.0,355,349,349.0,8269
2018-06-25,349.0,349,344,348.0,7154
2018-06-26,348.0,349,342,346.0,8852
2018-06-27,346.0,347,342,346.0,3093
2018-06-28,346.0,347,344,346.0,8967
2018-07-01,346.0,347,342,342.0,8686
2018-07-02,342.0,345,339,340.0,1603
2018-07-03,340.0,343,338,339.0,10252
2018-07-04,339.0,344,338,344.0,6609
2018-07-05,344.0,354,341,352.0,13376
2018-07-08,352.0,360,349,349.0,5432
2018-07-09,349.0,346,341,343.0,5778
2018-07-10,343.0,349,342,345.0,3010
2018-07-11,345.0,358,351,354.0,14091
2018-07-12,354.0,361,352,354.0,15943
2018-07-15,354.0,354,350,351.0,8501
2018-07-16,351.0,364,353,358.0,10405
2018-07-17,358.0,360,353,355.0,11362
2018-07-18,355.0,358,354,358.0,10586
2018-07-19,358.0,360,355,358.0,7413
2018-07-22,358.0,356,353,354.0,4968
2018-07-23,354.0,357,352,354.0,8746
2018-07-24,354.0,362,353,355.0,16560
2018-07-25,355.0,357,354,354.0,7583
2018-07-26,354.0,359,354,354.0,14723
2018-07-29,354.0,362,356,361.0,23014
2018-07-30,361.0,368,360,364.0,29197
2018-07-31,364.0,371,364,364.0,21554
2018-08-01,364.0,369,365,365.0,78789
2018-08-02,317.0,328,316,318.0,7604
2018-08-05,318.0,318,316,317.0,5941
2018-08-06,317.0,317,314,315.0,6278
2018-08-07,315.0,316,313,316.0,9910
2018-08-08,316.0,319,314,316.0,15347
2018-08-09,316.0,320,311,313.0,9044
2018-08-12,313.0,318,307,307.0,8808
2018-08-13,307.0,313,305,311.0,7615
2018-08-14,311.0,320,311,320.0,12295
2018-08-15,320.0,326,318,323.0,28492
2018-08-16,323.0,335,320,332.0,51341
2018-08-19,332.0,331,325,328.0,11354
2018-08-20,328.0,332,323,325.0,14521
2018-08-21,325.0,325,322,323.0,9433
2018-08-22,323.0,319,315,318.0,16189
2018-08-23,318.0,313,303,310.0,161413
2018-08-26,310.0,310,306,308.0,25943
2018-08-28,308.0,312,303,312.0,46421
2018-08-29,312.0,318,308,311.0,28137
2018-08-30,311.0,316,310,316.0,31183
2018-09-02,316.0,326,315,324.0,65508
2018-09-03,324.0,329,322,325.0,76056
2018-09-04,325.0,331,323,325.0,78790
2018-09-05,325.0,337,325,333.0,135629
2018-09-06,333.0,342,332,336.0,308143
2018-09-09,336.0,339,331,334.0,62496
2018-09-10,334.0,335,330,331.0,29571
2018-09-11,331.0,335,331,334.0,47395
2018-09-12,334.0,340,333,338.0,89009
2018-09-13,338.0,359,337,352.0,172322
2018-09-16,352.0,372,352,360.0,203588
2018-09-17,360.0,365,355,357.0,172901
2018-09-18,357.0,360,355,358.0,69287
2018-09-20,358.0,363,356,361.0,106780
2018-09-23,361.0,372,358,368.0,107016
2018-09-25,368.0,380,368,377.0,130933
2018-09-26,377.0,377,367,373.0,162596
2018-09-27,373.0,377,369,370.0,57983
2018-09-30,370.0,371,363,364.0,72493
2018-10-01,364.0,364,355,356.0,78213
2018-10-02,356.0,360,353,357.0,46909
2018-10-03,357.0,358,349,350.0,74537
2018-10-04,350.0,354,345,350.0,91385
2018-10-07,350.0,350,345,345.0,58212
2018-10-08,345.0,352,346,350.0,25561
2018-10-09,350.0,354,346,348.0,34322
2018-10-10,348.0,350,347,348.0,12623
2018-10-11,348.0,356,348,356.0,39258
2018-10-14,356.0,364,358,362.0,68134
2018-10-15,362.0,365,359,360.0,61656
2018-10-21,360.0,366,359,363.0,28624
2018-10-22,363.0,365,361,362.0,10989
2018-10-23,362.0,363,359,362.0,16420
2018-10-24,362.0,362,359,360.0,22081
2018-10-25,360.0,363,355,355.0,21059
2018-10-28,355.0,361,351,352.0,28925
2018-10-29,352.0,352,347,349.0,23255
2018-10-30,349.0,353,346,353.0,23401
2018-10-31,353.0,354,351,353.0,13920
2018-11-01,353.0,354,350,351.0,24500
2018-11-04,351.0,350,344,347.0,19436
2018-11-05,347.0,353,347,351.0,17500
2018-11-06,354.0,356,347,354.0,3741
2018-11-07,347.0,356,347,0.0,391812
2018-11-10,354.0,356,347,354.0,3741
2018-11-11,354.0,354,349,349.0,5503
2018-11-12,349.0,350,345,0.0,6971
2018-11-13,346.0,351,344,349.0,11755
2018-11-14,349.0,350,347,349.0,16276
2018-11-15,349.0,352,345,346.0,17565
2018-11-18,346.0,346,342,344.0,9826
2018-11-19,344.0,345,341,344.0,8350
2018-11-20,344.0,345,341,342.0,18053
2018-11-21,342.0,344,337,340.0,52506
2018-11-22,340.0,362,347,356.0,216276
2018-11-25,356.0,360,355,356.55,102174
2018-11-26,356.55,358,355,357.03,63797
2018-11-27,357.03,360,357,358.0,54285
2018-11-28,358.0,360,357,359.94,58465
2018-11-29,359.94,363,359,359.88,74131
2018-12-02,359.88,361,355,357.0,96983
2018-12-03,357.0,362,355,358.0,39922
2018-12-04,358.0,360,357,359.0,59267
2018-12-05,359.0,359,351,351.0,67092
2018-12-06,351.0,357,347,356.0,126543
2018-12-09,356.0,359,355,359.0,41526
2018-12-10,359.0,363,359,363.0,52419
2018-12-11,363.0,368,360,363.0,69343
2018-12-12,363.0,365,362,363.0,42441
2018-12-13,363.0,372,363,370.0,45063
2018-12-16,370.0,377,370,374.0,49299
2018-12-17,374.0,384,374,384.0,81010
2018-12-18,384.0,391,375,378.0,114723
2018-12-19,378.0,383,374,380.0,93014
2018-12-20,380.0,388,379,381.0,148662
2018-12-23,381.0,395,381,392.0,185289
2018-12-24,392.0,398,385,387.0,255737
2018-12-25,351.82,365,335,336.0,68089
2018-12-26,336.0,347,335,343.0,56139
2018-12-27,343.0,345,335,337.0,47419
2018-12-30,337.0,339,333,335.0,24462
2018-12-31,335.0,335,328,328.0,43609
2019-01-01,328.0,332,325,325.0,21531
2019-01-02,325.0,329,320,322.0,31098
2019-01-03,322.0,325,321,323.0,19534
2019-01-06,323.0,324,318,319.0,13603
2019-01-07,319.0,325,315,324.0,15486
2019-01-08,324.0,329,324,326.0,20069
2019-01-09,326.0,330,326,326.0,10488
2019-01-10,326.0,328,325,325.0,19545
2019-01-13,325.0,326,321,326.0,13010
2019-01-14,326.0,326,322,325.0,16856
2019-01-15,325.0,329,325,325.0,8855
2019-01-16,325.0,328,322,323.0,15916
2019-01-17,323.0,324,321,324.0,8437
2019-01-20,324.0,324,320,321.0,4907
2019-01-21,321.0,323,318,319.0,19465
2019-01-22,319.0,323,317,317.0,28442
2019-01-23,317.0,320,317,320.0,14725
2019-01-24,320.0,322,317,319.0,19202
2019-01-27,319.0,323,315,316.0,32446
2019-01-28,316.0,320,316,317.0,26798
2019-01-29,317.0,318,315,316.0,12095
2019-01-30,316.0,317,315,317.0,12242
2019-01-31,317.0,318,316,317.0,9956
2019-02-03,317.0,319,315,316.0,42639
2019-02-04,316.0,318,314,316.0,19122
2019-02-05,316.0,317,312,315.0,26733
2019-02-06,315.0,317,312,312.0,20208
2019-02-07,312.0,315,312,313.0,16558
2019-02-10,313.0,314,310,310.0,22620
2019-02-11,310.0,314,307,311.0,26558
2019-02-12,311.0,313,310,311.0,15882
2019-02-13,311.0,317,309,311.0,17557
2019-02-14,311.0,311,307,308.0,30824
2019-02-17,308.0,311,306,309.0,23812
2019-02-18,309.0,309,304,306.0,34435
2019-02-19,306.0,309,305,309.0,12380
2019-02-20,309.0,310,305,305.0,19783
2019-02-21,305.0,308,301,301.0,21119
2019-02-24,301.0,307,300,302.0,23498
2019-02-25,302.0,306,300,302.0,22112
2019-02-26,302.0,305,302,304.0,19594
2019-02-27,304.0,307,302,303.0,33696
2019-03-03,303.0,307,302,307.0,31553
2019-03-05,307.0,307,303,306.0,25718
2019-03-06,306.0,308,304,306.0,37701
2019-03-07,306.0,315,306,315.0,18431
2019-03-10,315.0,320,311,318.0,15296
2019-03-11,318.0,322,316,322.0,30794
2019-03-12,322.0,327,320,326.0,39762
2019-03-13,326.0,330,319,321.0,47284
2019-03-14,321.0,326,319,325.0,27872
2019-03-17,325.0,328,325,326.0,28877
2019-03-18,326.0,329,323,325.0,29983
2019-03-19,325.0,330,322,322.0,7431
2019-03-21,322.0,325,321,321.0,12394
2019-03-24,321.0,324,317,318.0,24543
2019-03-25,318.0,325,317,322.0,13920
2019-03-26,322.0,327,319,325.0,29747
2019-03-27,325.0,326,323,325.0,29980
2019-03-28,325.0,327,324,327.0,26581
2019-03-31,327.0,330,326,328.0,16376
2019-04-01,328.0,332,323,331.0,49552
2019-04-02,331.0,339,332,335.0,80947
2019-04-03,335.0,340,331,338.0,63376
2019-04-04,338.0,339,334,336.0,37453
2019-04-07,336.0,352,335,349.0,96825
2019-04-08,349.0,364,346,357.0,152538
2019-04-09,357.0,364,351,351.0,95391
2019-04-10,351.0,357,347,355.0,72189
2019-04-11,355.0,358,352,356.0,86342
2019-04-15,356.0,362,356,362.0,45727
2019-04-16,362.0,377,360,377.0,185038
2019-04-17,377.0,390,373,389.0,189582
2019-04-18,389.0,390,384,385.0,93648
2019-04-21,385.0,390,379,388.0,96067
2019-04-22,388.0,389,377,382.0,92343
2019-04-23,382.0,386,378,380.0,76009
2019-04-24,380.0,391,380,390.0,102457
2019-04-25,390.0,400,390,396.0,134958
2019-04-28,396.0,398,389,389.0,135953
2019-04-29,389.0,391,383,386.0,76279
2019-04-30,386.0,390,380,386.0,42185
2019-05-02,386.0,386,379,383.0,42074
2019-05-05,383.0,385,375,376.0,56175
2019-05-06,376.0,386,374,386.0,81644
2019-05-07,386.0,391,385,387.0,68794
2019-05-08,387.0,386,382,383.0,28675
2019-05-09,383.0,385,376,380.0,98484
2019-05-12,380.0,382,375,381.0,22299
2019-05-13,381.0,381,378,381.0,21419
2019-05-14,381.0,388,380,388.0,76797
2019-05-15,388.0,392,385,387.0,81993
2019-05-16,387.0,385,380,382.0,48836
2019-11-07,351.32,350,333,347.0,328151
2019-11-10,347.0,360,347,356.0,162209
2019-11-11,356.0,390,363,383.0,367157
2019-11-12,383.0,390,363,380.0,169096
2019-11-13,380.0,380,376,378.0,82679
2019-11-14,378.0,381,376,380.0,113239
2019-11-17,380.0,386,381,385.0,84288
2019-11-18,385.0,387,384,386.0,95670
2019-11-19,386.0,387,384,384.0,83147
2019-11-20,384.0,390,385,386.0,91627
2019-11-21,386.0,386,381,382.0,112465
2019-11-24,382.0,385,378,378.0,55696
2019-11-25,378.0,381,375,379.0,54533
2019-11-26,379.0,382,378,380.0,35062
2019-11-27,380.0,384,379,383.0,72063
2019-11-28,383.0,385,383,383.0,41618
2019-12-01,383.0,385,383,385.0,45092
2019-12-02,385.0,385,383,385.0,50456
2019-12-03,385.0,388,384,385.0,49590
2019-12-04,385.0,387,385,387.0,44700
2019-12-05,387.0,388,386,388.0,57511
2019-12-08,388.0,389,385,388.0,41612
2019-12-09,388.0,390,386,388.0,49463
2019-12-10,388.0,392,388,391.0,99238
2019-12-11,391.0,397,385,395.0,69169
2019-12-12,395.0,399,395,397.0,96469
2019-12-15,397.0,407,397,403.0,158040
2019-12-16,403.0,405,400,400.0,113564
2019-12-17,400.0,403,397,401.0,86445
2019-12-18,401.0,403,399,400.0,122451
2019-12-19,400.0,402,400,402.0,307226
2019-12-22,332.23,332,322,326.0,102132
2019-12-23,326.0,327,324,327.0,98291
2019-12-24,327.0,330,325,325.0,56332
2019-12-25,325.0,330,323,324.0,30314
2019-12-26,324.0,329,323,325.0,41536
2019-12-29,325.0,325,322,323.0,17853
2019-12-30,323.0,324,321,324.0,78507
2019-12-31,324.0,324,322,324.0,32462
2020-01-01,324.0,324,322,323.0,23763
2020-01-02,323.0,324,322,323.0,27521
2020-01-05,323.0,329,322,329.0,54331
2020-01-06,329.0,336,330,334.0,68334
2020-01-07,334.0,341,334,340.0,79407
2020-01-08,340.0,346,335,337.0,57283
2020-01-09,337.0,340,334,335.0,28036
2020-01-12,335.0,368,337,361.0,75020
2020-01-13,361.0,371,356,362.0,116507
2020-01-14,362.0,363,354,359.0,50061
2020-01-15,359.0,372,359,367.0,87561
2020-01-16,367.0,381,373,375.0,91468
2020-01-19,375.0,381,375,376.0,82278
2020-01-20,376.0,383,366,368.0,101949
2020-01-21,368.0,373,365,368.0,55039
2020-01-22,368.0,369,362,362.0,49584
2020-01-23,362.0,364,352,355.0,53615
2020-01-26,355.0,358,350,350.0,40888
2020-01-27,350.0,360,346,357.0,55255
2020-01-28,357.0,364,358,360.0,55136
2020-01-29,360.0,361,355,358.0,37059
2020-01-30,358.0,367,354,366.0,59668
2020-02-02,366.0,374,366,370.0,85366
2020-02-03,370.0,377,370,370.0,79966
2020-02-04,370.0,374,366,366.0,42203
2020-02-05,366.0,368,364,367.0,29230
2020-02-06,367.0,369,365,366.0,26157
2020-02-09,366.0,373,365,368.0,63312
2020-02-10,368.0,373,369,372.0,51686
2020-02-11,372.0,380,372,380.0,92952
2020-02-12,380.0,388,380,384.0,113683
2020-02-13,384.0,386,380,380.0,72585
2020-02-16,380.0,383,377,380.0,46674
2020-02-17,380.0,400,384,399.0,192370
2020-02-18,399.0,415,403,410.0,234055
2020-02-19,410.0,417,407,409.0,61581
2020-02-20,409.0,415,408,413.0,76737
2020-02-23,413.0,454,413,454.0,284029
2020-02-24,454.0,499,465,474.0,424714
2020-02-25,474.0,487,462,477.0,196613
2020-02-26,477.0,495,480,484.0,148457
2020-02-27,484.0,504,466,498.0,318594
2020-03-01,498.0,517,490,498.0,529912
2020-03-02,498.0,501,463,463.0,184765
2020-03-03,463.0,494,445,479.0,531054
2020-03-04,479.0,481,460,460.0,297065
2020-03-05,460.0,470,451,460.0,275113
2020-03-10,460.0,454,419,423.0,154625
2020-03-11,423.0,451,420,448.0,276505
2020-03-12,448.0,455,432,437.0,213976
2020-03-15,437.0,431,409,414.0,252241
2020-03-16,414.0,420,400,408.0,235808
2020-03-17,408.0,409,383,388.0,235439
2020-03-18,388.0,397,373,385.0,155135
2020-03-19,385.0,398,366,386.0,186484
2020-03-22,386.0,393,375,377.0,51747
2020-05-12,377.0,370,366,366.0,160
2020-05-13,366.0,359,356,356.0,110
2020-06-29,356.0,349,321,345.0,68746
2020-06-30,345.0,372,340,365.0,17394
2020-07-01,365.0,401,372,399.0,44805
2020-07-02,399.0,426,365,365.0,51529
2020-07-05,365.0,378,355,369.0,111039
2020-07-06,369.0,381,366,381.0,69440
2020-07-07,381.0,399,384,392.0,129940
2020-07-08,392.0,398,380,389.0,115813
2020-07-12,385.0,395,380,383.0,65612
2020-07-13,383.0,390,380,382.0,94276
2020-07-14,382.0,389,379,387.0,179009
2020-07-16,397.0,415,404,413.0,201806
2020-07-19,413.0,454,433,454.0,6361
2020-07-20,454.0,499,430,443.0,441191
2020-07-21,443.0,451,432,437.0,316083
2020-07-22,437.0,447,426,429.0,187887
2020-07-23,429.0,435,423,431.0,147191
2020-07-26,431.0,445,427,439.0,152742
2020-07-27,439.0,449,435,438.0,132399
2020-07-28,438.0,444,433,437.0,146800
2020-07-29,437.0,437,428,430.0,131183
2020-07-30,430.0,434,422,430.0,107799
2020-08-02,430.0,432,413,415.0,200556
2020-08-03,415.0,425,407,419.0,109441
2020-08-06,410.0,412,400,409.0,88592
2020-08-09,409.0,412,400,411.0,78628
2020-08-10,411.0,432,411,429.0,184024
2020-08-11,429.0,437,422,427.0,106033
2020-08-12,427.0,432,423,428.0,42064
2020-08-13,428.0,427,417,417.0,97693
2020-08-16,417.0,415,402,410.0,151362
2020-08-17,410.0,414,408,411.0,92115
2020-08-18,411.0,418,410,413.0,56122
2020-08-19,413.0,413,403,409.0,64888
2020-08-20,409.0,414,405,410.0,30416
2020-08-23,410.0,413,409,413.0,45095
2020-08-24,413.0,423,415,421.0,129693
2020-08-25,421.0,437,419,421.0,89663
2020-08-26,421.0,442,420,433.0,185649
2020-08-27,433.0,440,426,426.0,161170
2020-08-31,424.0,433,424,428.0,230120
2020-09-02,428.0,437,429,435.0,186415
2020-09-03,435.0,437,428,432.0,102243
2020-09-06,432.0,450,425,427.0,142996
2020-09-07,427.0,429,419,419.0,93941
2020-09-08,419.0,423,415,420.0,100359
2020-09-09,420.0,421,412,420.0,121594
2020-09-10,420.0,426,416,421.0,77534
2020-09-13,421.0,423,417,422.0,81927
2020-09-14,422.0,431,422,424.0,158797
2020-09-15,424.0,429,419,421.0,89839
2020-09-16,421.0,427,416,419.0,44561
2020-09-17,419.0,437,419,425.0,177572
2020-09-20,425.0,432,424,426.0,102521
2020-09-21,426.0,427,419,422.0,112661
2020-09-22,422.0,422,412,416.0,178294
2020-09-23,416.0,418,413,417.0,74417
2020-09-24,417.0,417,414,417.0,83439
2020-09-27,417.0,421,413,419.0,120737
2020-09-28,419.0,420,414,415.0,59279
2020-09-29,415.0,418,413,414.0,41491
2020-09-30,414.0,415,412,415.0,116461
2020-10-01,415.0,435,412,416.0,89254
2020-10-04,416.0,430,417,417.0,86015
2020-10-05,417.0,424,413,415.0,140499
2020-10-06,415.0,435,411,415.0,162936
2020-10-07,415.0,417,412,417.0,110503
2020-10-08,417.0,420,413,414.0,93780
2020-10-11,414.0,415,410,411.0,128177
2020-10-12,411.0,417,408,412.0,81820
2020-10-13,412.0,412,408,409.0,90290
2020-10-14,409.0,412,408,410.0,56646
2020-10-15,410.0,417,408,408.0,37831
2020-10-18,408.0,410,405,408.0,43817
2020-10-19,408.0,409,405,408.0,41725
2020-10-20,408.0,411,408,410.0,40447
2020-10-21,410.0,423,414,418.0,98551
2020-10-22,418.0,424,419,421.0,116378
2020-10-28,421.0,432,424,432.0,179025
2020-10-29,432.0,440,431,433.0,284334
2020-11-01,433.0,441,425,426.0,110211
2020-11-02,426.0,426,420,423.0,129530
2020-11-03,423.0,424,420,422.0,82561
2020-11-04,422.0,430,419,421.0,54797
2020-11-05,421.0,424,420,421.0,59701
2020-11-08,421.0,424,418,419.0,86825
2020-11-09,419.0,422,399,415.0,125672
2020-11-10,415.0,420,412,417.0,175699
2020-11-11,417.0,431,419,426.0,188385
2020-11-12,426.0,434,427,428.0,248456
2020-11-18,428.0,436,425,427.0,124249
2020-11-19,427.0,432,426,430.0,167844
2020-11-22,430.0,451,426,436.0,266471
2020-11-23,436.0,438,429,432.0,119303
2020-11-24,432.0,437,430,430.0,163542
2020-11-25,430.0,445,434,438.0,231704
2020-11-26,438.0,450,439,444.0,311506
2020-11-29,444.0,484,448,479.0,460172
2020-11-30,479.0,505,459,464.0,472431
2020-12-01,464.0,470,450,456.0,237708
2020-12-02,456.0,471,448,461.0,197191
2020-12-03,461.0,485,460,467.0,256063
2020-12-06,467.0,474,442,445.0,207676
2020-12-07,445.0,459,426,450.0,185378
2020-12-08,450.0,464,447,451.0,141092
2020-12-09,451.0,473,442,443.0,117324
2020-12-10,443.0,465,438,442.0,107388
2020-12-13,442.0,464,445,454.0,246575
2020-12-14,454.0,469,453,456.0,115113
2020-12-15,456.0,462,452,454.0,115112
2020-12-16,454.0,462,449,457.0,141784
2020-12-17,457.0,479,450,452.0,145867
2020-12-20,452.0,452,433,435.0,271243
2020-12-21,435.0,442,411,433.0,255964
2020-12-22,433.0,441,427,436.0,282250
2020-12-23,436.0,450,431,433.0,167601
2020-12-24,433.0,439,427,428.0,110812
2020-12-27,428.0,433,424,426.0,172515
2020-12-28,426.0,429,420,423.0,70074
2020-12-29,423.0,429,421,422.0,127605
2020-12-30,422.0,430,420,427.0,213444
2020-12-31,378.0,391,379,388.0,218544
2021-01-03,388.0,412,392,407.0,330742
2021-01-04,407.0,422,406,411.0,243148
2021-01-05,411.0,416,401,409.0,181295
2021-01-06,409.0,417,407,409.0,162719
2021-01-07,409.0,416,408,408.0,226348
2021-01-10,408.0,424,412,423.0,318095
2021-01-11,423.0,450,423,437.0,427211
2021-01-12,437.0,445,431,437.0,180534
2021-01-13,437.0,446,439,444.0,284054
2021-01-17,444.0,451,440,446.0,271617
2021-01-18,446.0,449,438,439.0,197747
2021-01-19,439.0,445,433,436.0,169492
2021-01-20,436.0,457,431,437.0,186008
2021-01-21,437.0,443,434,435.0,193265
2021-01-24,435.0,442,430,433.0,260333
