Date,Open,High,Low,Close,Adj Close,Volume
2014-09-22,30.309999465942383,32.5,30.25,31.0,28.988798141479492,6300
2014-09-23,31.40999984741211,32.0,31.100000381469727,31.350000381469727,29.31608772277832,40400
2014-09-24,32.0,33.59000015258789,31.75,32.97999954223633,30.840343475341797,532400
2014-09-25,32.5,33.70000076293945,31.469999313354492,31.75,29.690139770507812,693000
2014-09-26,32.0,34.35499954223633,31.1200008392334,31.1200008392334,29.10102081298828,628300
2014-09-29,32.0,32.0,30.75,30.75,28.755022048950195,1059300
2014-09-30,30.610000610351562,31.799999237060547,30.200000762939453,30.59000015258789,28.60539436340332,36993900
2014-10-01,30.1299991607666,31.350000381469727,30.1299991607666,31.0,28.988798141479492,9871200
2014-10-02,30.56999969482422,31.299999237060547,30.0,30.299999237060547,28.33421516418457,9190500
2014-10-03,29.899999618530273,29.989999771118164,29.0,29.559999465942383,27.642227172851562,5041300
2014-10-06,29.049999237060547,29.709999084472656,29.0,29.420000076293945,27.511308670043945,5002600
2014-10-07,29.030000686645508,29.149999618530273,27.139999389648438,27.5,25.715877532958984,6923200
2014-10-08,26.81999969482422,28.1200008392334,26.4950008392334,27.81999969482422,26.015108108520508,9502200
2014-10-09,27.229999542236328,27.360000610351562,26.149999618530273,26.530000686645508,24.808805465698242,7992100
2014-10-10,26.219999313354492,26.549999237060547,25.850000381469727,26.0,24.31319236755371,4866600
2014-10-13,25.850000381469727,27.790000915527344,25.809999465942383,26.174999237060547,24.476837158203125,3644400
2014-10-14,26.25,26.31999969482422,25.81999969482422,25.979999542236328,24.294483184814453,3675400
2014-10-15,25.59000015258789,25.989999771118164,25.049999237060547,25.510000228881836,23.8549747467041,4842900
2014-10-16,25.010000228881836,25.860000610351562,25.0,25.219999313354492,23.58379364013672,2888400
2014-10-17,25.200000762939453,26.950000762939453,25.200000762939453,26.670000076293945,24.939720153808594,2877000
2014-10-20,26.270000457763672,27.260000228881836,26.079999923706055,27.200000762939453,25.43533706665039,2651000
2014-10-21,27.299999237060547,28.100000381469727,26.850000381469727,28.030000686645508,26.211484909057617,3339300
2014-10-22,28.190000534057617,28.3700008392334,27.549999237060547,28.1200008392334,26.295650482177734,1746100
2014-10-23,27.75,29.899999618530273,26.440000534057617,29.09000015258789,27.202716827392578,5925400
2014-10-24,28.989999771118164,29.6200008392334,28.93000030517578,29.3700008392334,27.464553833007812,1319900
2014-10-27,29.0,30.100000381469727,28.549999237060547,29.790000915527344,27.857301712036133,3807800
2014-10-28,31.5,33.34000015258789,31.0,33.02000045776367,30.877750396728516,8609700
2014-10-29,32.9900016784668,33.099998474121094,32.04499816894531,32.36000061035156,30.26056671142578,3373400
2014-10-30,32.119998931884766,32.93000030517578,31.829999923706055,32.650001525878906,30.531753540039062,1618800
2014-10-31,32.810001373291016,33.880001068115234,32.43000030517578,33.599998474121094,31.42011833190918,2889000
2014-11-03,33.400001525878906,33.72999954223633,33.2599983215332,33.61000061035156,31.429475784301758,2896400
2014-11-04,33.290000915527344,33.689998626708984,33.22999954223633,33.619998931884766,31.438827514648438,1691800
2014-11-05,33.900001525878906,34.66999816894531,33.52000045776367,34.619998931884766,32.37394714355469,3781300
2014-11-06,34.849998474121094,36.45000076293945,34.63999938964844,36.099998474121094,33.75792694091797,3509600
2014-11-07,36.099998474121094,36.77000045776367,35.75,36.59000015258789,34.21613311767578,1967400
2014-11-10,36.439998626708984,36.939998626708984,36.150001525878906,36.810001373291016,34.42185974121094,1412100
2014-11-11,36.59000015258789,38.91999816894531,36.380001068115234,38.790000915527344,36.273406982421875,3684900
2014-11-12,38.29999923706055,40.7599983215332,38.29999923706055,40.02000045776367,37.42361068725586,3899900
2014-11-13,39.939998626708984,42.0,39.35599899291992,41.93000030517578,39.209693908691406,2225000
2014-11-14,41.790000915527344,42.119998931884766,39.560001373291016,39.66999816894531,37.0963020324707,2091600
2014-11-17,38.65999984741211,40.40999984741211,37.900001525878906,40.2400016784668,37.62934494018555,1425300
2014-11-18,40.13999938964844,40.20000076293945,38.279998779296875,39.099998474121094,36.56329345703125,1122400
2014-11-19,39.02000045776367,39.13999938964844,38.0,38.400001525878906,35.90871047973633,727800
2014-11-20,37.9900016784668,38.45000076293945,37.81999969482422,38.13999938964844,35.66557693481445,1729900
2014-11-21,38.41999816894531,38.70000076293945,37.97999954223633,38.45000076293945,35.95546340942383,2117000
2014-11-24,38.20000076293945,38.540000915527344,37.869998931884766,38.470001220703125,35.97417068481445,1600800
2014-11-25,38.45000076293945,38.560001373291016,38.099998474121094,38.2400016784668,35.75908279418945,1686600
2014-11-26,37.959999084472656,38.78499984741211,37.83000183105469,37.970001220703125,35.618385314941406,745700
2014-11-28,37.5,38.52000045776367,37.5,38.06999969482422,35.712181091308594,389400
2014-12-01,37.81999969482422,39.625,37.630001068115234,39.439998626708984,36.9973258972168,1339800
2014-12-02,41.58000183105469,41.58000183105469,38.599998474121094,40.470001220703125,37.96354293823242,1530000
2014-12-03,40.25,41.15999984741211,40.099998474121094,40.560001373291016,38.0479736328125,1747300
2014-12-04,40.349998474121094,41.0099983215332,40.06999969482422,40.88999938964844,38.35752487182617,871900
2014-12-05,40.709999084472656,41.0,39.869998931884766,40.060001373291016,37.578941345214844,941400
2014-12-08,39.84000015258789,40.9900016784668,39.439998626708984,40.34000015258789,37.84159469604492,1343600
2014-12-09,39.20000076293945,40.93000030517578,39.20000076293945,40.779998779296875,38.25434494018555,943100
2014-12-10,40.43000030517578,41.349998474121094,39.720001220703125,39.900001525878906,37.4288444519043,1179700
2014-12-11,39.790000915527344,40.810001373291016,39.650001525878906,40.16999816894531,37.6821174621582,1769700
2014-12-12,39.060001373291016,40.439998626708984,39.04999923706055,40.0099983215332,37.53203201293945,979800
2014-12-15,39.970001220703125,39.970001220703125,38.97999954223633,39.41999816894531,36.97856903076172,849700
2014-12-16,38.93000030517578,39.83000183105469,38.720001220703125,38.77000045776367,36.368839263916016,1332800
2014-12-17,39.310001373291016,40.470001220703125,39.0,40.349998474121094,37.850982666015625,942600
2014-12-18,40.75,40.77000045776367,39.56999969482422,40.709999084472656,38.18867874145508,1063000
2014-12-19,40.5,40.90999984741211,39.599998474121094,40.290000915527344,37.7946891784668,4073000
2014-12-22,40.18000030517578,40.25,39.334999084472656,39.79999923706055,37.33503723144531,745800
2014-12-23,39.83000183105469,41.5,39.78300094604492,40.599998474121094,38.08549118041992,969500
2014-12-24,40.72999954223633,41.34000015258789,40.720001220703125,41.25,38.69523239135742,203400
2014-12-26,41.380001068115234,43.15999984741211,41.209999084472656,41.290000915527344,38.73275375366211,2465500
2014-12-29,41.040000915527344,41.20000076293945,40.40999984741211,40.97999954223633,38.441951751708984,364500
2014-12-30,40.56999969482422,40.689998626708984,40.150001525878906,40.40999984741211,37.907264709472656,500300
2014-12-31,40.220001220703125,40.970001220703125,40.060001373291016,40.7599983215332,38.23557662963867,498800
2015-01-02,40.790000915527344,41.29999923706055,39.36000061035156,40.470001220703125,37.96354293823242,914900
2015-01-05,39.790000915527344,40.09000015258789,39.5099983215332,39.81999969482422,37.353797912597656,1048100
2015-01-06,39.77000045776367,40.060001373291016,38.83000183105469,39.709999084472656,37.250614166259766,1018700
2015-01-07,39.9900016784668,40.029998779296875,38.95000076293945,39.810001373291016,37.34442901611328,792600
2015-01-08,40.0,41.5,39.94499969482422,40.86000061035156,38.32939147949219,868800
2015-01-09,40.75,41.63999938964844,40.439998626708984,41.290000915527344,38.73275375366211,850500
2015-01-12,40.70000076293945,41.61000061035156,40.56999969482422,41.54999923706055,38.976654052734375,774400
2015-01-13,41.36000061035156,43.25,41.36000061035156,42.279998779296875,39.66143798828125,1193500
2015-01-14,41.36000061035156,42.709999084472656,41.0,41.939998626708984,39.342491149902344,789700
2015-01-15,41.849998474121094,42.689998626708984,41.439998626708984,41.709999084472656,39.12675094604492,1250500
2015-01-16,41.599998474121094,42.2599983215332,41.560001373291016,42.09000015258789,39.48321533203125,594800
2015-01-20,41.939998626708984,43.63999938964844,41.650001525878906,43.540000915527344,40.843414306640625,723100
2015-01-21,43.16999816894531,43.65999984741211,42.68000030517578,43.56999969482422,40.871559143066406,1042000
2015-01-22,43.869998931884766,45.56999969482422,43.720001220703125,44.95000076293945,42.166080474853516,1845300
2015-01-23,44.97999954223633,45.869998931884766,44.849998474121094,44.97999954223633,42.194217681884766,1222900
2015-01-26,45.029998779296875,47.220001220703125,44.97999954223633,46.52000045776367,43.63884353637695,2811100
2015-01-27,45.880001068115234,46.63999938964844,45.45000076293945,46.20000076293945,43.33867263793945,975000
2015-01-28,46.27000045776367,46.47999954223633,45.150001525878906,45.27000045776367,42.46626281738281,1818900
2015-01-29,45.25,45.720001220703125,45.1150016784668,45.650001525878906,42.82272720336914,1131000
2015-01-30,44.34000015258789,45.56999969482422,43.56999969482422,45.15999984741211,42.36307144165039,7143100
2015-02-02,45.22999954223633,45.9900016784668,44.41999816894531,45.439998626708984,42.62572479248047,1089200
2015-02-03,45.52000045776367,45.560001373291016,44.650001525878906,45.13999938964844,42.34431838989258,1608900
2015-02-04,44.599998474121094,45.52000045776367,44.13999938964844,44.9900016784668,42.20360565185547,1365400
2015-02-05,44.52000045776367,48.18000030517578,44.349998474121094,47.36000061035156,44.426815032958984,2202800
2015-02-06,47.369998931884766,48.5,46.70000076293945,47.689998626708984,44.73637771606445,1317000
2015-02-09,47.18000030517578,47.790000915527344,47.0099983215332,47.279998779296875,44.35177230834961,513800
2015-02-10,47.279998779296875,47.54899978637695,46.400001525878906,47.060001373291016,44.14540100097656,639400
2015-02-11,46.880001068115234,47.400001525878906,46.040000915527344,46.189998626708984,43.32927703857422,666700
2015-02-12,46.33000183105469,46.900001525878906,46.0,46.08000183105469,43.226097106933594,617100
2015-02-13,46.08000183105469,47.11000061035156,45.84000015258789,47.0,44.089107513427734,786700
2015-02-17,46.810001373291016,47.16999816894531,46.2599983215332,47.119998931884766,44.20167922973633,886400
2015-02-18,47.11000061035156,47.7599983215332,46.65999984741211,47.290000915527344,44.36116027832031,829300
2015-02-19,46.779998779296875,47.97999954223633,46.7599983215332,47.61000061035156,44.661338806152344,523800
2015-02-20,47.58000183105469,48.040000915527344,47.0,48.0,45.027183532714844,465200
2015-02-23,48.029998779296875,48.029998779296875,46.79999923706055,47.2400016784668,44.31425094604492,427800
2015-02-24,46.2599983215332,47.439998626708984,46.099998474121094,47.36000061035156,44.426815032958984,612400
2015-02-25,47.22999954223633,47.439998626708984,46.5099983215332,46.9900016784668,44.079734802246094,697000
2015-02-26,46.79999923706055,47.65999984741211,46.47999954223633,46.529998779296875,43.75996780395508,578800
2015-02-27,46.2599983215332,47.36000061035156,46.21099853515625,46.83000183105469,44.042118072509766,3636600
2015-03-02,46.77000045776367,47.13999938964844,46.34000015258789,47.0099983215332,44.211402893066406,561900
2015-03-03,46.72999954223633,47.189998626708984,46.41999816894531,46.7599983215332,43.976280212402344,583200
2015-03-04,46.439998626708984,46.68600082397461,45.23099899291992,46.130001068115234,43.3837890625,444000
2015-03-05,46.15999984741211,46.56999969482422,45.88999938964844,46.34000015258789,43.5812873840332,340000
2015-03-06,46.119998931884766,46.560001373291016,45.5,46.06999969482422,43.32735824584961,492900
2015-03-09,45.86000061035156,46.880001068115234,45.4900016784668,46.84000015258789,44.05153274536133,898700
2015-03-10,46.52000045776367,46.875999450683594,45.400001525878906,46.29999923706055,43.543670654296875,688900
2015-03-11,46.2599983215332,46.72999954223633,46.099998474121094,46.54999923706055,43.7787971496582,786000
2015-03-12,46.560001373291016,47.77000045776367,46.459999084472656,46.79999923706055,44.01390075683594,1052200
2015-03-13,46.849998474121094,47.20000076293945,46.34000015258789,46.810001373291016,44.02330780029297,402400
2015-03-16,46.7599983215332,47.72999954223633,46.7599983215332,47.65999984741211,44.82270812988281,784500
2015-03-17,47.619998931884766,48.439998626708984,47.20000076293945,47.81999969482422,44.973182678222656,771100
2015-03-18,47.650001525878906,49.0,47.36000061035156,48.72999954223633,45.82900619506836,564600
2015-03-19,48.38999938964844,48.7599983215332,48.33000183105469,48.5,45.612693786621094,536600
2015-03-20,48.58000183105469,49.79999923706055,48.209999084472656,48.33000183105469,45.45282745361328,1968300
2015-03-23,48.33000183105469,48.66999816894531,48.119998931884766,48.25,45.377586364746094,553700
2015-03-24,48.09000015258789,48.20000076293945,47.0099983215332,47.29999923706055,44.484134674072266,540700
2015-03-25,47.150001525878906,47.369998931884766,46.15999984741211,46.16999816894531,43.421417236328125,746200
2015-03-26,45.95000076293945,46.72200012207031,45.31999969482422,46.369998931884766,43.60950469970703,506300
2015-03-27,46.2400016784668,46.61000061035156,45.97999954223633,46.5,43.73176193237305,489800
2015-03-30,46.720001220703125,47.2599983215332,46.689998626708984,47.099998474121094,44.296051025390625,421400
2015-03-31,46.779998779296875,47.06999969482422,46.349998474121094,46.7599983215332,43.976280212402344,759600
2015-04-01,46.790000915527344,47.0099983215332,46.2599983215332,46.90999984741211,44.11734390258789,644200
2015-04-02,46.939998626708984,46.939998626708984,45.560001373291016,45.70000076293945,42.979400634765625,893800
2015-04-06,45.31999969482422,45.970001220703125,44.689998626708984,45.939998626708984,43.20510482788086,1225700
2015-04-07,45.9900016784668,46.2400016784668,45.7599983215332,45.970001220703125,43.233314514160156,662500
2015-04-08,45.84000015258789,46.029998779296875,45.540000915527344,45.900001525878906,43.167476654052734,773900
2015-04-09,45.95000076293945,46.790000915527344,45.61000061035156,46.630001068115234,43.85402297973633,1192500
2015-04-10,46.72999954223633,47.790000915527344,46.630001068115234,47.70000076293945,44.860328674316406,980200
2015-04-13,47.45000076293945,47.65999984741211,46.9900016784668,47.31999969482422,44.50294494628906,473400
2015-04-14,47.209999084472656,47.529998779296875,46.93000030517578,47.290000915527344,44.47473907470703,722600
2015-04-15,47.369998931884766,47.45000076293945,47.02000045776367,47.31999969482422,44.50294494628906,711200
2015-04-16,47.349998474121094,48.11000061035156,47.11000061035156,47.72999954223633,44.888545989990234,711600
2015-04-17,47.5099983215332,47.54999923706055,46.7400016784668,47.08000183105469,44.2772331237793,2802800
2015-04-20,47.560001373291016,48.11000061035156,47.09000015258789,47.59000015258789,44.75688171386719,1336400
2015-04-21,47.900001525878906,48.470001220703125,47.540000915527344,48.0,45.1424674987793,2981500
2015-04-22,48.209999084472656,48.33000183105469,47.72999954223633,47.9900016784668,45.133056640625,1152300
2015-04-23,47.939998626708984,49.16999816894531,47.630001068115234,48.869998931884766,45.9606819152832,907200
2015-04-24,49.060001373291016,49.400001525878906,48.54499816894531,49.189998626708984,46.26161193847656,792700
2015-04-27,49.310001373291016,49.38999938964844,48.5,48.790000915527344,45.88543701171875,1110600
2015-04-28,48.630001068115234,49.209999084472656,47.95000076293945,49.0,46.08292770385742,930100
2015-04-29,48.900001525878906,49.2400016784668,48.29499816894531,48.38999938964844,45.509254455566406,1398500
2015-04-30,47.84000015258789,48.34000015258789,45.95000076293945,47.91999816894531,45.067222595214844,3143100
2015-05-01,48.2599983215332,49.220001220703125,48.02000045776367,48.5099983215332,45.622100830078125,2116800
2015-05-04,48.720001220703125,49.2400016784668,48.599998474121094,48.97999954223633,46.06413269042969,971200
2015-05-05,48.970001220703125,49.099998474121094,48.40999984741211,48.97999954223633,46.06413269042969,1193600
2015-05-06,48.93000030517578,49.27000045776367,48.209999084472656,49.099998474121094,46.17697525024414,1414700
2015-05-07,48.849998474121094,49.75,48.849998474121094,49.5099983215332,46.56257247924805,1619900
2015-05-08,49.75,50.70000076293945,49.59000015258789,50.56999969482422,47.559471130371094,1329600
2015-05-11,50.4900016784668,51.939998626708984,50.42599868774414,51.58000183105469,48.50933837890625,1440300
2015-05-12,52.11000061035156,53.72999954223633,51.86000061035156,53.40999984741211,50.23040008544922,1527100
2015-05-13,53.16999816894531,54.630001068115234,53.09000015258789,54.0099983215332,50.79467010498047,1224500
2015-05-14,54.59000015258789,54.72999954223633,54.20000076293945,54.43000030517578,51.189674377441406,892800
2015-05-15,54.720001220703125,54.720001220703125,53.709999084472656,53.91999816894531,50.71004104614258,1388800
2015-05-18,53.959999084472656,54.290000915527344,53.70000076293945,54.0099983215332,50.79467010498047,1098000
2015-05-19,54.0,54.189998626708984,53.72999954223633,53.900001525878906,50.69123458862305,901200
2015-05-20,54.0,54.349998474121094,53.779998779296875,54.27000045776367,51.03919982910156,1647900
2015-05-21,54.189998626708984,54.25,53.400001525878906,54.119998931884766,50.898128509521484,1260100
2015-05-22,54.290000915527344,54.5,54.0,54.31999969482422,51.086219787597656,484900
2015-05-26,54.06999969482422,54.650001525878906,54.040000915527344,54.45000076293945,51.20847702026367,1830100
2015-05-27,54.630001068115234,54.97600173950195,53.93000030517578,54.66999816894531,51.41539001464844,1348900
2015-05-28,54.77000045776367,55.20000076293945,54.11000061035156,54.459999084472656,51.217891693115234,942100
2015-05-29,54.560001373291016,54.560001373291016,53.099998474121094,53.290000915527344,50.11753463745117,6042700
2015-06-01,53.45000076293945,53.7599983215332,52.4900016784668,53.470001220703125,50.286834716796875,748700
2015-06-02,53.41999816894531,53.97999954223633,53.060001373291016,53.619998931884766,50.42789840698242,672400
2015-06-03,53.869998931884766,54.150001525878906,53.369998931884766,53.709999084472656,50.51252365112305,717700
2015-06-04,53.7400016784668,53.84000015258789,53.400001525878906,53.619998931884766,50.42789840698242,546800
2015-06-05,53.5,53.66999816894531,53.20000076293945,53.43000030517578,50.24920654296875,809600
2015-06-08,53.31999969482422,53.58000183105469,52.59000015258789,52.810001373291016,49.6661262512207,475800
2015-06-09,52.869998931884766,53.040000915527344,52.16999816894531,52.4900016784668,49.36516571044922,1213700
2015-06-10,52.58000183105469,52.81999969482422,51.529998779296875,51.90999984741211,48.819698333740234,1034200
2015-06-11,52.150001525878906,52.25,51.22999954223633,51.2400016784668,48.18958282470703,1343100
2015-06-12,51.08000183105469,51.11399841308594,50.34000015258789,50.619998931884766,47.60649108886719,1571700
2015-06-15,51.56999969482422,51.875,50.34000015258789,51.369998931884766,48.31184387207031,1566000
2015-06-16,51.29999923706055,57.88999938964844,51.040000915527344,55.95000076293945,52.61919021606445,4769900
2015-06-17,56.099998474121094,56.619998931884766,54.69200134277344,54.75,51.490631103515625,1687600
2015-06-18,54.88999938964844,54.939998626708984,54.22999954223633,54.66999816894531,51.528324127197266,1202300
2015-06-19,54.790000915527344,56.040000915527344,54.38999938964844,54.619998931884766,51.481201171875,5203600
2015-06-22,54.279998779296875,55.560001373291016,53.810001373291016,55.54999923706055,52.357757568359375,1669100
2015-06-23,55.5,55.65999984741211,55.22999954223633,55.560001373291016,52.36717987060547,838500
2015-06-24,55.36000061035156,55.5,54.79999923706055,55.27000045776367,52.093849182128906,962200
2015-06-25,55.599998474121094,55.89500045776367,55.310001373291016,55.58000183105469,52.38603210449219,882300
2015-06-26,55.56999969482422,55.83000183105469,55.2599983215332,55.70000076293945,52.4991455078125,3034300
2015-06-29,55.09000015258789,55.5099983215332,54.380001068115234,54.43000030517578,51.302120208740234,1238000
2015-06-30,54.79999923706055,54.79999923706055,53.7599983215332,53.97999954223633,50.87797927856445,785300
2015-07-01,54.56999969482422,55.25,53.77000045776367,53.79999923706055,50.70832061767578,865900
2015-07-02,53.83000183105469,54.029998779296875,53.33000183105469,53.83000183105469,50.736610412597656,521500
2015-07-06,53.380001068115234,54.11000061035156,53.11000061035156,53.779998779296875,50.68946838378906,498600
2015-07-07,54.470001220703125,54.470001220703125,52.34000015258789,53.68000030517578,50.5952262878418,683400
2015-07-08,53.369998931884766,53.66999816894531,52.0,52.4900016784668,49.47360610961914,816200
2015-07-09,53.15999984741211,53.284000396728516,52.55799865722656,52.83000183105469,49.7940673828125,500900
2015-07-10,53.54999923706055,53.790000915527344,52.869998931884766,53.290000915527344,50.22761917114258,371000
2015-07-13,53.790000915527344,53.939998626708984,53.13999938964844,53.18000030517578,50.12394332885742,415800
2015-07-14,53.36000061035156,53.650001525878906,52.790000915527344,53.439998626708984,50.3690071105957,601900
2015-07-15,53.540000915527344,53.63999938964844,53.119998931884766,53.22999954223633,50.171085357666016,359500
2015-07-16,53.41999816894531,53.91999816894531,52.93000030517578,53.0,49.954288482666016,479300
2015-07-17,53.150001525878906,53.380001068115234,52.279998779296875,52.869998931884766,49.831764221191406,596200
2015-07-20,52.97999954223633,53.52000045776367,52.70000076293945,53.45000076293945,50.378440856933594,460000
2015-07-21,53.16999816894531,53.41999816894531,51.75,51.79999923706055,48.8232536315918,552000
2015-07-22,51.70000076293945,52.630001068115234,51.560001373291016,52.220001220703125,49.21912384033203,502800
2015-07-23,52.439998626708984,52.810001373291016,51.84000015258789,51.86000061035156,48.87981414794922,449300
2015-07-24,51.790000915527344,52.16999816894531,51.45000076293945,51.59000015258789,48.625328063964844,547900
2015-07-27,51.099998474121094,51.599998474121094,50.56999969482422,51.5,48.540489196777344,1682100
2015-07-28,51.369998931884766,51.834999084472656,51.369998931884766,51.40999984741211,48.45566940307617,1245200
2015-07-29,51.5,53.310001373291016,48.91999816894531,52.77000045776367,49.737518310546875,1626000
2015-07-30,52.63999938964844,52.65999984741211,51.15999984741211,51.52000045776367,48.55935287475586,911600
2015-07-31,51.75,51.90999984741211,51.369998931884766,51.63999938964844,48.672454833984375,1074400
2015-08-03,51.63999938964844,52.310001373291016,50.72999954223633,51.029998779296875,48.09748840332031,590200
2015-08-04,51.119998931884766,51.349998474121094,50.61000061035156,50.77000045776367,47.85245132446289,358600
2015-08-05,50.93000030517578,51.599998474121094,50.599998474121094,50.68000030517578,47.76762008666992,420300
2015-08-06,50.560001373291016,50.81999969482422,48.959999084472656,49.099998474121094,46.278404235839844,760300
2015-08-07,48.959999084472656,49.2400016784668,47.810001373291016,49.09000015258789,46.268978118896484,540500
2015-08-10,49.33000183105469,50.22999954223633,49.040000915527344,50.15999984741211,47.27749252319336,502600
2015-08-11,49.66999816894531,50.15999984741211,48.47999954223633,48.540000915527344,45.7505989074707,647600
2015-08-12,51.650001525878906,51.95000076293945,49.209999084472656,50.38999938964844,47.4942741394043,3144900
2015-08-13,50.0099983215332,50.849998474121094,48.74399948120117,50.38999938964844,47.4942741394043,1178600
2015-08-14,50.560001373291016,51.099998474121094,50.310001373291016,50.9900016784668,48.05979919433594,527600
2015-08-17,50.5,52.02000045776367,50.099998474121094,51.900001525878906,48.91751480102539,1211300
2015-08-18,51.83000183105469,52.45000076293945,49.810001373291016,49.88999938964844,47.02301025390625,761900
2015-08-19,49.779998779296875,49.95000076293945,48.900001525878906,49.31999969482422,46.48576736450195,579700
2015-08-20,48.630001068115234,49.40999984741211,48.119998931884766,48.75,45.94853210449219,679500
2015-08-21,48.459999084472656,49.15999984741211,47.84000015258789,48.5,45.712886810302734,948900
2015-08-24,45.95000076293945,47.599998474121094,40.52000045776367,46.59000015258789,43.912654876708984,2014300
2015-08-25,47.900001525878906,48.15999984741211,44.68000030517578,44.790000915527344,42.21609115600586,1213100
2015-08-26,45.75,47.96500015258789,45.31999969482422,47.650001525878906,44.911746978759766,1784300
2015-08-27,48.310001373291016,49.209999084472656,47.52000045776367,48.970001220703125,46.1558837890625,590900
2015-08-28,48.4900016784668,49.90999984741211,47.65999984741211,49.689998626708984,46.949554443359375,573400
2015-08-31,49.70000076293945,50.04999923706055,49.290000915527344,49.540000915527344,46.807823181152344,681700
2015-09-01,48.38999938964844,49.43000030517578,47.52000045776367,47.790000915527344,45.15433883666992,777600
2015-09-02,48.11000061035156,48.88999938964844,47.380001068115234,48.849998474121094,46.1558837890625,464900
2015-09-03,49.0099983215332,49.72999954223633,48.2599983215332,49.22999954223633,46.514923095703125,470900
2015-09-04,48.66999816894531,48.970001220703125,48.060001373291016,48.38999938964844,45.72125244140625,270700
2015-09-08,49.2400016784668,50.099998474121094,48.810001373291016,49.959999084472656,47.20466232299805,349200
2015-09-09,50.529998779296875,53.18000030517578,49.590999603271484,50.79999923706055,47.99833679199219,2123500
2015-09-10,50.7400016784668,51.72999954223633,50.470001220703125,50.91999816894531,48.111717224121094,1013600
2015-09-11,50.790000915527344,51.68000030517578,50.400001525878906,51.56999969482422,48.72587966918945,516400
2015-09-14,51.86000061035156,51.88999938964844,50.93000030517578,51.47999954223633,48.64083480834961,712400
2015-09-15,51.77000045776367,51.77000045776367,50.93000030517578,51.5099983215332,48.66918182373047,1369800
2015-09-16,51.68000030517578,55.0,50.970001220703125,51.709999084472656,48.858154296875,1141000
2015-09-17,51.9900016784668,52.04499816894531,51.040000915527344,51.459999084472656,48.621944427490234,1297500
2015-09-18,50.630001068115234,51.709999084472656,50.5099983215332,50.79999923706055,47.99833679199219,947800
2015-09-21,51.15999984741211,51.630001068115234,50.65999984741211,51.5,48.65974044799805,424200
2015-09-22,50.970001220703125,51.709999084472656,50.404998779296875,50.86000061035156,48.055030822753906,363200
2015-09-23,51.0,51.16999816894531,50.310001373291016,50.68000030517578,47.88496398925781,219900
2015-09-24,50.33000183105469,50.65999984741211,49.400001525878906,50.220001220703125,47.4503173828125,421100
2015-09-25,50.54999923706055,50.91999816894531,49.79999923706055,50.08000183105469,47.31804656982422,451800
2015-09-28,50.0,50.20000076293945,48.25400161743164,48.61000061035156,45.92912292480469,732400
2015-09-29,48.72999954223633,49.25,46.099998474121094,46.91999816894531,44.332313537597656,3061100
2015-09-30,47.68000030517578,49.56999969482422,46.9900016784668,47.779998779296875,45.14488983154297,1141100
2015-10-01,48.0,48.22999954223633,46.939998626708984,48.0099983215332,45.36219787597656,648300
2015-10-02,47.5099983215332,49.290000915527344,47.06399917602539,48.7400016784668,46.05195236206055,570800
2015-10-05,49.22999954223633,50.0,49.08000183105469,49.77000045776367,47.025146484375,911700
2015-10-06,49.40999984741211,49.65999984741211,48.709999084472656,49.529998779296875,46.79838180541992,470700
2015-10-07,49.790000915527344,49.9900016784668,49.0099983215332,49.900001525878906,47.14797592163086,649800
2015-10-08,49.689998626708984,49.77000045776367,49.09000015258789,49.7400016784668,46.996795654296875,460900
2015-10-09,50.0,50.849998474121094,49.380001068115234,50.709999084472656,47.913299560546875,650500
2015-10-12,50.59000015258789,50.75,49.672000885009766,50.029998779296875,47.27080535888672,466300
2015-10-13,49.720001220703125,50.099998474121094,48.119998931884766,48.79999923706055,46.108638763427734,398200
2015-10-14,49.16999816894531,50.119998931884766,48.54999923706055,48.61000061035156,45.92912292480469,420600
2015-10-15,48.40999984741211,49.31999969482422,48.40999984741211,49.18000030517578,46.46768569946289,536500
2015-10-16,49.11000061035156,49.4900016784668,48.7599983215332,49.45000076293945,46.72279739379883,303200
2015-10-19,49.189998626708984,50.040000915527344,49.099998474121094,49.439998626708984,46.71334457397461,502300
2015-10-20,49.349998474121094,49.41999816894531,48.779998779296875,49.34000015258789,46.61886215209961,291700
2015-10-21,49.4900016784668,49.779998779296875,48.755001068115234,49.43000030517578,46.703895568847656,339500
2015-10-22,49.7400016784668,50.08000183105469,49.150001525878906,49.459999084472656,46.73223876953125,569700
2015-10-23,49.81999969482422,49.9900016784668,48.83000183105469,49.88999938964844,47.138519287109375,689200
2015-10-26,49.439998626708984,50.5,48.939998626708984,49.72999954223633,46.98735809326172,264800
2015-10-27,49.56999969482422,50.20000076293945,48.84000015258789,49.34000015258789,46.61886215209961,534600
2015-10-28,49.4900016784668,50.59000015258789,49.119998931884766,50.52000045776367,47.7337760925293,447600
2015-10-29,50.27000045776367,50.52000045776367,49.349998474121094,49.38999938964844,46.666107177734375,280800
2015-10-30,49.7400016784668,50.099998474121094,49.13999938964844,49.790000915527344,47.044044494628906,432500
2015-11-02,49.70000076293945,50.7400016784668,49.689998626708984,50.54999923706055,47.76213073730469,690400
2015-11-03,49.869998931884766,51.0,48.16999816894531,50.81999969482422,48.01723098754883,675800
2015-11-04,51.0,51.36000061035156,50.18000030517578,50.400001525878906,47.62040710449219,517200
2015-11-05,50.810001373291016,51.0099983215332,50.0,50.08000183105469,47.31804656982422,565000
2015-11-06,49.869998931884766,50.040000915527344,49.310001373291016,49.709999084472656,46.96846008300781,226300
2015-11-09,49.56999969482422,49.7400016784668,48.52000045776367,49.25,46.533836364746094,288400
2015-11-10,49.0099983215332,49.31999969482422,48.439998626708984,49.04999923706055,46.344852447509766,322500
2015-11-11,49.290000915527344,49.66999816894531,48.7400016784668,48.939998626708984,46.24091339111328,320100
2015-11-12,48.939998626708984,49.29999923706055,47.709999084472656,47.75,45.116554260253906,338900
2015-11-13,47.560001373291016,47.72999954223633,46.209999084472656,46.709999084472656,44.133907318115234,442000
2015-11-16,46.40999984741211,46.790000915527344,45.08000183105469,46.7599983215332,44.181148529052734,1018700
2015-11-17,46.810001373291016,47.650001525878906,46.56999969482422,47.02000045776367,44.42680740356445,333000
2015-11-18,47.04999923706055,47.959999084472656,46.439998626708984,47.959999084472656,45.31496047973633,702900
2015-11-19,47.79999923706055,48.720001220703125,47.4900016784668,48.61000061035156,45.92912292480469,537800
2015-11-20,48.650001525878906,48.86000061035156,47.959999084472656,48.5099983215332,45.834625244140625,289100
2015-11-23,48.45000076293945,49.09000015258789,48.33000183105469,49.09000015258789,46.38264846801758,431800
2015-11-24,48.56999969482422,48.779998779296875,48.130001068115234,48.29999923706055,45.63622283935547,397900
2015-11-25,48.18000030517578,48.4900016784668,47.970001220703125,48.2400016784668,45.579524993896484,219000
2015-11-27,48.220001220703125,48.9900016784668,47.9900016784668,48.900001525878906,46.332786560058594,107800
2015-11-30,48.93000030517578,48.93000030517578,47.130001068115234,47.40999984741211,44.92101287841797,865600
2015-12-01,47.220001220703125,48.52000045776367,46.880001068115234,48.4900016784668,45.94430923461914,474500
2015-12-02,48.380001068115234,48.470001220703125,48.09000015258789,48.25,45.716915130615234,229300
2015-12-03,48.2400016784668,48.33000183105469,46.63999938964844,46.779998779296875,44.32408905029297,458000
2015-12-04,46.95000076293945,48.20000076293945,46.70000076293945,48.09000015258789,45.56531524658203,274600
2015-12-07,47.81999969482422,48.34000015258789,47.16999816894531,47.630001068115234,45.12945556640625,404700
2015-12-08,47.189998626708984,47.54999923706055,46.95000076293945,47.0099983215332,44.54201126098633,595500
2015-12-09,46.709999084472656,47.45600128173828,45.88999938964844,46.150001525878906,43.72715377807617,368300
2015-12-10,46.29999923706055,46.75,46.0099983215332,46.09000015258789,43.67031478881836,244600
2015-12-11,45.619998931884766,46.20500183105469,45.02000045776367,46.13999938964844,43.717689514160156,544800
2015-12-14,46.4900016784668,47.04999923706055,45.849998474121094,46.470001220703125,44.030357360839844,357300
2015-12-15,46.939998626708984,47.630001068115234,46.0099983215332,46.45000076293945,44.01140594482422,680200
2015-12-16,46.849998474121094,48.38999938964844,46.630001068115234,48.09000015258789,45.56531524658203,882200
2015-12-17,48.13999938964844,48.560001373291016,47.849998474121094,48.04999923706055,45.52741241455078,1381100
2015-12-18,47.7599983215332,48.0,45.709999084472656,45.7599983215332,43.357635498046875,1722900
2015-12-21,45.66999816894531,46.650001525878906,45.540000915527344,45.91999816894531,43.50922775268555,468900
2015-12-22,45.75,46.43000030517578,45.09000015258789,46.41999816894531,43.98297882080078,436200
2015-12-23,46.70000076293945,48.400001525878906,45.65999984741211,48.08000183105469,45.55583572387695,719300
2015-12-24,47.880001068115234,48.2400016784668,47.70000076293945,48.099998474121094,45.57478713989258,163300
2015-12-28,47.81999969482422,49.13999938964844,47.68000030517578,49.08000183105469,46.50334167480469,537900
2015-12-29,49.29999923706055,49.869998931884766,48.779998779296875,49.0,46.42753982543945,469500
2015-12-30,49.06999969482422,49.58000183105469,48.70000076293945,49.0099983215332,46.43700408935547,366500
2015-12-31,48.849998474121094,48.959999084472656,46.11000061035156,47.470001220703125,44.977874755859375,678400
2016-01-04,46.95000076293945,47.13999938964844,45.84000015258789,46.849998474121094,44.39041519165039,689300
2016-01-05,46.81999969482422,47.470001220703125,46.689998626708984,46.939998626708984,44.475677490234375,412200
2016-01-06,46.5,47.68000030517578,46.40999984741211,47.279998779296875,44.7978401184082,619900
2016-01-07,46.279998779296875,46.790000915527344,45.2400016784668,45.25,42.87440872192383,718100
2016-01-08,45.65999984741211,46.02000045776367,44.38999938964844,44.52000045776367,42.182735443115234,498100
2016-01-11,44.459999084472656,44.880001068115234,43.15999984741211,43.68000030517578,41.38684844970703,1215900
2016-01-12,44.2599983215332,44.900001525878906,43.2599983215332,44.540000915527344,42.20167922973633,1220500
2016-01-13,44.77000045776367,44.86899948120117,42.31999969482422,42.43000030517578,40.20245361328125,1295800
2016-01-14,42.630001068115234,43.939998626708984,42.380001068115234,43.689998626708984,41.396305084228516,888000
2016-01-15,42.400001525878906,43.349998474121094,41.86600112915039,42.959999084472656,40.70463180541992,2468400
2016-01-19,42.08000183105469,44.130001068115234,41.25,41.97999954223633,39.776084899902344,1181700
2016-01-20,41.18000030517578,43.0,39.66999816894531,42.36000061035156,40.136131286621094,1509700
2016-01-21,42.41999816894531,43.04999923706055,41.22999954223633,41.72999954223633,39.539207458496094,1293800
2016-01-22,42.220001220703125,43.4900016784668,42.08000183105469,43.29999923706055,41.02677536010742,788300
2016-01-25,43.18000030517578,43.31999969482422,42.63999938964844,42.939998626708984,40.6856803894043,928300
2016-01-26,43.0099983215332,43.75,42.75,43.68000030517578,41.38684844970703,612400
2016-01-27,43.41999816894531,43.97999954223633,43.0,43.540000915527344,41.25419235229492,603100
2016-01-28,44.02000045776367,44.20000076293945,43.290000915527344,44.119998931884766,41.80373001098633,700000
2016-01-29,44.41999816894531,45.130001068115234,43.59000015258789,44.04999923706055,41.73740768432617,2252400
2016-02-01,43.47999954223633,44.470001220703125,43.029998779296875,44.220001220703125,41.89848709106445,966600
2016-02-02,43.66999816894531,44.10499954223633,42.4900016784668,43.0,40.7425422668457,913400
2016-02-03,44.459999084472656,46.68000030517578,43.02000045776367,45.060001373291016,42.69438934326172,1878900
2016-02-04,45.38999938964844,45.52000045776367,43.66999816894531,44.63999938964844,42.29643249511719,1173300
2016-02-05,44.15999984741211,44.88999938964844,43.31999969482422,44.310001373291016,41.9837646484375,1285900
2016-02-08,43.66999816894531,44.2599983215332,42.0,43.619998931884766,41.32998275756836,1140900
2016-02-09,43.0099983215332,44.040000915527344,41.77000045776367,41.91999816894531,39.71922302246094,1384400
2016-02-10,42.22999954223633,43.22999954223633,42.08000183105469,42.540000915527344,40.30668640136719,941000
2016-02-11,41.68000030517578,42.369998931884766,40.33000183105469,42.04999923706055,39.84239959716797,568700
2016-02-12,42.5,42.915000915527344,41.54999923706055,42.209999084472656,39.9940071105957,521200
2016-02-16,42.68000030517578,43.029998779296875,42.34000015258789,42.88999938964844,40.6383056640625,636700
2016-02-17,43.310001373291016,43.66999816894531,42.93000030517578,43.29999923706055,41.02677536010742,1372000
2016-02-18,43.38999938964844,43.939998626708984,42.90999984741211,43.2400016784668,40.969940185546875,971200
2016-02-19,43.13999938964844,43.43000030517578,42.2599983215332,43.0099983215332,40.752010345458984,658300
2016-02-22,43.36000061035156,43.90999984741211,42.959999084472656,43.65999984741211,41.367881774902344,452700
2016-02-23,43.34000015258789,43.970001220703125,43.029998779296875,43.15999984741211,40.89413070678711,470900
2016-02-24,42.650001525878906,43.47999954223633,42.11000061035156,43.38999938964844,41.1120491027832,513100
2016-02-25,43.439998626708984,44.279998779296875,43.029998779296875,44.2599983215332,41.936378479003906,677000
2016-02-26,44.279998779296875,45.060001373291016,43.900001525878906,44.91999816894531,42.691951751708984,819900
2016-02-29,44.810001373291016,45.43000030517578,44.5099983215332,44.88999938964844,42.66343688964844,962500
2016-03-01,45.11000061035156,46.22999954223633,44.810001373291016,46.209999084472656,43.91796112060547,1010200
2016-03-02,46.0099983215332,46.375,45.65999984741211,46.130001068115234,43.8419303894043,483300
2016-03-03,45.93000030517578,46.29999923706055,44.90999984741211,46.209999084472656,43.91796112060547,489000
2016-03-04,46.150001525878906,47.150001525878906,45.72999954223633,47.11000061035156,44.7733268737793,694700
2016-03-07,46.83000183105469,47.47999954223633,46.15999984741211,46.95000076293945,44.62126159667969,560300
2016-03-08,46.77000045776367,46.77000045776367,45.279998779296875,45.34000015258789,43.091121673583984,729000
2016-03-09,45.540000915527344,46.15999984741211,44.810001373291016,45.56999969482422,43.309715270996094,440000
2016-03-10,45.84000015258789,46.84000015258789,44.5,45.0099983215332,42.77748489379883,430000
2016-03-11,45.33000183105469,45.68600082397461,43.310001373291016,45.36000061035156,43.11013412475586,387400
2016-03-14,45.209999084472656,45.29999923706055,44.790000915527344,44.9900016784668,42.75847625732422,585700
2016-03-15,44.66999816894531,45.33000183105469,44.380001068115234,44.90999984741211,42.682437896728516,479400
2016-03-16,44.869998931884766,45.470001220703125,44.86000061035156,45.27000045776367,43.02458572387695,318300
2016-03-17,45.310001373291016,46.099998474121094,45.13999938964844,45.65999984741211,43.39524841308594,497900
2016-03-18,45.40999984741211,46.349998474121094,45.22999954223633,46.20000076293945,43.908470153808594,1741500
2016-03-21,45.95000076293945,46.58000183105469,45.599998474121094,46.0,43.71837615966797,770300
2016-03-22,45.93000030517578,46.810001373291016,43.880001068115234,46.279998779296875,43.9844970703125,789800
2016-03-23,46.09000015258789,46.4900016784668,45.220001220703125,45.560001373291016,43.30021286010742,530000
2016-03-24,45.20000076293945,45.7599983215332,44.84000015258789,45.54999923706055,43.290706634521484,748100
2016-03-28,45.59000015258789,45.93000030517578,44.064998626708984,45.7599983215332,43.49028396606445,385200
2016-03-29,45.79999923706055,46.52000045776367,44.53499984741211,46.5,44.19357681274414,706100
2016-03-30,46.630001068115234,46.95000076293945,45.52000045776367,46.709999084472656,44.393165588378906,519800
2016-03-31,46.59000015258789,46.83000183105469,46.064998626708984,46.54999923706055,44.2411003112793,503400
2016-04-01,46.189998626708984,46.7400016784668,46.040000915527344,46.470001220703125,44.165069580078125,623600
2016-04-04,46.650001525878906,47.189998626708984,46.11000061035156,46.369998931884766,44.07002639770508,707800
2016-04-05,45.90999984741211,46.400001525878906,45.7599983215332,46.029998779296875,43.74689483642578,526800
2016-04-06,46.61000061035156,47.939998626708984,46.470001220703125,47.58000183105469,45.22001647949219,662100
2016-04-07,47.400001525878906,47.7400016784668,45.119998931884766,47.099998474121094,44.763824462890625,527600
2016-04-08,47.349998474121094,47.68000030517578,46.20000076293945,46.970001220703125,44.64026641845703,533400
2016-04-11,47.11000061035156,47.56999969482422,46.36000061035156,46.369998931884766,44.07002639770508,617900
2016-04-12,46.369998931884766,47.06999969482422,46.040000915527344,46.650001525878906,44.33613967895508,338900
2016-04-13,46.900001525878906,47.5,46.25400161743164,47.380001068115234,45.029937744140625,371700
2016-04-14,47.45000076293945,47.849998474121094,47.279998779296875,47.470001220703125,45.1154670715332,1612000
2016-04-15,47.380001068115234,47.709999084472656,46.53499984741211,47.505001068115234,45.14873504638672,508300
2016-04-18,47.220001220703125,47.869998931884766,46.81999969482422,47.599998474121094,45.23902130126953,552900
2016-04-19,47.790000915527344,48.0989990234375,47.38999938964844,47.65999984741211,45.29604721069336,337400
2016-04-20,47.58000183105469,47.7400016784668,47.189998626708984,47.4900016784668,45.13447570800781,284300
2016-04-21,47.43000030517578,47.90999984741211,46.900001525878906,47.5,45.14398193359375,493500
2016-04-22,47.31999969482422,47.970001220703125,46.86000061035156,47.599998474121094,45.23902130126953,854100
2016-04-25,47.5,47.93000030517578,47.2599983215332,47.5,45.14398193359375,528200
2016-04-26,47.63999938964844,47.900001525878906,47.18000030517578,47.459999084472656,45.10596466064453,323700
2016-04-27,47.29999923706055,48.099998474121094,47.29999923706055,48.02000045776367,45.6381950378418,492900
2016-04-28,47.79999923706055,48.369998931884766,47.61000061035156,47.70000076293945,45.33406448364258,356700
2016-04-29,47.66999816894531,47.823001861572266,47.11000061035156,47.56999969482422,45.210514068603516,628800
2016-05-02,47.5099983215332,48.34000015258789,47.20000076293945,47.27000045776367,44.925392150878906,961900
2016-05-03,46.959999084472656,47.7599983215332,46.560001373291016,47.029998779296875,44.69729995727539,601900
2016-05-04,50.0,50.56999969482422,48.08000183105469,49.29999923706055,46.85469436645508,2868400
2016-05-05,48.900001525878906,50.33000183105469,45.209999084472656,49.720001220703125,47.25387954711914,2318000
2016-05-06,49.34000015258789,50.11000061035156,49.27000045776367,50.029998779296875,47.54849624633789,1270900
2016-05-09,50.15999984741211,51.279998779296875,50.15999984741211,51.220001220703125,48.67947769165039,1031100
2016-05-10,51.290000915527344,51.84000015258789,51.04999923706055,51.59000015258789,49.0311279296875,864100
2016-05-11,51.70000076293945,51.900001525878906,51.33000183105469,51.52000045776367,48.9645881652832,489000
2016-05-12,51.52000045776367,51.97999954223633,51.27000045776367,51.939998626708984,49.36375045776367,583600
2016-05-13,51.84000015258789,52.0,51.28900146484375,51.63999938964844,49.07863998413086,422700
2016-05-16,51.81999969482422,52.380001068115234,51.66999816894531,52.099998474121094,49.51582336425781,1057900
2016-05-17,52.09000015258789,52.36000061035156,51.41999816894531,51.459999084472656,48.90755844116211,775300
2016-05-18,51.439998626708984,52.040000915527344,51.20000076293945,51.7599983215332,49.192684173583984,641600
2016-05-19,51.31999969482422,52.09000015258789,51.189998626708984,51.68000030517578,49.11665344238281,1187500
2016-05-20,51.9900016784668,53.0,51.52299880981445,52.900001525878906,50.276145935058594,965000
2016-05-23,52.779998779296875,53.099998474121094,52.439998626708984,52.88999938964844,50.26664352416992,521600
2016-05-24,53.25,54.4900016784668,52.70000076293945,54.459999084472656,51.758758544921875,803400
2016-05-25,54.40999984741211,55.0,54.40999984741211,54.9900016784668,52.26247787475586,949500
2016-05-26,54.880001068115234,55.20000076293945,54.47999954223633,54.75,52.03438186645508,481400
2016-05-27,54.7599983215332,55.36000061035156,54.40999984741211,55.15999984741211,52.424041748046875,772500
2016-05-31,55.20000076293945,55.459999084472656,54.9900016784668,55.29999923706055,52.55709457397461,930400
2016-06-01,55.0,55.84000015258789,54.683998107910156,55.38999938964844,52.64263153076172,651200
2016-06-02,55.380001068115234,55.90999984741211,55.18000030517578,55.900001525878906,53.127342224121094,544700
2016-06-03,55.75,56.11000061035156,55.09000015258789,55.959999084472656,53.18435287475586,1099400
2016-06-06,55.81999969482422,56.56999969482422,55.63999938964844,56.5099983215332,53.70707702636719,675400
2016-06-07,56.650001525878906,57.150001525878906,56.58000183105469,56.65999984741211,53.849647521972656,480200
2016-06-08,56.720001220703125,57.459999084472656,56.45000076293945,56.86000061035156,54.03972244262695,569400
2016-06-09,57.27000045776367,58.15999984741211,56.70000076293945,58.13999938964844,55.25623321533203,1096500
2016-06-10,57.83000183105469,58.0,56.9900016784668,57.040000915527344,54.21080017089844,767400
2016-06-13,56.34000015258789,56.849998474121094,55.16999816894531,55.939998626708984,53.16535186767578,1128400
2016-06-14,55.91999816894531,56.209999084472656,55.56999969482422,55.86000061035156,53.089324951171875,851100
2016-06-15,56.150001525878906,56.439998626708984,55.619998931884766,55.849998474121094,53.07981872558594,724800
2016-06-16,55.66999816894531,55.86000061035156,55.2599983215332,55.58000183105469,52.95120620727539,967100
2016-06-17,55.290000915527344,55.5,54.650001525878906,54.91999816894531,52.322418212890625,3953500
2016-06-20,55.59000015258789,56.459999084472656,55.4900016784668,56.119998931884766,53.465667724609375,549900
2016-06-21,55.95000076293945,56.54999923706055,55.90999984741211,56.189998626708984,53.532352447509766,514300
2016-06-22,56.11000061035156,57.290000915527344,55.470001220703125,55.4900016784668,52.86546325683594,1057900
2016-06-23,55.880001068115234,56.970001220703125,55.70000076293945,56.029998779296875,53.37990951538086,1294600
2016-06-24,53.939998626708984,54.944000244140625,53.47999954223633,54.56999969482422,51.98897933959961,2006300
2016-06-27,53.72999954223633,53.86000061035156,52.43000030517578,53.040000915527344,50.53133773803711,1131100
2016-06-28,53.439998626708984,54.09000015258789,53.31999969482422,53.790000915527344,51.245872497558594,1069800
2016-06-29,54.4900016784668,54.790000915527344,54.18000030517578,54.599998474121094,52.0175666809082,616100
2016-06-30,54.95000076293945,55.540000915527344,54.72999954223633,55.4900016784668,52.86546325683594,988500
2016-07-01,55.31999969482422,55.900001525878906,55.04999923706055,55.849998474121094,53.20842742919922,820100
2016-07-05,55.189998626708984,55.290000915527344,54.630001068115234,54.709999084472656,52.122352600097656,744000
2016-07-06,54.79999923706055,54.93000030517578,54.34000015258789,54.470001220703125,51.89370346069336,1136000
2016-07-07,54.650001525878906,54.970001220703125,54.4900016784668,54.75,52.16046142578125,688000
2016-07-08,55.45000076293945,55.599998474121094,54.97999954223633,55.25,52.63681411743164,1371200
2016-07-11,55.599998474121094,56.900001525878906,55.56999969482422,56.7599983215332,54.07539749145508,858900
2016-07-12,57.0,57.63999938964844,56.599998474121094,57.20000076293945,54.49458694458008,649400
2016-07-13,57.45000076293945,57.68000030517578,56.5099983215332,57.40999984741211,54.69466018676758,572000
2016-07-14,57.66999816894531,57.97999954223633,57.41999816894531,57.790000915527344,55.056678771972656,484100
2016-07-15,57.689998626708984,58.13999938964844,57.5,57.68000030517578,54.951881408691406,462200
2016-07-18,58.5,58.93000030517578,57.7400016784668,57.95000076293945,55.209110260009766,908200
2016-07-19,57.95000076293945,58.04999923706055,57.47999954223633,57.9900016784668,55.247215270996094,434300
2016-07-20,58.36000061035156,58.52000045776367,57.18000030517578,58.2400016784668,55.48538589477539,416100
2016-07-21,58.040000915527344,58.38999938964844,57.86000061035156,58.0,55.25674819946289,538900
2016-07-22,58.150001525878906,58.255001068115234,57.7400016784668,57.90999984741211,55.17100524902344,1538100
2016-07-25,57.70000076293945,58.13999938964844,57.5,57.869998931884766,55.13289260864258,891300
2016-07-26,57.75,58.119998931884766,56.983001708984375,58.099998474121094,55.35201644897461,970300
2016-07-27,58.16999816894531,58.209999084472656,57.560001373291016,57.93000030517578,55.19005584716797,594300
2016-07-28,57.939998626708984,58.18000030517578,57.540000915527344,57.709999084472656,54.98046112060547,704300
2016-07-29,57.83000183105469,58.029998779296875,57.499000549316406,57.790000915527344,55.056678771972656,1131800
2016-08-01,58.0,58.47999954223633,57.95000076293945,58.099998474121094,55.35201644897461,734000
2016-08-02,58.25,58.61000061035156,56.7400016784668,56.810001373291016,54.12303161621094,1239200
2016-08-03,57.5,60.09000015258789,57.0099983215332,58.54999923706055,55.78071975708008,2114600
2016-08-04,58.439998626708984,58.709999084472656,57.650001525878906,57.79999923706055,55.06620407104492,988200
2016-08-05,57.959999084472656,58.2400016784668,56.35100173950195,58.08000183105469,55.332969665527344,810700
2016-08-08,58.08000183105469,58.08000183105469,57.33000183105469,57.7400016784668,55.0090446472168,766900
2016-08-09,57.650001525878906,58.58000183105469,57.540000915527344,58.439998626708984,55.67593765258789,747800
2016-08-10,58.34000015258789,58.762001037597656,58.20000076293945,58.439998626708984,55.67593765258789,477700
2016-08-11,58.689998626708984,58.75,58.25,58.52000045776367,55.75215148925781,560100
2016-08-12,58.31999969482422,58.54999923706055,58.16999816894531,58.439998626708984,55.67593765258789,550400
2016-08-15,58.65999984741211,59.119998931884766,58.439998626708984,58.81999969482422,56.03795623779297,1070100
2016-08-16,58.529998779296875,58.68000030517578,58.209999084472656,58.34000015258789,55.58066940307617,1125000
2016-08-17,58.150001525878906,58.20000076293945,57.439998626708984,57.689998626708984,54.96141052246094,1129900
2016-08-18,57.56999969482422,57.91999816894531,57.4900016784668,57.650001525878906,54.92329025268555,1072100
2016-08-19,57.689998626708984,57.880001068115234,57.150001525878906,57.65999984741211,54.932823181152344,985600
2016-08-22,57.380001068115234,57.70000076293945,57.15999984741211,57.619998931884766,54.89471435546875,935900
2016-08-23,57.70000076293945,58.0,57.560001373291016,57.95000076293945,55.209110260009766,956300
2016-08-24,57.95000076293945,58.220001220703125,57.709999084472656,57.86000061035156,55.123374938964844,990200
2016-08-25,57.63999938964844,58.349998474121094,57.540000915527344,58.08000183105469,55.332969665527344,930700
2016-08-26,58.130001068115234,58.849998474121094,57.93000030517578,58.439998626708984,55.67593765258789,514500
2016-08-29,58.369998931884766,58.83000183105469,58.369998931884766,58.52000045776367,55.75215148925781,392000
2016-08-30,58.529998779296875,58.66999816894531,58.08000183105469,58.380001068115234,55.6187858581543,387100
2016-08-31,58.38999938964844,58.650001525878906,57.56999969482422,57.97999954223633,55.237693786621094,741200
2016-09-01,58.06999969482422,58.470001220703125,57.47200012207031,58.290000915527344,55.53303146362305,658900
2016-09-02,58.59000015258789,59.25,58.400001525878906,58.9900016784668,56.199920654296875,860100
2016-09-06,58.959999084472656,59.07500076293945,58.310001373291016,58.970001220703125,56.18086242675781,767600
2016-09-07,58.75,59.5,58.75,59.459999084472656,56.64768981933594,849400
2016-09-08,59.34000015258789,59.47999954223633,58.720001220703125,58.75,55.97127914428711,411400
2016-09-09,58.25,58.560001373291016,56.310001373291016,56.310001373291016,53.64668273925781,828300
2016-09-12,55.84000015258789,57.029998779296875,55.84000015258789,56.66999816894531,53.989654541015625,1103400
2016-09-13,56.20000076293945,56.849998474121094,55.220001220703125,55.54999923706055,52.9226188659668,1118100
2016-09-14,55.45000076293945,55.849998474121094,55.007999420166016,55.5099983215332,53.013343811035156,1185900
2016-09-15,55.47999954223633,56.400001525878906,55.36000061035156,56.150001525878906,53.624576568603516,619100
2016-09-16,55.88999938964844,56.33000183105469,55.744998931884766,56.06999969482422,53.54816818237305,1933900
2016-09-19,56.41999816894531,56.720001220703125,56.119998931884766,56.36000061035156,53.825130462646484,684900
2016-09-20,56.61000061035156,56.729000091552734,56.279998779296875,56.400001525878906,53.86332321166992,778100
2016-09-21,56.470001220703125,57.779998779296875,56.369998931884766,57.709999084472656,55.11439895629883,710700
2016-09-22,57.86000061035156,58.310001373291016,57.720001220703125,58.189998626708984,55.57280731201172,405200
2016-09-23,57.84000015258789,58.2400016784668,57.7599983215332,57.790000915527344,55.1908073425293,722500
2016-09-26,57.63999938964844,57.95000076293945,57.25,57.470001220703125,54.885189056396484,445000
2016-09-27,57.56999969482422,58.0,57.459999084472656,57.630001068115234,55.038002014160156,459000
2016-09-28,57.779998779296875,58.060001373291016,57.310001373291016,58.02000045776367,55.41045379638672,344900
2016-09-29,57.84000015258789,58.0,57.0,57.02000045776367,54.45542907714844,319900
2016-09-30,57.34000015258789,57.689998626708984,56.900001525878906,57.36000061035156,54.78014373779297,584100
2016-10-03,57.189998626708984,57.400001525878906,56.5099983215332,56.68000030517578,54.13072967529297,671900
2016-10-04,56.689998626708984,57.150001525878906,56.290000915527344,56.40999984741211,53.872867584228516,511800
2016-10-05,56.459999084472656,56.88999938964844,56.20500183105469,56.369998931884766,53.83467102050781,429100
2016-10-06,56.31999969482422,56.369998931884766,55.75,56.22999954223633,53.70097351074219,671100
2016-10-07,56.310001373291016,56.5099983215332,55.88999938964844,56.13999938964844,53.615013122558594,348700
2016-10-10,56.560001373291016,56.869998931884766,56.06999969482422,56.130001068115234,53.60546875,206300
2016-10-11,55.900001525878906,55.900001525878906,54.650001525878906,54.90999984741211,52.440338134765625,426300
2016-10-12,54.58000183105469,55.02000045776367,54.400001525878906,54.9900016784668,52.516746520996094,779500
2016-10-13,54.560001373291016,55.029998779296875,54.189998626708984,54.810001373291016,52.3448371887207,380900
2016-10-14,55.0099983215332,55.54999923706055,54.40999984741211,54.540000915527344,52.086978912353516,448000
2016-10-17,54.4900016784668,54.77000045776367,54.22999954223633,54.630001068115234,52.17293167114258,325500
2016-10-18,55.09000015258789,55.34000015258789,54.91999816894531,54.97999954223633,52.50718688964844,389400
2016-10-19,55.150001525878906,55.52000045776367,54.93000030517578,55.2599983215332,52.77459716796875,380200
2016-10-20,55.060001373291016,55.279998779296875,54.41999816894531,54.75,52.28753662109375,818200
2016-10-21,54.5099983215332,54.5099983215332,54.02000045776367,54.279998779296875,51.83867645263672,582700
2016-10-24,54.599998474121094,55.25,54.45000076293945,55.13999938964844,52.659996032714844,494100
2016-10-25,54.880001068115234,55.099998474121094,54.20000076293945,54.349998474121094,51.905521392822266,288200
2016-10-26,54.0099983215332,54.5,53.93000030517578,54.060001373291016,51.62856674194336,270300
2016-10-27,54.2599983215332,54.45000076293945,53.459999084472656,53.709999084472656,51.294307708740234,637900
2016-10-28,53.66999816894531,54.66999816894531,53.66999816894531,54.369998931884766,51.92463302612305,660100
2016-10-31,54.61000061035156,54.84000015258789,54.20000076293945,54.61000061035156,52.15382766723633,554900
2016-11-01,54.65999984741211,54.91999816894531,54.095001220703125,54.41999816894531,51.97237777709961,764100
2016-11-02,55.43000030517578,57.0,55.099998474121094,55.630001068115234,53.12795639038086,1329800
2016-11-03,55.59000015258789,56.40999984741211,53.869998931884766,56.15999984741211,53.63412857055664,925900
2016-11-04,56.08000183105469,56.44499969482422,55.63999938964844,55.66999816894531,53.16615676879883,448000
2016-11-07,56.68000030517578,57.06999969482422,56.2599983215332,56.9900016784668,54.42679214477539,885500
2016-11-08,56.779998779296875,57.2400016784668,56.58000183105469,56.72999954223633,54.17848205566406,447000
2016-11-09,55.77000045776367,56.5099983215332,55.04999923706055,56.369998931884766,53.83467102050781,491400
2016-11-10,56.86000061035156,56.86000061035156,54.540000915527344,55.099998474121094,52.621795654296875,691300
2016-11-11,54.959999084472656,56.119998931884766,54.560001373291016,55.88999938964844,53.376258850097656,469400
2016-11-14,56.34000015258789,56.58000183105469,55.540000915527344,55.7400016784668,53.233001708984375,665900
2016-11-15,56.0,56.31999969482422,55.75,56.029998779296875,53.50995635986328,694200
2016-11-16,56.029998779296875,57.41999816894531,55.90999984741211,57.31999969482422,54.741947174072266,533000
2016-11-17,57.2599983215332,58.220001220703125,57.2599983215332,58.18000030517578,55.563270568847656,607900
2016-11-18,58.290000915527344,58.59000015258789,57.68000030517578,57.79999923706055,55.200347900390625,570300
2016-11-21,58.130001068115234,58.279998779296875,57.400001525878906,58.27000045776367,55.64921188354492,556100
2016-11-22,57.9900016784668,58.470001220703125,57.41999816894531,58.400001525878906,55.77336883544922,673500
2016-11-23,58.400001525878906,58.849998474121094,58.165000915527344,58.68000030517578,56.04077911376953,572400
2016-11-25,58.540000915527344,59.02000045776367,58.5,58.900001525878906,56.25088882446289,284400
2016-11-28,58.90999984741211,59.08000183105469,58.5099983215332,58.90999984741211,56.26043701171875,708800
2016-11-29,59.08000183105469,59.22999954223633,58.59000015258789,58.650001525878906,56.01211929321289,739500
2016-11-30,58.61000061035156,58.61000061035156,57.2400016784668,57.70000076293945,55.104854583740234,1035800
2016-12-01,57.849998474121094,58.220001220703125,56.5,57.150001525878906,54.579593658447266,936200
2016-12-02,57.29999923706055,57.310001373291016,56.66999816894531,56.90999984741211,54.35038757324219,728000
2016-12-05,57.029998779296875,58.04999923706055,56.720001220703125,57.97999954223633,55.37226104736328,628900
2016-12-06,58.20000076293945,58.38999938964844,57.7400016784668,58.369998931884766,55.74471664428711,513000
2016-12-07,58.18000030517578,58.709999084472656,57.915000915527344,58.70000076293945,56.059879302978516,705900
2016-12-08,58.70000076293945,59.36000061035156,58.380001068115234,59.2599983215332,56.59469223022461,412600
2016-12-09,59.54999923706055,59.54999923706055,58.790000915527344,59.099998474121094,56.44188690185547,319700
2016-12-12,58.7599983215332,59.540000915527344,58.43000030517578,58.959999084472656,56.30818557739258,539000
2016-12-13,59.2599983215332,60.040000915527344,59.2599983215332,59.900001525878906,57.205902099609375,893900
2016-12-14,59.720001220703125,60.38999938964844,59.310001373291016,59.31999969482422,56.65198516845703,629600
2016-12-15,59.31999969482422,59.63999938964844,59.060001373291016,59.13999938964844,56.480079650878906,711400
2016-12-16,59.119998931884766,59.939998626708984,58.95899963378906,59.58000183105469,57.03532409667969,1522200
2016-12-19,59.81999969482422,60.599998474121094,59.27000045776367,60.54999923706055,57.96388244628906,1328000
2016-12-20,60.869998931884766,61.03200149536133,60.439998626708984,60.9900016784668,58.385093688964844,629200
2016-12-21,60.790000915527344,61.2130012512207,60.400001525878906,60.439998626708984,57.85857391357422,448600
2016-12-22,60.400001525878906,60.400001525878906,59.689998626708984,60.18000030517578,57.60969161987305,282700
2016-12-23,60.31999969482422,60.619998931884766,59.630001068115234,60.540000915527344,57.954315185546875,338300
2016-12-27,60.540000915527344,61.25,60.5099983215332,60.7599983215332,58.1649055480957,407900
2016-12-28,60.72999954223633,60.72999954223633,60.02000045776367,60.25,57.676700592041016,395900
2016-12-29,60.06999969482422,60.72999954223633,59.689998626708984,60.650001525878906,58.05961608886719,396500
2016-12-30,60.77000045776367,60.77000045776367,59.56999969482422,59.689998626708984,57.14060974121094,729300
